26|2026-09-16T21:54:42.8580000-04:00|751|Temperance|5.00|100288BD|Elie Glory|100F612E|Mr Toxic|00|205177|204515|2cfb02d52056a22b
38|2026-09-16T21:54:42.8580000-04:00|100288BD|Elie Glory|00646418|204515|204515|7300|10000|26||103.50|104.23|0.00|0.80|0|0|0|29D20030|44294183|100288BD|0|0|0|0|0|0|0750|40D30A3C|100288BD|0751|40A00000|100288BD|0|0|0|0643|4148E9AA|E0000000|29D90031|4026F8B2|100288BD|0A31|40A62C80|10020C04|0|0|0|0|0|0|0|0|0|0|0|0|0|0|0|0|0|0|0|0|0|0|0|0|0|0|0|0|0|0|0|0|0|0|0|0|0|0|0|0|0|0|0|0|0|0|0|0|0|0|0|0|0|0|0|0|0|0|0|0|0|0|0|0F28|414E76CF|100288BD|0|0|0|0|0|0|0F29|4184C267|100288BD|52f7aabfa2ae5246
26|2026-09-16T21:54:42.8580000-04:00|751|Temperance|5.00|100288BD|Elie Glory|100288BD|Elie Glory|00|204515|204515|ec1c8e314f09c628
38|2026-09-16T21:54:42.8580000-04:00|100D83F9|Stranjer Danger|0064641F|189931|226428|10000|10000|13||89.34|88.23|-0.00|-2.42|0|0|0|043C|4584FBA7|100D83F9|29CE0030|451996AB|100D83F9|29D60031|41106210|100D83F9|0A31|41D9E556|10020C04|0|0|0|0|0|0|0642|4148E9AA|E0000000|0|0|0|0751|40A00000|100288BD|0|0|0|0|0|0|0|0|0|0|0|0|0|0|0|0|0|0|0|0|0|0|0|0|0|0|0|0|0|0|0|0|0|0|0|0|0|0|0|0|0|0|0|0|0|0|0|0|0|0|0|0|0|0|0|0|0|0|0|0|0|0|0|0F28|415D74BF|100288BD|30f467ee550365bc
26|2026-09-16T21:54:42.8580000-04:00|751|Temperance|5.00|100288BD|Elie Glory|100D83F9|Stranjer Danger|00|226428|204515|dc9fd4c048593b99
38|2026-09-16T21:54:42.8580000-04:00|100B00B3|Skyler Phoenix|00646416|227580|227580|10000|10000|20||110.67|111.01|0.00|-2.08|0|0|0|29CE0030|451A4C2B|100B00B3|0643|41483158|E0000000|0|0|0|0|0|0|29D50031|4081264F|100B00B3|0|0|0|0751|40A00000|100288BD|0|0|0|0|0|0|0A31|41D9892D|10020C04|0748|401FDEF4|100B00B3|0|0|0|0|0|0|0|0|0|0|0|0|0|0|0|0|0|0|0|0|0|0|0|0|0|0|0|0|0|0|0|0|0|0|0|0|0|0|0|0|0|0|0|0|0|0|0|0|0|0|0|0|0|0|0|0|0|0|0|0|0F28|41542D13|100288BD|0AA0|41BF850C|100B00B3|435fd678cd3df747
26|2026-09-16T21:54:42.8580000-04:00|751|Temperance|5.00|100288BD|Elie Glory|100B00B3|Skyler Phoenix|00|227580|204515|2cfebaf44be35cd7
38|2026-09-16T21:54:42.8580000-04:00|1008704E|Arcane Valiance|00646420|244204|325219|2600|10000|0||111.25|111.19|0.00|-2.30|0|0|0|0A0168|41F00000|E0000000|0A31|41D9892D|10020C04|1E016C|41F00000|E0000000|29CE0030|44E90E35|1008704E|02E7|0|1008704E|0642|41483158|E0000000|0|0|0|29D50031|40BB8CCB|1008704E|0751|40A00000|100288BD|0|0|0|0|0|0|0|0|0|0|0|0|0|0|0|0|0|0|0|0|0|0|0|0|0|0|0|0|0|0|0|0|0|0|0|0|0|0|0|0|0|0|0|0|0|0|0|0|0|0|0|0|0|0|0|0|0|0|0|0|0|0|0|0F28|415876CC|100288BD|1acb39585af43a28
26|2026-09-16T21:54:42.8580000-04:00|751|Temperance|5.00|100288BD|Elie Glory|1008704E|Arcane Valiance|00|325219|204515|17492b1d1b5b6c7c
24|2026-09-16T21:54:42.8580000-04:00|100288BD|Elie Glory|HoT|0|484D|204515|204515|7300|10000|||103.50|104.23|0.00|0.80|100288BD|Elie Glory|0|204515|204515|7300|10000|||103.50|104.23|0.00|0.80|635057afbdf0aa03
38|2026-09-16T21:54:42.8580000-04:00|100288BD|Elie Glory|00646418|204515|204515|7300|10000|26||103.50|104.23|0.00|0.80|0|0|0|29D20030|44293EA2|100288BD|0|0|0|0|0|0|0750|40D19998|100288BD|0751|409E8F5C|100288BD|0|0|0|0643|41483158|E0000000|29D90031|4024176A|100288BD|0A31|40A4BBDC|10020C04|0|0|0|0|0|0|0|0|0|0|0|0|0|0|0|0|0|0|0|0|0|0|0|0|0|0|0|0|0|0|0|0|0|0|0|0|0|0|0|0|0|0|0|0|0|0|0|0|0|0|0|0|0|0|0|0|0|0|0|0|0|0|0|0F28|414DBE7D|100288BD|0|0|0|0|0|0|0F29|4184663E|100288BD|47055d350724fe56
00|2026-09-16T21:54:42.9300000-04:00|002B||Evil BatusaiDiabolos uses Total Eclipse.|16d9e68d4c8833d9
00|2026-09-16T21:54:42.9300000-04:00|002B||You cast Dosis III.|8ac44b944307d93e
00|2026-09-16T21:54:42.9300000-04:00|0029||   Chaos takes 41213 damage.|02f055fc1df6d1f9
37|2026-09-16T21:54:42.9020000-04:00|40002A6C|Exdeath|00003FF2|26095001||||||106.92|108.93|0.00|-3.03|b4ef779e64007ec4
37|2026-09-16T21:54:42.9020000-04:00|100F612E|Mr Toxic|00003FF2|205177|205177|8900|10000|23||103.50|104.78|0.00|0.69|2A00|0|0|01|1F000E5B|0|41F00000|100F612E|f19b86c3f41539c6
37|2026-09-16T21:54:42.9020000-04:00|100632C7|Evil Batusai|00003FF1|306265|325133|4500|10000|0||106.20|105.57|-0.02|-2.41|1300|0|0|01|04000000|0|0|E0000000|beb6fa1759e2cfea
38|2026-09-16T21:54:42.9020000-04:00|100F612E|Mr Toxic|0064642A|205177|205177|8900|10000|23||103.50|104.78|0.00|0.69|0|0|0|29CE0030|4427951A|100F612E|29D80031|40EA9F42|100F612E|0A31|41D92F10|10020C04|0|0|0|0|0|0|0642|41477D1F|E0000000|0751|409E978D|100288BD|0|0|0|0|0|0|0|0|0|0|0|0|0|0|0|0|0|0|0|0|0|0|0|0|0|0|0|0|0|0|0|0|0|0|0|0|0|0|0|0|0|0|0|0|0|0|0|0|0|0|0|0|0|0|0|0|0|0|0|0|0|0|0|0|0|0|0|0|0|0F28|41515816|100288BD|0E5B|41EFA5E3|100F612E|030E5A|80000000|100F612E|0E6B|80000000|100F612E|fba7133f6d746e83
38|2026-09-16T21:54:42.9020000-04:00|100632C7|Evil Batusai|00646413|306265|325133|4500|10000|0||106.20|105.57|-0.02|-2.41|0|0|0|0A2D|42700000|10020C04|29CE0030|4424BFB5|100632C7|4F|0|100632C7|0751|409D26E9|100288BD|0|0|0|0643|41477D1F|E0000000|0|0|0|0|0|0|0|0|0|0|0|0|0|0|0|4C|3F9A3CF8|100632C7|29D50031|4102D4BE|100632C7|0|0|0|0|0|0|0|0|0|0|0|0|0|0|0|0|0|0|0|0|0|0|0|0|0|0|0|0|0|0|0|0|0|0|0|0|0|0|0|0|0|0|0|0|0|0|0|0|0|0|0|0F28|4159E357|100288BD|5208aafdf8d14b4e
30|2026-09-16T21:54:42.9020000-04:00|A31|Eukrasian Prognosis|0.00|10020C04|Minda Silva|100632C7|Evil Batusai|00|325133|204515|2ab2a19f6b60e351
24|2026-09-16T21:54:42.9460000-04:00|100D83F9|Stranjer Danger|HoT|0|4EE2|189931|226428|10000|10000|||89.06|87.93|-0.00|-2.42|100288BD|Elie Glory|0|204515|204515|7300|10000|||103.52|104.22|-0.02|0.80|d047dc06c34a5b8c
38|2026-09-16T21:54:42.9460000-04:00|100D83F9|Stranjer Danger|0064641F|210125|226428|10000|10000|13||89.06|87.93|-0.00|-2.42|0|0|0|043C|4584FA97|100D83F9|29CE0030|4519948B|100D83F9|29D60031|410E414C|100D83F9|0A31|41D8D4F3|10020C04|0|0|0|0|0|0|0642|4146C8E6|E0000000|0|0|0|0751|409BBE76|100288BD|0|0|0|0|0|0|0|0|0|0|0|0|0|0|0|0|0|0|0|0|0|0|0|0|0|0|0|0|0|0|0|0|0|0|0|0|0|0|0|0|0|0|0|0|0|0|0|0|0|0|0|0|0|0|0|0|0|0|0|0|0|0|0|0F28|415B53FB|100288BD|4794d4b4edf93a67
261|2026-09-16T21:54:42.9390000-04:00|Change|100D83F9|Heading|-2.4167|PosX|88.8584|PosY|87.7156|PosZ|-0.0153|a6c2b8468e955b10
261|2026-09-16T21:54:42.9390000-04:00|Remove|40002B37|aca437da8053c53b
00|2026-09-16T21:54:42.9490000-04:00|0030||Evil BatusaiDiabolos loses the effect of Eukrasian Prognosis.|3ac7506c83242997
00|2026-09-16T21:54:42.9660000-04:00|0029||   Chaos takes 10326 damage.|eb92450476826efa
04|2026-09-16T21:54:42.9780000-04:00|40002B37|Esteem|00|64|1008704E|00||8229|10489|0|0|0|10000|||104.84|103.14|0.00|0.42|63fd2f80d30fcb68
00|2026-09-16T21:54:43.0050000-04:00|002B||Arcane ValianceJenova uses Bloodspiller.|87e6f38f4bebf364
00|2026-09-16T21:54:43.0050000-04:00|0029||   Critical! Chaos takes 80577 damage.|ecc47f14350b20e5
261|2026-09-16T21:54:43.0170000-04:00|Change|100288BD|CastBuffID|0|CastDurationCurrent|0.0000|CastDurationMax|0.0000|CastTargetID|E0000000|CurrentMP|7300|IsCasting1|0|IsCasting2|0|PosX|103.5510|PosY|104.1852|PosZ|-0.0020|6f044dbcffd418d4
37|2026-09-16T21:54:42.9920000-04:00|40002A6D|Chaos|00003FF5|23374024||||||106.71|107.35|0.00|0.87|dee82bacd826fbc3
21|2026-09-16T21:54:42.9920000-04:00|100B00B3|Skyler Phoenix|9058|Drakesbane|40002A6C|Exdeath|720003|E37E0000|F|7478000|11B|90588000|0|0|0|0|0|0|0|0|0|0|26216212|37552669|10000|10000|||106.92|108.93|0.00|-3.03|227580|227580|10000|10000|||110.67|111.01|0.00|-2.08|00003FFB|0|1|00||01|9058|9058|0.600|2B49|61112d3355242d50
264|2026-09-16T21:54:42.9920000-04:00|100B00B3|9058|00003FFB|0||||-2.079|40002A6C|d9a1f08761a318a6
38|2026-09-16T21:54:42.9920000-04:00|100B00B3|Skyler Phoenix|00646416|227580|227580|10000|10000|20||110.67|111.01|0.00|-2.08|0|0|0|29CE0030|451A4A07|100B00B3|0643|41460C7C|E0000000|0|0|0|0|0|0|29D50031|4079B92A|100B00B3|0|0|0|0751|409BB645|100288BD|0|0|0|0|0|0|0A31|41D876BE|10020C04|0748|40174B80|100B00B3|0|0|0|0|0|0|0|0|0|0|0|0|0|0|0|0|0|0|0|0|0|0|0|0|0|0|0|0|0|0|0|0|0|0|0|0|0|0|0|0|0|0|0|0|0|0|0|0|0|0|0|0|0|0|0|0|0|0747|C1F00000|100B00B3|0F28|41520837|100288BD|0AA0|41BE729D|100B00B3|979213371ceb92f0
26|2026-09-16T21:54:42.9920000-04:00|747|Draconian Fire|30.00|100B00B3|Skyler Phoenix|100B00B3|Skyler Phoenix|00|227580|227580|9ca04871e0549fd7
37|2026-09-16T21:54:43.0360000-04:00|40002A6D|Chaos|00003FF4|23293447||||||106.71|107.35|0.00|0.87|8428feda7efcf1b0
00|2026-09-16T21:54:43.1090000-04:00|0029||   Exdeath takes 10762 damage.|71ecb22c987612d5
22|2026-09-16T21:54:43.0810000-04:00|10020C04|Minda Silva|5EEB|Ixochole|10020C04|Minda Silva|4|7FAF0000|B|2BC8000|0|0|0|0|0|0|0|0|0|0|0|0|204515|204515|5000|10000|||101.38|103.86|0.00|0.99|204515|204515|5000|10000|||101.38|103.86|0.00|0.99|00003FFC|0|7|00||01|5EEB|5EEB|0.600|A85A|3abbbd2e882970b7
22|2026-09-16T21:54:43.0810000-04:00|10020C04|Minda Silva|5EEB|Ixochole|100F612E|Mr Toxic|4|7F2C0000|0|0|0|0|0|0|0|0|0|0|0|0|0|0|205177|205177|8900|10000|||103.50|104.78|0.00|0.69|204515|204515|5000|10000|||101.38|103.86|0.00|0.99|00003FFC|1|7|00||01|5EEB|5EEB|0.600|A85A|42f1be0171488cc4
22|2026-09-16T21:54:43.0810000-04:00|10020C04|Minda Silva|5EEB|Ixochole|100288BD|Elie Glory|4|80440000|0|0|0|0|0|0|0|0|0|0|0|0|0|0|204515|204515|7300|10000|||103.56|104.18|-0.00|0.80|204515|204515|5000|10000|||101.38|103.86|0.00|0.99|00003FFC|2|7|00||01|5EEB|5EEB|0.600|A85A|0485cea7b87d2b28
22|2026-09-16T21:54:43.0810000-04:00|10020C04|Minda Silva|5EEB|Ixochole|100632C7|Evil Batusai|4|7EF70000|0|0|0|0|0|0|0|0|0|0|0|0|0|0|306265|325133|4500|10000|||105.76|105.07|-0.02|-1.64|204515|204515|5000|10000|||101.38|103.86|0.00|0.99|00003FFC|3|7|00||01|5EEB|5EEB|0.600|A85A|901be20065a29209
22|2026-09-16T21:54:43.0810000-04:00|10020C04|Minda Silva|5EEB|Ixochole|100B00B3|Skyler Phoenix|200004|D5DC0000|0|0|0|0|0|0|0|0|0|0|0|0|0|0|227580|227580|10000|10000|||110.67|111.01|0.00|-2.08|204515|204515|5000|10000|||101.38|103.86|0.00|0.99|00003FFC|4|7|00||01|5EEB|5EEB|0.600|A85A|03f7b02f4e363eae
22|2026-09-16T21:54:43.0810000-04:00|10020C04|Minda Silva|5EEB|Ixochole|1003AAEE|Enri Haze|4|825B0000|0|0|0|0|0|0|0|0|0|0|0|0|0|0|227550|227550|10000|10000|||111.09|111.22|-0.00|-2.24|204515|204515|5000|10000|||101.38|103.86|0.00|0.99|00003FFC|5|7|00||01|5EEB|5EEB|0.600|A85A|dfd55e276fb5cd9a
22|2026-09-16T21:54:43.0810000-04:00|10020C04|Minda Silva|5EEB|Ixochole|1008704E|Arcane Valiance|200004|D06A0000|0|0|0|0|0|0|0|0|0|0|0|0|0|0|244204|325219|2600|10000|||111.25|111.19|0.00|-2.30|204515|204515|5000|10000|||101.38|103.86|0.00|0.99|00003FFC|6|7|00||01|5EEB|5EEB|0.600|A85A|9f251e5746493e66
264|2026-09-16T21:54:43.0810000-04:00|10020C04|5EEB|00003FFC|1|-0.015|-0.015|-0.015|0.990|10020C04|d9d2af6bf3a696c4
21|2026-09-16T21:54:43.0810000-04:00|100D83F9|Stranjer Danger|08|Shot|40002A6D|Chaos|724003|1F4B0000|0|0|0|0|0|0|0|0|0|0|0|0|0|0|23293447|37552669|10000|10000|||106.71|107.35|0.00|0.87|210125|226428|10000|10000|||88.53|87.34|-0.00|-2.41|00003FFD|0|1|00||01|08|08|0.100|1E8B|9b22cc8ce44f8910
264|2026-09-16T21:54:43.0810000-04:00|100D83F9|0008|00003FFD|0||||-2.392|40002A6D|cb6a81d44e140a7a
31|2026-09-16T21:54:43.0810000-04:00|10020C04|28|302|00|00|f199faece403730a
00|2026-09-16T21:54:43.1320000-04:00|002D||Evil BatusaiDiabolos's Kardia restores 14399 of his HP.|a100fd30b7c82dd3
24|2026-09-16T21:54:43.1250000-04:00|100632C7|Evil Batusai|HoT|A2C|383F|306265|325133|4500|10000|||105.76|105.07|-0.02|-1.64|10020C04|Minda Silva|0|204515|204515|5000|10000|||101.38|103.86|0.00|0.99|539ada546470a38a
37|2026-09-16T21:54:43.1250000-04:00|40002A6D|Chaos|00003FF7|23252234||||||106.71|107.35|0.00|0.87|e7b5744e68654b01
37|2026-09-16T21:54:43.1250000-04:00|40002A6C|Exdeath|00003FF5|26084239||||||106.92|108.93|0.00|-2.89|c81cd60b64c9978d
39|2026-09-16T21:54:43.1250000-04:00|100632C7|Evil Batusai|323915|325133|4700|10000|||105.76|105.07|-0.02|-1.64|926492d9aae510be
38|2026-09-16T21:54:43.1250000-04:00|100632C7|Evil Batusai|00646413|323915|325133|4700|10000|0||105.76|105.07|-0.02|-1.64|0|0|0|0A2D|42700000|10020C04|29CE0030|4424B16F|100632C7|4F|0|100632C7|0751|40960417|100288BD|0|0|0|0643|4143EBB8|E0000000|0|0|0|0|0|0|0|0|0|0|0|0|0|0|0|4C|3F7B6368|100632C7|29D50031|40FE86AD|100632C7|0|0|0|0|0|0|0|0|0|0|0|0|0|0|0|0|0|0|0|0|0|0|0|0|0|0|0|0|0|0|0|0|0|0|0|0|0|0|0|0|0|0|0|0|0|0|0|0|0|0|0|0F28|415651F0|100288BD|cd9ca7b4e7f6ab2d
261|2026-09-16T21:54:43.0960000-04:00|Change|100632C7|CurrentMP|4700|Heading|-1.0554|PosX|105.5215|PosY|104.8091|PosZ|-0.0153|900af844a68586da
21|2026-09-16T21:54:43.1700000-04:00|100D83F9|Stranjer Danger|1CF4|Heated Slug Shot|40002A6D|Chaos|38722003|D0750000|53E|A98000|11B|B348000|0|0|0|0|0|0|0|0|0|0|23293447|37552669|10000|10000|||106.71|107.35|0.00|0.87|210125|226428|10000|10000|||88.29|87.05|-0.00|-2.41|00003FFE|0|1|00||01|1CF4|1CF4|0.600|9DFB|8d2d3f9eb71de376
264|2026-09-16T21:54:43.1700000-04:00|100D83F9|1CF4|00003FFE|0||||0.736|40002A6D|6bace7c6e0bb97e6
00|2026-09-16T21:54:43.2170000-04:00|0029||Direct hit! Stranjer DangerSiren hits Chaos for 8011 damage.|136de5b073720022
00|2026-09-16T21:54:43.2850000-04:00|0029||Chaos hits Arcane ValianceJenova for 38356 damage.|3f5b5720a533d650
00|2026-09-16T21:54:43.3060000-04:00|002B||Elie GloryUltros uses Lucid Dreaming.|a48bc7a9cf28b21f
00|2026-09-16T21:54:43.3060000-04:00|002E||   Elie GloryUltros gains the effect of Lucid Dreaming.|6977b26346dc4b27
00|2026-09-16T21:54:43.3970000-04:00|0030||Arcane ValianceJenova loses the effect of Eukrasian Prognosis.|ae97efe9bede9cdd
00|2026-09-16T21:54:43.3970000-04:00|0029||Critical direct hit! Skyler PhoenixDiabolos hits Exdeath for 20733 damage.|2ea1a4fb0ac45a8e
37|2026-09-16T21:54:43.3490000-04:00|1008704E|Arcane Valiance|00003FFA|205848|325219|2600|10000|0||111.25|111.19|0.00|-2.30|2000|0|0|01|01000000|0|0|E0000000|d3ec2b2c14e6ef2e
38|2026-09-16T21:54:43.3490000-04:00|1008704E|Arcane Valiance|00646420|205848|325219|2600|10000|0||111.25|111.19|0.00|-2.30|0|0|0|0A0168|41F00000|E0000000|0|0|0|1E016C|41F00000|E0000000|29CE0030|44E8FE7F|1008704E|02E7|0|1008704E|0642|41405637|E0000000|0|0|0|29D50031|40ABD683|1008704E|0751|409049B8|100288BD|0|0|0|0|0|0|0|0|0|0|0|0|0|0|0|0|0|0|0|0|0|0|0|0|0|0|0|0|0|0|0|0|0|0|0|0|0|0|0|0|0|0|0|0|0|0|0|0|0|0|0|0|0|0|0|0|0|0|0|0|0|0|0|0F28|41509BAB|100288BD|031b01f541774ade
30|2026-09-16T21:54:43.3490000-04:00|A31|Eukrasian Prognosis|0.00|10020C04|Minda Silva|1008704E|Arcane Valiance|00|325219|204515|cffdd8b8c88c58ef
37|2026-09-16T21:54:43.3940000-04:00|100288BD|Elie Glory|00003FF9|204515|204515|7300|10000|26||103.85|104.22|-0.00|0.80|1800|0|0|01|010004B4|0|41A80000|100288BD|ee6b956a1cf90094
26|2026-09-16T21:54:43.3940000-04:00|4B4|Lucid Dreaming|21.00|100288BD|Elie Glory|100288BD|Elie Glory|00|204515|204515|31fa1c646abb732c
21|2026-09-16T21:54:43.3940000-04:00|100B00B3|Skyler Phoenix|07|attack|40002A6C|Exdeath|726003|50FD0000|0|0|0|0|0|0|0|0|0|0|0|0|0|0|26084239|37552669|10000|10000|||106.92|108.93|0.00|-2.73|227580|227580|10000|10000|||110.67|111.01|0.00|-2.08|00003FFF|0|1|00||01|07|07|0.197|2B49|908a693be611b7c5
261|2026-09-16T21:54:43.4120000-04:00|Change|10020C04|CastBuffID|0|CastDurationCurrent|0.0000|CastDurationMax|0.0000|CastTargetID|E0000000|CurrentMP|5000|IsCasting1|0|IsCasting2|0|bb5126a342a35471
264|2026-09-16T21:54:43.3940000-04:00|100B00B3|0007|00003FFF|0||||-2.079|40002A6C|560b6c0c865903fe
37|2026-09-16T21:54:43.4380000-04:00|40002A6D|Chaos|00003FF3|23212772||||||106.71|107.35|0.00|0.87|e9109aac789b7cf0
00|2026-09-16T21:54:43.5190000-04:00|002B||Mr ToxicDiabolos uses Subtractive Palette.|bf8fc1b19fa1ee82
00|2026-09-16T21:54:43.5190000-04:00|002E||   Mr ToxicDiabolos gains the effect of Subtractive Palette.|abb1603088eaf244
00|2026-09-16T21:54:43.5190000-04:00|002E||   Mr ToxicDiabolos gains the effect of Monochrome Tones.|3c19ec4af88829ec
24|2026-09-16T21:54:43.5280000-04:00|1008704E|Arcane Valiance|HoT|0|49AC|205848|325219|2600|10000|||111.25|111.19|0.00|-2.31|100288BD|Elie Glory|0|204515|204515|7300|10000|||104.01|104.26|-0.00|0.81|713beb511870a3bd
24|2026-09-16T21:54:43.5280000-04:00|100B00B3|Skyler Phoenix|HoT|0|486B|227580|227580|10000|10000|||110.67|111.01|0.00|-2.08|100B00B3|Skyler Phoenix|0|227580|227580|10000|10000|||110.67|111.01|0.00|-2.08|3b4614837df7e399
38|2026-09-16T21:54:43.5280000-04:00|100F612E|Mr Toxic|0064642A|205177|205177|8900|10000|23||103.46|104.83|-0.00|-0.05|0|0|0|29CE0030|44276D0A|100F612E|29D80031|40D6970E|100F612E|0A31|41D42D02|10020C04|0|0|0|0|0|0|0642|413D7909|E0000000|0751|408A8F59|100288BD|0|0|0|0|0|0|0|0|0|0|0|0|0|0|0|0|0|0|0|0|0|0|0|0|0|0|0|0|0|0|0|0|0|0|0|0|0|0|0|0|0|0|0|0|0|0|0|0|0|0|0|0|0|0|0|0|0|0|0|0|0|0|0|0|0|0|0|0|0|0F28|41475400|100288BD|0E5B|41EAA3D5|100F612E|030E5A|0|100F612E|0E6B|0|100F612E|bc86e63c3ba0ddd7
38|2026-09-16T21:54:43.5280000-04:00|1008704E|Arcane Valiance|00646420|224708|325219|2600|10000|0||111.25|111.19|0.00|-2.31|0|0|0|0A0168|41F00000|E0000000|0|0|0|1E016C|41F00000|E0000000|29CE0030|44E8F8C5|1008704E|02E7|0|1008704E|0642|413D7909|E0000000|0|0|0|29D50031|40A61C24|1008704E|0751|408A8F59|100288BD|0|0|0|0|0|0|0|0|0|0|0|0|0|0|0|0|0|0|0|0|0|0|0|0|0|0|0|0|0|0|0|0|0|0|0|0|0|0|0|0|0|0|0|0|0|0|0|0|0|0|0|0|0|0|0|0|0|0|0|0|0|0|0|0F28|414DBE7D|100288BD|706b0c6790a8e242
38|2026-09-16T21:54:43.5280000-04:00|100B00B3|Skyler Phoenix|00646416|227580|227580|10000|10000|20||110.67|111.01|0.00|-2.08|0|0|0|29CE0030|451A4177|100B00B3|0643|413D7909|E0000000|0|0|0|0|0|0|29D50031|40576B57|100B00B3|0|0|0|0751|408A8F59|100288BD|0|0|0|0|0|0|0A31|41D42D02|10020C04|0748|3FE9FB59|100B00B3|0|0|0|0|0|0|0|0|0|0|0|0|0|0|0|0|0|0|0|0|0|0|0|0|0|0|0|0|0|0|0|0|0|0|0|0|0|0|0|0|0|0|0|0|0|0|0|0|0|0|0|0|0|0|0|0|0|0747|C1F00000|100B00B3|0F28|414974C4|100288BD|0AA0|41BA28E1|100B00B3|e60bfdff0d0fadab
38|2026-09-16T21:54:43.5710000-04:00|40002A6D|Chaos|00646400|23212772|37552669|10000|10000|0||106.71|107.35|0.00|0.87|0|0|0|0A0A1A|41D7F35B|1003AAEE|0|0|0|0A9F|40C8C467|100B00B3|074F|4140D4B8|100288BD|0A38|419F22B1|10020C04|d728cbc1fabd1fd1
30|2026-09-16T21:54:43.5710000-04:00|F8|Circle of Scorn|0.00|100632C7|Evil Batusai|40002A6D|Chaos|00|37552669|325133|ea4e568bccfe81cb
00|2026-09-16T21:54:43.5750000-04:00|0031||Chaos recovers from the effect of Circle of Scorn.|dc2bc409e25c0c19
00|2026-09-16T21:54:43.6250000-04:00|002B||You use Ixochole.|c2aab4e2d1d11460
39|2026-09-16T21:54:43.6160000-04:00|100288BD|Elie Glory|204515|204515|7500|10000|||104.09|104.28|-0.01|0.81|526d7c4b229216e1
20|2026-09-16T21:54:43.6160000-04:00|100288BD|Elie Glory|6503|Glare III|40002A6D|Chaos|1.450|104.09|104.28|-0.01|0.81|eeb89f1b6e187ca2
263|2026-09-16T21:54:43.6160000-04:00|100288BD|6503|106.706|107.347|0.168|0.700|4c2710c5c017decd
21|2026-09-16T21:54:43.6160000-04:00|100632C7|Evil Batusai|07|attack|40002A6C|Exdeath|710003|15E80000|0|0|0|0|0|0|0|0|0|0|0|0|0|0|26084239|37552669|10000|10000|||106.92|108.93|0.00|-2.73|323915|325133|4700|10000|||105.01|104.24|-0.00|0.19|00004000|0|1|00||01|07|07|0.100|9DF7|4e019b90e25e2d2c
264|2026-09-16T21:54:43.6160000-04:00|100632C7|0007|00004000|0||||0.736|40002A6C|5e2c7a332fd27c73
00|2026-09-16T21:54:43.6650000-04:00|002D||   You recover 32687 HP.|5c43bdbcd2a29ff1
00|2026-09-16T21:54:43.6650000-04:00|002D||   You recover 700 MP.|ed629220505ae018
00|2026-09-16T21:54:43.6650000-04:00|002B||Elie GloryUltros begins casting Glare III.|44239706be76900c
261|2026-09-16T21:54:43.7100000-04:00|Change|40002A31|ModelStatus|2048|PCTargetID|0|Radius|2.8650|7f3c31736fbe8c9e
261|2026-09-16T21:54:43.7460000-04:00|Change|100F612E|CurrentMP|8500|Heading|0.7110|PosX|103.4332|PosY|104.8541|PosZ|-0.0027|a06b9fdd9dc71793
261|2026-09-16T21:54:43.7460000-04:00|Change|40002A31|ModelStatus|0|PCTargetID|10020C04|Radius|3.3121|3d9fea2ce26bfe9e
22|2026-09-16T21:54:43.6610000-04:00|100F612E|Mr Toxic|8767|Comet in Black|40002A6D|Chaos|754003|B3470000|0|0|0|0|0|0|0|0|0|0|0|0|0|0|23212772|37552669|10000|10000|||106.71|107.35|0.00|0.87|205177|205177|8900|10000|||103.44|104.85|-0.00|-0.38|00004001|0|2|00||01|8767|8767|0.600|9CF7|bed8977bf6b182ab
22|2026-09-16T21:54:43.6610000-04:00|100F612E|Mr Toxic|8767|Comet in Black|40002A6C|Exdeath|754003|3334002|0|0|0|0|0|0|0|0|0|0|0|0|0|0|26084239|37552669|10000|10000|||106.92|108.93|0.00|-2.73|205177|205177|8900|10000|||103.44|104.85|-0.00|-0.38|00004001|1|2|00||01|8767|8767|0.600|9CF7|ffcbbc792e1899d3
264|2026-09-16T21:54:43.6610000-04:00|100F612E|8767|00004001|1|-0.015|-0.015|-0.015|0.711|40002A6C|6cbd3a83cef4f5eb
38|2026-09-16T21:54:43.6610000-04:00|100F612E|Mr Toxic|0064642A|205177|205177|8500|10000|23||103.44|104.85|-0.00|-0.38|0|0|0|29CE0030|44276487|100F612E|29D80031|40D25584|100F612E|0A31|41D31CA0|10020C04|0|0|0|0|0|0|0642|413B5844|E0000000|0751|40864DCF|100288BD|0|0|0|0|0|0|0|0|0|0|0|0|0|0|0|0|0|0|0|0|0|0|0|0|0|0|0|0|0|0|0|0|0|0|0|0|0|0|0|0|0|0|0|0|0|0|0|0|0|0|0|0|0|0|0|0|0|0|0|0|0|0|0|0|0|0|0|0|0|0F28|4145333B|100288BD|0E5B|41E99373|100F612E|030E5A|0|100F612E|82e46d76ad5000ab
30|2026-09-16T21:54:43.6610000-04:00|E6B|Monochrome Tones|0.00|100F612E|Mr Toxic|100F612E|Mr Toxic|00|205177|205177|92b2b6c48c9c12fb
21|2026-09-16T21:54:43.7050000-04:00|1008704E|Arcane Valiance|07|attack|40002A6D|Chaos|712003|2DA00000|0|0|0|0|0|0|0|0|0|0|0|0|0|0|23212772|37552669|10000|10000|||106.71|107.35|0.00|0.87|224708|325219|2600|10000|||111.25|111.19|0.00|-2.30|00004002|0|1|00||01|07|07|0.100|2266|4b0b9fba314f93ea
264|2026-09-16T21:54:43.7050000-04:00|1008704E|0007|00004002|0||||-2.297|40002A6D|4691567321150fb2
38|2026-09-16T21:54:43.7050000-04:00|40002A6C|Exdeath|00646400|26084239|37552669|10000|10000|0||106.92|108.93|0.00|-2.73|0|0|0|074F|411F53B5|100288BD|0|0|0|0A9F|41954591|100B00B3|0A38|416C4551|10020C04|46e2f2b47bc1f9d8
30|2026-09-16T21:54:43.7050000-04:00|F8|Circle of Scorn|0.00|100632C7|Evil Batusai|40002A6C|Exdeath|00|37552669|325133|1c40597b7d053f2a
00|2026-09-16T21:54:43.7130000-04:00|0030||Mr ToxicDiabolos loses the effect of Monochrome Tones.|4e677882692827a1
00|2026-09-16T21:54:43.7130000-04:00|0031||Exdeath recovers from the effect of Circle of Scorn.|f56213d54563de88
00|2026-09-16T21:54:43.7130000-04:00|0029||Critical! Arcane ValianceJenova hits Chaos for 11680 damage.|b026e7e40e942e63
00|2026-09-16T21:54:43.7600000-04:00|002D||   Mr ToxicDiabolos recovers 32556 HP.|b9993bf0e5efdff6
00|2026-09-16T21:54:43.7770000-04:00|002B||You begin casting Dosis III.|b4994a71b4e12217
37|2026-09-16T21:54:43.8380000-04:00|10020C04|Minda Silva|00003FFC|204515|204515|5700|10000|23||101.38|103.86|0.00|0.99|2800|0|0|0|2bfab32679051279
37|2026-09-16T21:54:43.8380000-04:00|40002A6D|Chaos|00003FFD|23204761||||||106.71|107.35|0.00|0.87|96042fbd9b549bb2
00|2026-09-16T21:54:43.8610000-04:00|002D||   Elie GloryUltros recovers 32836 HP.|c753126f79daf4c0
00|2026-09-16T21:54:43.8770000-04:00|002B||Stranjer DangerSiren uses Heated Slug Shot.|16ca0916fb49660d
00|2026-09-16T21:54:43.8770000-04:00|0029||   Critical! Chaos takes 53365(+56%) damage.|57bfffbd8ddb2c9f
00|2026-09-16T21:54:43.9950000-04:00|002B||Exdeath readies Vacuum Wave.|59986f2ca8db5a98
00|2026-09-16T21:54:43.9950000-04:00|002B||Chaos readies Umbra Smash.|02babf70b7baab0e
261|2026-09-16T21:54:43.9210000-04:00|Change|40002A6C|CastBuffID|47891|CastDurationCurrent|0.0177|CastDurationMax|7.7000|CastTargetID|40002A6C|Heading|-2.7343|IsCasting1|1|IsCasting2|1|PosX|106.9199|PosY|108.9341|PosZ|0.0000|db1bdec7bae6272d
261|2026-09-16T21:54:43.9210000-04:00|Change|40002A6D|CastBuffID|47872|CastDurationCurrent|0.0177|CastGroundTargetX|87.3273|CastGroundTargetY|85.7709|CastGroundTargetZ|-0.0153|CastTargetID|E0000000|Heading|0.9808|IsCasting1|1|c31595506f2a4ee7
37|2026-09-16T21:54:43.9260000-04:00|40002A6C|Exdeath|00003FFF|26063506||||||106.92|108.93|0.00|-2.73|855b794593e4cc5f
37|2026-09-16T21:54:43.9260000-04:00|100B00B3|Skyler Phoenix|00003FFF|227580|227580|10000|10000|20||110.67|111.01|0.00|-2.08|1600|0|0|01|1E000747|0|C1F00000|100B00B3|94ffbda58cfd4de7
270|2026-09-16T21:54:43.9270000-04:00|40002A6D|-2.6280|0000|005A|106.7063|107.3472|0.1678|eb99e8797fc88676
20|2026-09-16T21:54:43.9270000-04:00|10020C04|Minda Silva|5EF8|Dosis III|40002A6D|Chaos|1.443|101.38|103.86|0.00|0.99|7b45c9968f826a21
263|2026-09-16T21:54:43.9270000-04:00|10020C04|5EF8|106.706|107.347|0.168|0.990|86469950b3a981d3
37|2026-09-16T21:54:43.9900000-04:00|40002A6D|Chaos|00003FFE|23151396||||||106.71|107.35|0.00|0.87|8f2c5459671de088
20|2026-09-16T21:54:43.9900000-04:00|40002A6C|Exdeath|BB13|Vacuum Wave|40002A6C|Exdeath|7.700|106.92|108.93|0.00|-2.73|9df335def3eb3306
263|2026-09-16T21:54:43.9900000-04:00|40002A6C|BB13|106.920|108.934|0.168|-2.731|a52014c00d04151e
20|2026-09-16T21:54:43.9900000-04:00|40002A6D|Chaos|BB00|Umbra Smash|E0000000||4.700|106.71|107.35|0.00|0.87|3a8af0cb473ef560
263|2026-09-16T21:54:43.9900000-04:00|40002A6D|BB00|87.327|85.771|-0.015|-3.142|0f3f852c1673be6b
39|2026-09-16T21:54:43.9900000-04:00|100F612E|Mr Toxic|205177|205177|8700|10000|||103.48|104.92|-0.00|0.72|f01a78c4a1091986
261|2026-09-16T21:54:44.0370000-04:00|Change|100288BD|CastBuffID|25859|CastDurationCurrent|0.3950|CastDurationMax|1.4500|CastTargetID|40002A6D|CurrentMP|7500|Heading|0.7307|IsCasting1|1|IsCasting2|1|PosX|104.1428|PosY|104.2954|PosZ|0.0000|5a11a92b7f2ed7c4
00|2026-09-16T21:54:44.0640000-04:00|002D||   Evil BatusaiDiabolos recovers 32503 HP.|c72ba23c713f3e4b
21|2026-09-16T21:54:44.0180000-04:00|1003AAEE|Enri Haze|07|attack|40002A6D|Chaos|710003|219F0000|0|0|0|0|0|0|0|0|0|0|0|0|0|0|23204761|37552669|10000|10000|||106.71|107.35|0.00|0.87|227550|227550|10000|10000|||109.18|109.82|-0.01|-2.37|00004003|0|1|00||01|07|07|0.100|1F30|64b001449fe58f28
264|2026-09-16T21:54:44.0180000-04:00|1003AAEE|0007|00004003|0||||-2.376|40002A6D|6eaf29b0e6cfc88d
00|2026-09-16T21:54:44.0230000-04:00|0029||Evil BatusaiDiabolos hits Exdeath for 5608 damage.|0dac257005aced92
00|2026-09-16T21:54:44.0230000-04:00|0029||Enri HazeSiren hits Chaos for 8607 damage.|2af53b0b07540302
37|2026-09-16T21:54:44.1490000-04:00|40002A6C|Exdeath|00004000|26057898||||||106.92|108.93|0.00|-2.73|cbe9dc3f1c4c4232
38|2026-09-16T21:54:44.1490000-04:00|100632C7|Evil Batusai|00646413|323915|325133|4700|10000|0||104.76|103.96|-0.00|2.05|0|0|0|0A2D|42700000|10020C04|29CE0030|44246FE6|100632C7|4F|0|100632C7|0751|406A7EF1|100288BD|0|0|0|0643|4133896D|E0000000|0|0|0|0|0|0|0|0|0|0|0|0|0|0|0|0|0|0|29D50031|40DDC20C|100632C7|0|0|0|0|0|0|0|0|0|0|0|0|0|0|0|0|0|0|0|0|0|0|0|0|0|0|0|0|0|0|0|0|0|0|0|0|0|0|0|0|0|0|0|0|0|0|0|0|0|0|0|0F28|4145EFA5|100288BD|0e068afed8ea1bbe
26|2026-09-16T21:54:44.1490000-04:00|A2D|Kardion|60.00|10020C04|Minda Silva|100632C7|Evil Batusai|00|325133|204515|a40dc473694cc0f2
30|2026-09-16T21:54:44.1490000-04:00|4C|Fight or Flight|0.00|100632C7|Evil Batusai|100632C7|Evil Batusai|00|325133|325133|ba8ddfda0053c4b6
00|2026-09-16T21:54:44.1540000-04:00|0030||Evil BatusaiDiabolos loses the effect of Fight or Flight.|78215f286c1af6a9
00|2026-09-16T21:54:44.1890000-04:00|002D||   Critical! Skyler PhoenixDiabolos recovers 54748 HP.|51c29bdb11b74120
37|2026-09-16T21:54:44.2380000-04:00|100632C7|Evil Batusai|00003FFC|325133||||||104.75|103.95|-0.00|2.52|532444948b497ed1
37|2026-09-16T21:54:44.2380000-04:00|40002A6D|Chaos|00004002|23139716||||||106.71|107.35|0.00|1.97|adab2f3a1e794aba
270|2026-09-16T21:54:44.2380000-04:00|40002A6D|-2.4094|0000|005A|106.7063|107.3472|0.1678|37660216acc3c014
261|2026-09-16T21:54:44.2530000-04:00|Change|40002A6D|CastDurationCurrent|0.2868|Heading|2.6233|PosX|106.7063|PosY|107.3472|PosZ|0.0000|85f4c5acdea8c8c0
00|2026-09-16T21:54:44.3000000-04:00|002B||The Automaton Queen uses Crowned Collider.|6439d5b36c8517ab
00|2026-09-16T21:54:44.3000000-04:00|0029||   Chaos takes 56216 damage.|82c4ab9ac299f91e
00|2026-09-16T21:54:44.3170000-04:00|002D||   Enri HazeSiren recovers 33371 HP.|8b5185f8f9a935b8
261|2026-09-16T21:54:44.4050000-04:00|Change|10020C04|CastBuffID|24312|CastDurationCurrent|0.6301|CastDurationMax|1.4430|CastTargetID|40002A6D|CurrentMP|5700|IsCasting1|1|IsCasting2|1|1c548447a9627396
00|2026-09-16T21:54:44.4250000-04:00|0030||Enri HazeSiren loses the effect of Executioner.|a8972acd308bf4b8
00|2026-09-16T21:54:44.4250000-04:00|0030||Enri HazeSiren loses the effect of Enhanced Gibbet.|88ef6a4db37da2a1
37|2026-09-16T21:54:44.3740000-04:00|100B00B3|Skyler Phoenix|00003FFC|227580|227580|10000|10000|20||110.67|111.01|0.00|-2.08|1604|0|0|01|1E000747|0|C1F00000|100B00B3|69d2d1996e802bf9
37|2026-09-16T21:54:44.3740000-04:00|40002A6D|Chaos|00003FF6|23083500||||||106.71|107.35|0.00|2.68|591d233a733c2015
21|2026-09-16T21:54:44.3740000-04:00|1003AAEE|Enri Haze|906A|Executioner's Gibbet|40002A6D|Chaos|7710003|159B4001|F|A1D8000|A3E|1018000|0|0|0|0|0|0|0|0|0|0|23139716|37552669|10000|10000|||106.71|107.35|0.00|2.68|227550|227550|10000|10000|||109.18|109.82|0.00|-2.38|00004004|0|1|00||01|906A|906A|0.600|1FF2|baef1dd5f91c3c02
264|2026-09-16T21:54:44.3740000-04:00|1003AAEE|906A|00004004|0||||-2.358|40002A6D|ba7066e31dafc0c5
22|2026-09-16T21:54:44.3740000-04:00|100D83F9|Stranjer Danger|41F9|Tactician|100D83F9|Stranjer Danger|F10E|79F0000|0|0|0|0|0|0|0|0|0|0|0|0|0|0|210125|226428|10000|10000|||87.33|85.77|-0.00|2.61|210125|226428|10000|10000|||87.33|85.77|-0.00|2.61|00004005|0|5|00||01|41F9|41F9|0.600|DF23|6eb8f2b8e060e118
22|2026-09-16T21:54:44.3740000-04:00|100D83F9|Stranjer Danger|41F9|Tactician|10020C04|Minda Silva|F10E|79F0000|0|0|0|0|0|0|0|0|0|0|0|0|0|0|204515|204515|5700|10000|||101.38|103.86|0.00|0.99|210125|226428|10000|10000|||87.33|85.77|-0.00|2.61|00004005|1|5|00||01|41F9|41F9|0.600|DF23|48d3a0b4cdad74ce
22|2026-09-16T21:54:44.3740000-04:00|100D83F9|Stranjer Danger|41F9|Tactician|100288BD|Elie Glory|F10E|79F0000|0|0|0|0|0|0|0|0|0|0|0|0|0|0|204515|204515|7500|10000|||104.14|104.30|0.00|0.70|210125|226428|10000|10000|||87.33|85.77|-0.00|2.61|00004005|2|5|00||01|41F9|41F9|0.600|DF23|71473f276a08ee48
22|2026-09-16T21:54:44.3740000-04:00|100D83F9|Stranjer Danger|41F9|Tactician|100632C7|Evil Batusai|F10E|79F0000|0|0|0|0|0|0|0|0|0|0|0|0|0|0|325133|325133|4700|10000|||104.69|103.99|-0.02|2.72|210125|226428|10000|10000|||87.33|85.77|-0.00|2.61|00004005|3|5|00||01|41F9|41F9|0.600|DF23|57f53c4e294ce804
22|2026-09-16T21:54:44.3740000-04:00|100D83F9|Stranjer Danger|41F9|Tactician|100F612E|Mr Toxic|F10E|79F0000|0|0|0|0|0|0|0|0|0|0|0|0|0|0|205177|205177|8700|10000|||103.59|105.06|-0.01|0.74|210125|226428|10000|10000|||87.33|85.77|-0.00|2.61|00004005|4|5|00||01|41F9|41F9|0.600|DF23|d0c9bd62f5130465
264|2026-09-16T21:54:44.3740000-04:00|100D83F9|41F9|00004005|1|-0.015|-0.015|-0.015|2.335|100D83F9|f4e98106fccd7dd5
38|2026-09-16T21:54:44.3740000-04:00|40002BA2|Automaton Queen|00646400|206573|215512|10000|10000|0||99.81|105.94|0.00|1.37|0|0|0|29CE0030|45197DBE|100D83F9|29D60031|40EED89E|100D83F9|f366b0c50ebfff70
30|2026-09-16T21:54:44.3740000-04:00|7AE|Summon Order IV|0.00|40002A6D|Chaos|40002BA2|Automaton Queen|01|215512|37552669|c3e932612e9eefd7
38|2026-09-16T21:54:44.3740000-04:00|1003AAEE|Enri Haze|00646427|227550|227550|10000|10000|22||109.18|109.82|0.00|-2.38|0|0|0|29CE0030|4420E946|1003AAEE|0|0|0|0751|405C28EC|100288BD|0|0|0|0|0|0|0642|412FF3EC|E0000000|0|0|0|0|0|0|0A31|406881E9|10020C04|0|0|0|0|0|0|0|0|0|0|0|0|0|0|0|0|0|0|0|0|0|0|0|0|0|0|0|0|0|0|0|0|0|0|0|0|0|0|0|0|0|0|0|0|0|0|0|0|0|0|0|0|0|0|0|0|0|0|0|0|0|0|0|0A1D|C2700000|1003AAEE|04E2|40E3439A|1003AAEE|0F28|413E189C|100288BD|25f96ef1f99ead12
30|2026-09-16T21:54:44.3740000-04:00|F12|Executioner|0.00|1003AAEE|Enri Haze|1003AAEE|Enri Haze|01|227550|227550|ecf39c476c42b9a6
26|2026-09-16T21:54:44.3740000-04:00|A1D|Enhanced Gallows|60.00|1003AAEE|Enri Haze|1003AAEE|Enri Haze|00|227550|227550|57877a63f420d93a
30|2026-09-16T21:54:44.3740000-04:00|A1C|Enhanced Gibbet|0.00|1003AAEE|Enri Haze|1003AAEE|Enri Haze|00|227550|227550|1929deac1d93e8a9
00|2026-09-16T21:54:44.4530000-04:00|002D||   Critical! Arcane ValianceJenova recovers 53354 HP.|89f0f76050e8cacf
37|2026-09-16T21:54:44.5060000-04:00|1003AAEE|Enri Haze|00003FFC|227550|227550|10000|10000|22||109.18|109.82|0.00|-2.38|2705|0|0|01|1E000A1D|0|C2700000|1003AAEE|90de740526940027
261|2026-09-16T21:54:44.5240000-04:00|Change|40002A6D|CastDurationCurrent|0.5450|Heading|-2.8447|PosX|106.7063|PosY|107.3472|PosZ|0.0000|3efad05321670097
261|2026-09-16T21:54:44.5960000-04:00|Change|40002A6A|Heading|0.7854|PosX|85.8579|PosY|85.8579|PosZ|-0.0000|c088f3a0874898cf
37|2026-09-16T21:54:44.5510000-04:00|40002A6D|Chaos|00004003|23074893||||||106.71|107.35|0.00|-2.91|59d475e56e467557
37|2026-09-16T21:54:44.5510000-04:00|1003AAEE|Enri Haze|00004003|227550|227550|10000|10000|22||109.18|109.82|0.00|-2.36|2700|0|0|01|1E000A1D|0|C2700000|1003AAEE|7063d6d3cd3a7d5c
21|2026-09-16T21:54:44.5520000-04:00|100288BD|Elie Glory|6503|Glare III|40002A6D|Chaos|750003|9C470000|1B|65038000|0|0|0|0|0|0|0|0|0|0|0|0|23083500|37552669|10000|10000|||106.71|107.35|0.00|-2.91|204515|204515|7500|10000|||104.14|104.30|0.00|0.70|00004006|0|1|00||01|6503|6503|0.100|9C88|301057ed322f1009
264|2026-09-16T21:54:44.5520000-04:00|100288BD|6503|00004006|0||||0.700|40002A6D|81004da803ddc095
273|2026-09-16T21:54:44.5950000-04:00|40002A31|003E|0|0|0|0|8bb09a682d6eb115
271|2026-09-16T21:54:44.5950000-04:00|40002A6A|0.7854|00|00|85.8579|85.8579|0.0000|c7331934fedb9fb8
00|2026-09-16T21:54:44.6210000-04:00|002B||Skyler PhoenixDiabolos uses Drakesbane.|31f2305b5ae2a934
00|2026-09-16T21:54:44.6210000-04:00|0029||   Exdeath takes 58238 damage.|8a5c7ffb3eab1ef6
00|2026-09-16T21:54:44.6210000-04:00|002E||   Skyler PhoenixDiabolos gains the effect of Draconian Fire.|0921f559894a5d4f
37|2026-09-16T21:54:44.6410000-04:00|1008704E|Arcane Valiance|00003FFC|278062||||||111.10|111.07|-0.00|-2.31|b8692064fdb57700
37|2026-09-16T21:54:44.6410000-04:00|40002A6C|Exdeath|00003FFB|25999660||||||106.92|108.93|0.00|-2.73|c2fe57f9c6c2cddc
37|2026-09-16T21:54:44.6410000-04:00|100B00B3|Skyler Phoenix|00003FFB|227580|227580|10000|10000|20||110.67|111.01|0.00|-2.08|1600|0|0|01|1E000747|0|41F00000|100B00B3|9935a7bee0e6c695
38|2026-09-16T21:54:44.6410000-04:00|100B00B3|Skyler Phoenix|00646416|227580|227580|10000|10000|20||110.67|111.01|0.00|-2.08|0|0|0|29CE0030|451A2FAE|100B00B3|0643|412BAA32|E0000000|0|0|0|0|0|0|29D50031|40102FF2|100B00B3|0|0|0|0751|404DE34A|100288BD|0|0|0|0|0|0|0A31|41CB4594|10020C04|0748|3F370923|100B00B3|0|0|0|0|0|0|0|0|0|0|0|0|0|0|0|0|0|0|0|0|0|0|0|0|0|0|0|0|0|0|0|0|0|0|0|0|0|0|0|0|0|0|0|0|0|0|0|0|0|0|0|0|0|0|0|0|0|0747|41EFA3D7|100B00B3|0F28|4137A5ED|100288BD|0AA0|41B14173|100B00B3|97a17eb0206e8d9c
261|2026-09-16T21:54:44.6940000-04:00|Change|100F612E|CurrentMP|8700|Heading|0.7371|PosX|103.5934|PosY|105.0583|PosZ|0.0000|e3247ce3e0bb3d4b
261|2026-09-16T21:54:44.6940000-04:00|Change|40002A31|Radius|5.8556|c6ef74b770e75575
22|2026-09-16T21:54:44.6850000-04:00|40002A6A|Kefka|BAE3|Ultima Blaster|100D83F9|Stranjer Danger|750003|21EF0000|1B|BAE38000|0|0|0|0|0|0|0|0|0|0|0|0|210125|226428|10000|10000|||87.49|85.92|-0.00|2.08|9415000|9415000|10000|10000|||85.86|85.86|-0.00|0.79|00004007|0|8|00||01|BAE3|BAE3|1.800|9FFF|1b78f4c9155e3c0b
22|2026-09-16T21:54:44.6850000-04:00|40002A6A|Kefka|BAE3|Ultima Blaster|10020C04|Minda Silva|750003|0|1B|BAE38000|0|0|0|0|0|0|0|0|0|0|0|0|204515|204515|5700|10000|||101.38|103.86|0.00|0.99|9415000|9415000|10000|10000|||85.86|85.86|-0.00|0.79|00004007|1|8|00||01|BAE3|BAE3|1.800|9FFF|43840a2ae787bda6
22|2026-09-16T21:54:44.6850000-04:00|40002A6A|Kefka|BAE3|Ultima Blaster|100288BD|Elie Glory|750003|0|1B|BAE38000|0|0|0|0|0|0|0|0|0|0|0|0|204515|204515|7100|10000|||104.14|104.30|0.00|0.70|9415000|9415000|10000|10000|||85.86|85.86|-0.00|0.79|00004007|2|8|00||01|BAE3|BAE3|1.800|9FFF|fb9e0d318a339d3a
22|2026-09-16T21:54:44.6850000-04:00|40002A6A|Kefka|BAE3|Ultima Blaster|100632C7|Evil Batusai|EC750005|46400000|1B|BAE38000|0|0|0|0|0|0|0|0|0|0|0|0|325133|325133|4700|10000|||104.30|104.29|-0.01|0.62|9415000|9415000|10000|10000|||85.86|85.86|-0.00|0.79|00004007|3|8|00||01|BAE3|BAE3|1.800|9FFF|c1cc1aa968f1b99c
22|2026-09-16T21:54:44.6850000-04:00|40002A6A|Kefka|BAE3|Ultima Blaster|100F612E|Mr Toxic|750003|0|1B|BAE38000|0|0|0|0|0|0|0|0|0|0|0|0|205177|205177|8700|10000|||103.59|105.06|0.00|0.74|9415000|9415000|10000|10000|||85.86|85.86|-0.00|0.79|00004007|4|8|00||01|BAE3|BAE3|1.800|9FFF|6b469bb0cd328a1c
22|2026-09-16T21:54:44.6850000-04:00|40002A6A|Kefka|BAE3|Ultima Blaster|1003AAEE|Enri Haze|750003|0|1B|BAE38000|0|0|0|0|0|0|0|0|0|0|0|0|227550|227550|10000|10000|||109.18|109.82|0.00|-2.36|9415000|9415000|10000|10000|||85.86|85.86|-0.00|0.79|00004007|5|8|00||01|BAE3|BAE3|1.800|9FFF|58b762e4166d754f
22|2026-09-16T21:54:44.6850000-04:00|40002A6A|Kefka|BAE3|Ultima Blaster|100B00B3|Skyler Phoenix|750003|0|1B|BAE38000|0|0|0|0|0|0|0|0|0|0|0|0|227580|227580|10000|10000|||110.67|111.01|0.00|-2.08|9415000|9415000|10000|10000|||85.86|85.86|-0.00|0.79|00004007|6|8|00||01|BAE3|BAE3|1.800|9FFF|458e40740535a3b3
22|2026-09-16T21:54:44.6850000-04:00|40002A6A|Kefka|BAE3|Ultima Blaster|1008704E|Arcane Valiance|750003|5E5D0000|1B|BAE38000|0|0|0|0|0|0|0|0|0|0|0|0|278062|325219|2600|10000|||111.03|111.01|-0.00|-2.33|9415000|9415000|10000|10000|||85.86|85.86|-0.00|0.79|00004007|7|8|00||01|BAE3|BAE3|1.800|9FFF|00f80a3d3d25fea1
264|2026-09-16T21:54:44.6850000-04:00|40002A6A|BAE3|00004007|1|-0.015|-0.015|-0.015|0.785|40002A6A|666a517523315265
33|2026-09-16T21:54:44.6850000-04:00|800375D2|80000027|2F|02|1BDB|40002A31|60ef80258f949245
24|2026-09-16T21:54:44.6850000-04:00|40002A6C|Exdeath|DoT|0|9478|25999660|37552669|10000|10000|||106.92|108.93|0.00|-2.73|10020C04|Minda Silva|FFFFFFFF|204515|204515|5700|10000|||101.38|103.86|0.00|0.99|56502a5963d39d6d
24|2026-09-16T21:54:44.6850000-04:00|40002A6D|Chaos|DoT|0|7A76|23074893|37552669|10000|10000|||106.71|107.35|0.00|-2.42|10020C04|Minda Silva|FFFFFFFF|204515|204515|5700|10000|||101.38|103.86|0.00|0.99|aedf03ffa2a5a93b
38|2026-09-16T21:54:44.6850000-04:00|40002A6C|Exdeath|00646400|25961652|37552669|10000|10000|0||106.92|108.93|0.00|-2.73|0|0|0|074F|410FA5A3|100288BD|0|0|0|0A9F|418D6E85|100B00B3|0A38|415C973F|10020C04|7d75c41fcd7fe5bf
38|2026-09-16T21:54:44.6850000-04:00|40002A6D|Chaos|00646400|23043543|37552669|10000|10000|0||106.71|107.35|0.00|-2.42|0|0|0|0A0A1A|41CF09E0|1003AAEE|0|0|0|0A9F|40A51E7E|100B00B3|074F|412F01C9|100288BD|0A38|41963936|10020C04|fb82877043352144
21|2026-09-16T21:54:44.7310000-04:00|1008704E|Arcane Valiance|E21|Hard Slash|40002A6D|Chaos|716003|BE160000|1B|E218000|0|0|0|0|0|0|0|0|0|0|0|0|23074893|37552669|10000|10000|||106.71|107.35|0.00|-2.42|278062|325219|2600|10000|||111.03|111.01|-0.00|-2.33|00004008|0|1|00||01|E21|E21|0.600|2366|62510c500cab4c06
264|2026-09-16T21:54:44.7310000-04:00|1008704E|0E21|00004008|0||||-2.273|40002A6D|c1fb097bc4353ed7
22|2026-09-16T21:54:44.7310000-04:00|100632C7|Evil Batusai|4049|Prominence|40002A6D|Chaos|36710003|3BBB0000|B|3E88000|F|A718000|11B|40498000|0|0|0|0|0|0|0|0|23074893|37552669|10000|10000|||106.71|107.35|0.00|-2.42|325133|325133|4700|10000|||104.30|104.29|-0.01|0.62|00004009|0|2|00||01|4049|4049|0.600|9863|50c5d4a6e7adb587
22|2026-09-16T21:54:44.7310000-04:00|100632C7|Evil Batusai|4049|Prominence|40002A6C|Exdeath|36710003|3CD60000|0|0|0|0|0|0|0|0|0|0|0|0|0|0|25999660|37552669|10000|10000|||106.92|108.93|0.00|-2.73|325133|325133|4700|10000|||104.30|104.29|-0.01|0.62|00004009|1|2|00||01|4049|4049|0.600|9863|a7359601f8fda64c
00|2026-09-16T21:54:44.7850000-04:00|0044|Kefka|Here I go!|4e557f16e14d1a8c
264|2026-09-16T21:54:44.7310000-04:00|100632C7|4049|00004009|1|-0.015|-0.015|-0.015|0.599|100632C7|21bc8241303222b4
38|2026-09-16T21:54:44.7310000-04:00|100632C7|Evil Batusai|00646413|325133|325133|4700|10000|0||104.30|104.29|-0.01|0.62|0|0|0|0A2D|42700000|10020C04|29CE0030|44244AA7|100632C7|4F|0|100632C7|0751|40453F73|100288BD|0|0|0|0643|412A398F|E0000000|0|0|0|0|0|0|0|0|0|0|0|0|0|0|0|0|0|0|29D50031|40CB224B|100632C7|0|0|0|0|0|0|0|0|0|0|0|0|0|0|0|0|0|0|0|0|0|0|0|0|0|0|0|0|0|0|0|0|0|0|0|0|0|0|0|0|0|0|0|0|0|0|0|0|0|0|0|0F28|413C9FC7|100288BD|0A71|C1F00000|100632C7|cc710c8b371c48e1
26|2026-09-16T21:54:44.7310000-04:00|A71|Divine Might|30.00|100632C7|Evil Batusai|100632C7|Evil Batusai|00|325133|325133|e6bd4ac3d7256f18
261|2026-09-16T21:54:44.8260000-04:00|Change|40002A6A|ModelStatus|0|35d5c7fdf0b6e5cf
39|2026-09-16T21:54:44.8630000-04:00|10020C04|Minda Silva|204515|204515|5900|10000|||101.38|103.86|0.00|0.99|52b3bdc0e5e6e2b3
39|2026-09-16T21:54:44.8630000-04:00|40002BA2|Automaton Queen|206573|215512|10000|10000|||99.81|105.94|0.00|1.37|c54a8ab5fd5b9fef
21|2026-09-16T21:54:44.8630000-04:00|10020C04|Minda Silva|5EF8|Dosis III|40002A6D|Chaos|752003|F6F50000|1B|5EF88000|0|0|0|0|0|0|0|0|0|0|0|0|23043543|37552669|10000|10000|||106.71|107.35|0.00|-2.41|204515|204515|5700|10000|||101.38|103.86|0.00|0.99|0000400A|0|1|00||01|5EF8|5EF8|0.100|A85A|495391d3eab8ea33
264|2026-09-16T21:54:44.8630000-04:00|10020C04|5EF8|0000400A|0||||0.990|40002A6D|288f37c8bb4421da
00|2026-09-16T21:54:44.9160000-04:00|002B||Stranjer DangerSiren uses Tactician.|6cca887683fc067a
00|2026-09-16T21:54:44.9160000-04:00|002B||Enri HazeSiren uses Executioner's Gibbet.|49539ae2c89fff71
00|2026-09-16T21:54:44.9160000-04:00|0029||   Chaos takes 71067(+7%) damage.|d30bf4eb18602f0b
00|2026-09-16T21:54:44.9160000-04:00|002E||   Enri HazeSiren gains the effect of Enhanced Gallows.|4403fcfee277e2f5
00|2026-09-16T21:54:44.9980000-04:00|002E||   Stranjer DangerSiren gains the effect of Tactician.|d3915805799ec2c9
37|2026-09-16T21:54:44.9970000-04:00|40002A6D|Chaos|00004004|22972476||||||106.71|107.35|0.00|-2.41|2afc31061c7767c0
37|2026-09-16T21:54:44.9970000-04:00|1003AAEE|Enri Haze|00004004|227550|227550|10000|10000|22||109.15|109.79|0.00|-2.37|2700|0|0|01|1E000A1D|0|42700000|1003AAEE|a71208ae52804470
37|2026-09-16T21:54:44.9970000-04:00|100D83F9|Stranjer Danger|00004005|210125|226428|10000|10000|13||88.45|86.89|-0.00|1.50|1F00|0|0|01|1F00079F|0|41700000|100D83F9|51dbc2ca0539bcb5
26|2026-09-16T21:54:44.9970000-04:00|79F|Tactician|15.00|100D83F9|Stranjer Danger|100D83F9|Stranjer Danger|00|226428|226428|aa6b5ded9b27a79c
38|2026-09-16T21:54:44.9970000-04:00|1003AAEE|Enri Haze|00646427|227550|227550|10000|10000|22||109.15|109.79|0.00|-2.37|0|0|0|29CE0030|4420C157|1003AAEE|0|0|0|0751|4034394E|100288BD|0|0|0|0|0|0|0642|4125F806|E0000000|0|0|0|0|0|0|0A31|4040924B|10020C04|0|0|0|0|0|0|0|0|0|0|0|0|0|0|0|0|0|0|0|0|0|0|0|0|0|0|0|0|0|0|0|0|0|0|0|0|0|0|0|0|0|0|0|0|0|0|0|0|0|0|0|0|0|0|0|0|0|0|0|0|0|0|0|0A1D|426FD1EC|1003AAEE|04E2|40CF4BC8|1003AAEE|0F28|41341CB6|100288BD|b03637f40449954e
261|2026-09-16T21:54:45.0290000-04:00|Change|100288BD|CastBuffID|0|CastDurationCurrent|0.0000|CastDurationMax|0.0000|CastTargetID|E0000000|CurrentMP|7100|Heading|0.7003|IsCasting1|0|IsCasting2|0|314124615105803a
00|2026-09-16T21:54:45.0500000-04:00|002B||Kefka uses Ultima Blaster.|b225c80dc1eb0cb0
00|2026-09-16T21:54:45.0500000-04:00|0029||   Stranjer DangerSiren takes 8687 damage.|45fae68d716d4c2c
00|2026-09-16T21:54:45.0500000-04:00|0029||   You take 0 damage.|959245bcc705c017
00|2026-09-16T21:54:45.0500000-04:00|0029||   Elie GloryUltros takes 0 damage.|a200eeec3a96561f
00|2026-09-16T21:54:45.0500000-04:00|0029||   Blocked! Evil BatusaiDiabolos takes 17984(-20%) damage.|41cf166f5f52c81c
00|2026-09-16T21:54:45.0500000-04:00|0029||   Mr ToxicDiabolos takes 0 damage.|f70ebf9ca9b72092
00|2026-09-16T21:54:45.0500000-04:00|0029||   Enri HazeSiren takes 0 damage.|1d882a78c9e9e6ce
00|2026-09-16T21:54:45.0500000-04:00|0029||   Skyler PhoenixDiabolos takes 0 damage.|17be2c8df4f14cd8
00|2026-09-16T21:54:45.0500000-04:00|0029||   Arcane ValianceJenova takes 24157 damage.|af29ea4db425f4fc
261|2026-09-16T21:54:45.0620000-04:00|Change|40002A31|ModelStatus|16384|Radius|5.9486|091fbdd1749c1de0
37|2026-09-16T21:54:45.0420000-04:00|100D83F9|Stranjer Danger|00004007|201438|226428|10000|10000|0||88.99|87.45|0.00|1.12|1F00|0|0|01|03000000|0|0|E0000000|6f222cd6ee353eed
38|2026-09-16T21:54:45.0420000-04:00|100D83F9|Stranjer Danger|0064641F|201438|226428|10000|10000|0||88.99|87.45|0.00|1.12|0|0|0|043C|4584E9D9|100D83F9|29CE0030|4519730E|100D83F9|29D60031|40D97028|100D83F9|0|0|0|0|0|0|0|0|0|0642|41253FB4|E0000000|0|0|0|0751|40315806|100288BD|0|0|0|0|0|0|0|0|0|0|0|0|0|0|0|0|0|0|0|0|0|0|0|0|0|0|0|0|0|0|0|0|0|0|0|0|0|0|0|0|0|0|0|0|0|0|0|0|0|0|0|0|0|0|0|0|0|0|0|0|0|0|0|0F28|4139CAC9|100288BD|079F|416E8F5C|100D83F9|cdbe6041738849f1
30|2026-09-16T21:54:45.0420000-04:00|A31|Eukrasian Prognosis|0.00|10020C04|Minda Silva|100D83F9|Stranjer Danger|00|226428|204515|69e1080bc144890a
37|2026-09-16T21:54:45.0870000-04:00|10020C04|Minda Silva|00004007|204515|204515|5500|10000|6||101.38|103.86|0.00|0.99|2801|0|0|0|44bf735e463fa721
261|2026-09-16T21:54:45.0790000-04:00|Change|1008704E|CurrentMP|2800|Heading|-2.2940|PosX|110.9248|PosY|110.9180|aed107b08ea4709d
39|2026-09-16T21:54:45.0870000-04:00|1008704E|Arcane Valiance|281314|325219|2800|10000|||110.94|110.93|-0.00|-2.29|48d1525cfda62b1d
00|2026-09-16T21:54:45.0890000-04:00|0030||Stranjer DangerSiren loses the effect of Eukrasian Prognosis.|314442efa2aaab76
00|2026-09-16T21:54:45.1540000-04:00|002E||   You gain the effect of Tactician.|b67760a97397d79a
37|2026-09-16T21:54:45.1300000-04:00|100288BD|Elie Glory|00004007|204515|204515|7100|10000|8||104.14|104.30|0.00|0.70|1802|0|0|0|2a8afb64ff24808e
37|2026-09-16T21:54:45.1300000-04:00|10020C04|Minda Silva|00004005|204515|204515|5500|10000|6||101.38|103.86|0.00|0.99|2801|0|0|01|1F00079F|0|41700000|100D83F9|5cf9aa12df5d2d60
26|2026-09-16T21:54:45.1300000-04:00|79F|Tactician|15.00|100D83F9|Stranjer Danger|10020C04|Minda Silva|00|204515|226428|d911c41c9bc53e7f
37|2026-09-16T21:54:45.1750000-04:00|100632C7|Evil Batusai|00004007|307149|325133|4700|10000|0||104.27|104.30|-0.00|-0.19|1303|0|0|01|1F000A71|0|C1F00000|100632C7|f2a74e379ba9e04a
00|2026-09-16T21:54:45.2520000-04:00|002B||Arcane ValianceJenova uses Hard Slash.|5a22fcf14ad277d3
00|2026-09-16T21:54:45.2520000-04:00|0029||   Critical direct hit! Chaos takes 48662 damage.|e32abe31711bff10
37|2026-09-16T21:54:45.2190000-04:00|100F612E|Mr Toxic|00004007|205177|205177|8700|10000|5||103.80|105.28|-0.00|0.74|2A04|0|0|0|fdb9bee1ae1b2919
37|2026-09-16T21:54:45.2640000-04:00|1003AAEE|Enri Haze|00004007|227550|227550|10000|10000|5||108.46|109.40|-0.00|-2.29|2705|0|0|0|7d81fd302de8e3f0
37|2026-09-16T21:54:45.2640000-04:00|100288BD|Elie Glory|00004005|204515|204515|7100|10000|8||104.18|104.33|-0.00|0.73|1802|0|0|01|1F00079F|0|41700000|100D83F9|9044a1cd2aa55676
26|2026-09-16T21:54:45.2640000-04:00|79F|Tactician|15.00|100D83F9|Stranjer Danger|100288BD|Elie Glory|00|204515|226428|6fbc5db70554d3ea
39|2026-09-16T21:54:45.2640000-04:00|100D83F9|Stranjer Danger|203702|226428|10000|10000|||89.66|87.98|-0.00|1.05|ae0a6c6b16eb43b6
00|2026-09-16T21:54:45.2850000-04:00|002E||   Elie GloryUltros gains the effect of Tactician.|634aaef6f028b04c
00|2026-09-16T21:54:45.3200000-04:00|002B||Evil BatusaiDiabolos uses Prominence.|8300eacb3067c9bd
261|2026-09-16T21:54:45.3470000-04:00|Change|100632C7|CurrentMP|5700|Heading|-0.2083|PosX|104.2261|PosY|104.5225|PosZ|0.0000|c953f40e8ad275d7
00|2026-09-16T21:54:45.3600000-04:00|0029||   Chaos takes 15291(+54%) damage.|e3fb59f7e3a637c9
00|2026-09-16T21:54:45.3600000-04:00|002D||   Evil BatusaiDiabolos recovers 1000 MP.|2175565f6e4e0d4a
00|2026-09-16T21:54:45.3600000-04:00|002E||   Evil BatusaiDiabolos gains the effect of Divine Might.|87a835e5b1bc4db5
37|2026-09-16T21:54:45.3090000-04:00|40002A6D|Chaos|00004008|22923814||||||106.71|107.35|0.00|-2.41|097fff7b8d424fbe
37|2026-09-16T21:54:45.3090000-04:00|100B00B3|Skyler Phoenix|00004007|227580|227580|10000|10000|3||110.67|111.01|0.00|-2.08|1606|0|0|0|0e1a96bd8e2a04eb
37|2026-09-16T21:54:45.3540000-04:00|1008704E|Arcane Valiance|00004007|257157||||||110.86|110.86|-0.00|-2.30|e3e4294684716d19
37|2026-09-16T21:54:45.3540000-04:00|40002A6D|Chaos|00004009|22908523||||||106.71|107.35|0.00|-2.41|d3e93aadda33fa81
37|2026-09-16T21:54:45.3540000-04:00|100632C7|Evil Batusai|00004009|307149|325133|5700|10000|0||104.24|104.43|-0.02|-0.41|1300|0|0|01|1F000A71|0|41F00000|100632C7|c8448cb03bbc4459
38|2026-09-16T21:54:45.3540000-04:00|100632C7|Evil Batusai|00646413|307149|325133|5700|10000|0||104.24|104.43|-0.02|-0.41|0|0|0|0A2D|42700000|10020C04|29CE0030|442422C8|100632C7|4F|0|100632C7|0751|401D6037|100288BD|0|0|0|0643|412041C1|E0000000|0|0|0|0|0|0|0|0|0|0|0|0|0|0|0|0|0|0|29D50031|40B732AA|100632C7|0|0|0|0|0|0|0|0|0|0|0|0|0|0|0|0|0|0|0|0|0|0|0|0|0|0|0|0|0|0|0|0|0|0|0|0|0|0|0|0|0|0|0|0|0|0|0|0|0|0|0|0F28|4132A7F9|100288BD|0A71|41EFA3D7|100632C7|6a683d5b70a80ffc
00|2026-09-16T21:54:45.3740000-04:00|002B||You cast Dosis III.|d4e0896b1347a8b5
00|2026-09-16T21:54:45.3740000-04:00|0029||   Critical! Chaos takes 63221 damage.|fdc06d545dfe4d29
261|2026-09-16T21:54:45.3700000-04:00|Change|1003AAEE|Heading|-2.1719|PosX|107.3953|PosY|108.8440|PosZ|-0.0006|2686b567cc9dbe8e
00|2026-09-16T21:54:45.4290000-04:00|002E||   Evil BatusaiDiabolos gains the effect of Tactician.|6e689a6d5f6b00ec
261|2026-09-16T21:54:45.4190000-04:00|Change|10020C04|CastBuffID|0|CastDurationCurrent|0.0000|CastDurationMax|0.0000|CastTargetID|E0000000|CurrentMP|5500|IsCasting1|0|IsCasting2|0|f49428b413d89182
00|2026-09-16T21:54:45.4040000-04:00|0030||Skyler PhoenixDiabolos loses the effect of Lance Charge.|cda01a9eab5a766a
37|2026-09-16T21:54:45.3980000-04:00|100632C7|Evil Batusai|00004005|307149|325133|5700|10000|0||104.22|104.58|-0.00|-0.09|1303|0|0|01|2000079F|0|41700000|100D83F9|43ab274e8b0cd4ea
26|2026-09-16T21:54:45.3980000-04:00|79F|Tactician|15.00|100D83F9|Stranjer Danger|100632C7|Evil Batusai|00|325133|226428|b8a49d5bb3594069
38|2026-09-16T21:54:45.3980000-04:00|100B00B3|Skyler Phoenix|00646416|227580|227580|10000|10000|3||110.67|111.01|0.00|-2.08|0|0|0|29CE0030|451A2396|100B00B3|0643|411F8D88|E0000000|0|0|0|0|0|0|29D50031|3FBF7A86|100B00B3|0|0|0|0751|401D709A|100288BD|0|0|0|0|0|0|0A31|41C5373D|10020C04|0|0|0|0|0|0|0|0|0|0|0|0|0|0|0|0|0|0|0|0|0|0|0|0|0|0|0|0|0|0|0|0|0|0|0|0|0|0|0|0|0|0|0|0|0|0|0|0|0|0|0|0|0|0|0|0|0|0|0|0|0747|41E99580|100B00B3|0F28|412B8943|100288BD|0AA0|41AB331C|100B00B3|0312a5e374f74a3c
30|2026-09-16T21:54:45.3980000-04:00|748|Lance Charge|0.00|100B00B3|Skyler Phoenix|100B00B3|Skyler Phoenix|00|227580|227580|4f5afc506466da13
00|2026-09-16T21:54:45.4530000-04:00|0029||   Exdeath takes 15574(+54%) damage.|e086de8c99483150
00|2026-09-16T21:54:45.5060000-04:00|002B||Mr ToxicDiabolos casts Comet in Black.|32746601c16a231d
00|2026-09-16T21:54:45.5060000-04:00|0029||   Direct hit! Chaos takes 45895 damage.|de63ebebc1506139
261|2026-09-16T21:54:45.5190000-04:00|Change|1003AAEE|Heading|-2.0745|NPCTargetID|40002A6C|PCTargetID|40002A6C|PosX|106.0491|PosY|108.2934|PosZ|0.0000|73c808381e7470bb
38|2026-09-16T21:54:45.4420000-04:00|100288BD|Elie Glory|00646418|204515|204515|7100|10000|8||104.07|104.35|-0.02|0.78|0|0|0|29D20030|44289942|100288BD|04B4|41974186|100288BD|0|0|0|0750|407DD2D5|100288BD|0751|4017BE6D|100288BD|0|0|0|0643|411ED94F|E0000000|0|0|0|0A31|4024176A|10020C04|0|0|0|0|0|0|0|0|0|0|0|0|0|0|0|0|0|0|0|0|0|0|0|0|0|0|0|0|0|0|0|0|0|0|0|0|0|0|0|0|0|0|0|0|0|0|0|0|0|0|0|0|0|0|0|0|0|0|0|0|0|0|0|0F28|41246674|100288BD|079F|416C72B1|100D83F9|0|0|0|0F29|415F746E|100288BD|287802f9a6e2367f
30|2026-09-16T21:54:45.4420000-04:00|31|Medicated|0.00|100288BD|Elie Glory|100288BD|Elie Glory|29D9|204515|204515|196aebb1e14a4d5a
37|2026-09-16T21:54:45.4880000-04:00|40002A6C|Exdeath|00004009|25946078||||||106.92|108.93|0.00|-2.73|504b366c412a88d8
22|2026-09-16T21:54:45.4880000-04:00|10020C04|Minda Silva|5EEA|Kerachole|10020C04|Minda Silva|F60E|A3A0000|9630E|B7A0000|B|2BC8000|0|0|0|0|0|0|0|0|0|0|204515|204515|5500|10000|||101.38|103.86|0.00|0.99|204515|204515|5500|10000|||101.38|103.86|0.00|0.99|0000400B|0|8|00||01|5EEA|5EEA|0.600|A85A|8aa2428257433610
22|2026-09-16T21:54:45.4880000-04:00|10020C04|Minda Silva|5EEA|Kerachole|100288BD|Elie Glory|F60E|A3A0000|9630E|B7A0000|0|0|0|0|0|0|0|0|0|0|0|0|204515|204515|7100|10000|||104.07|104.35|-0.02|0.78|204515|204515|5500|10000|||101.38|103.86|0.00|0.99|0000400B|1|8|00||01|5EEA|5EEA|0.600|A85A|98dc52a72c72dc35
22|2026-09-16T21:54:45.4880000-04:00|10020C04|Minda Silva|5EEA|Kerachole|100632C7|Evil Batusai|F60E|A3A0000|9630E|B7A0000|0|0|0|0|0|0|0|0|0|0|0|0|307149|325133|5700|10000|||104.21|104.65|-0.00|0.08|204515|204515|5500|10000|||101.38|103.86|0.00|0.99|0000400B|2|8|00||01|5EEA|5EEA|0.600|A85A|4562a76c8b5b32cd
22|2026-09-16T21:54:45.4880000-04:00|10020C04|Minda Silva|5EEA|Kerachole|100F612E|Mr Toxic|F60E|A3A0000|9630E|B7A0000|0|0|0|0|0|0|0|0|0|0|0|0|205177|205177|8700|10000|||104.35|105.90|-0.00|0.74|204515|204515|5500|10000|||101.38|103.86|0.00|0.99|0000400B|3|8|00||01|5EEA|5EEA|0.600|A85A|315fb7730997f580
22|2026-09-16T21:54:45.4880000-04:00|10020C04|Minda Silva|5EEA|Kerachole|1003AAEE|Enri Haze|F60E|A3A0000|9630E|B7A0000|0|0|0|0|0|0|0|0|0|0|0|0|227550|227550|10000|10000|||106.67|108.55|-0.00|-2.12|204515|204515|5500|10000|||101.38|103.86|0.00|0.99|0000400B|4|8|00||01|5EEA|5EEA|0.600|A85A|e6b31663c0560d32
22|2026-09-16T21:54:45.4880000-04:00|10020C04|Minda Silva|5EEA|Kerachole|1008704E|Arcane Valiance|F60E|A3A0000|9630E|B7A0000|0|0|0|0|0|0|0|0|0|0|0|0|257157|325219|2800|10000|||110.50|110.52|-0.00|-2.30|204515|204515|5500|10000|||101.38|103.86|0.00|0.99|0000400B|5|8|00||01|5EEA|5EEA|0.600|A85A|97b4f88a3fb16082
22|2026-09-16T21:54:45.4880000-04:00|10020C04|Minda Silva|5EEA|Kerachole|100B00B3|Skyler Phoenix|F60E|A3A0000|9630E|B7A0000|0|0|0|0|0|0|0|0|0|0|0|0|227580|227580|10000|10000|||110.67|111.01|0.00|-2.08|204515|204515|5500|10000|||101.38|103.86|0.00|0.99|0000400B|6|8|00||01|5EEA|5EEA|0.600|A85A|daee9cd56f0c7ac2
22|2026-09-16T21:54:45.4880000-04:00|10020C04|Minda Silva|5EEA|Kerachole|100D83F9|Stranjer Danger|F60E|A3A0000|9630E|B7A0000|0|0|0|0|0|0|0|0|0|0|0|0|203702|226428|10000|10000|||90.90|89.05|-0.00|0.92|204515|204515|5500|10000|||101.38|103.86|0.00|0.99|0000400B|7|8|00||01|5EEA|5EEA|0.600|A85A|f4e5268e8d542019
264|2026-09-16T21:54:45.4880000-04:00|10020C04|5EEA|0000400B|1|-0.015|-0.015|-0.015|0.990|10020C04|7ac6ddca9aa19264
21|2026-09-16T21:54:45.4880000-04:00|100B00B3|Skyler Phoenix|405F|Raiden Thrust|40002A6C|Exdeath|720003|86570000|13E|9E8000|1B|405F8000|0|0|0|0|0|0|0|0|0|0|25961652|37552669|10000|10000|||106.92|108.93|0.00|-2.73|227580|227580|10000|10000|||110.67|111.01|0.00|-2.08|0000400C|0|1|00||01|405F|405F|0.600|2B49|0692ef481e463c77
264|2026-09-16T21:54:45.4880000-04:00|100B00B3|405F|0000400C|0||||-2.079|40002A6C|325de84d82b6c653
38|2026-09-16T21:54:45.4880000-04:00|100B00B3|Skyler Phoenix|00646416|227580|227580|10000|10000|3||110.67|111.01|0.00|-2.08|0|0|0|29CE0030|451A222A|100B00B3|0643|411E20FD|E0000000|0|0|0|0|0|0|29D50031|3FB4162C|100B00B3|0|0|0|0751|4017BE6D|100288BD|0|0|0|0|0|0|0A31|41C480F7|10020C04|0|0|0|0|0|0|0|0|0|0|0|0|0|0|0|0|0|0|0|0|0|0|0|0|0|0|0|0|0|0|0|0|0|0|0|0|0|0|0|0|0|0|0|0|0|0|0|0|0|0|0|0|0|0|0|0|0|0|0|0|0|0|0|0F28|412A1CB8|100288BD|0AA0|41AA7CD6|100B00B3|535506b1a42a6079
30|2026-09-16T21:54:45.4880000-04:00|747|Draconian Fire|0.00|100B00B3|Skyler Phoenix|100B00B3|Skyler Phoenix|00|227580|227580|b89a02d831e003da
31|2026-09-16T21:54:45.4880000-04:00|10020C04|9660028|301|00|00|0aff009262a5442e
24|2026-09-16T21:54:45.5310000-04:00|100632C7|Evil Batusai|HoT|A2C|5661|307149|325133|5700|10000|||104.21|104.65|-0.00|0.08|10020C04|Minda Silva|1|204515|204515|5500|10000|||101.38|103.86|0.00|0.99|e7a30221a9443b9a
37|2026-09-16T21:54:45.5310000-04:00|40002A6D|Chaos|0000400A|22845302||||||106.71|107.35|0.00|-2.41|de720cffc023716c
37|2026-09-16T21:54:45.5310000-04:00|40002A6D|Chaos|00004001|22799407||||||106.71|107.35|0.00|-2.41|26757295c201952f
37|2026-09-16T21:54:45.5310000-04:00|100F612E|Mr Toxic|00004005|205177|205177|8700|10000|5||104.35|105.90|-0.00|0.74|2A04|0|0|01|2100079F|0|41700000|100D83F9|207f97fb6b094f0f
26|2026-09-16T21:54:45.5310000-04:00|79F|Tactician|15.00|100D83F9|Stranjer Danger|100F612E|Mr Toxic|00|205177|226428|76339a60e63e05d7
38|2026-09-16T21:54:45.5310000-04:00|100632C7|Evil Batusai|00646413|325133|325133|5700|10000|0||104.21|104.65|-0.00|0.08|0|0|0|0A2D|42700000|10020C04|29CE0030|44241774|100632C7|4F|0|100632C7|0751|40120C40|100288BD|0|0|0|0643|411D6CC4|E0000000|0|0|0|0|0|0|0|0|0|0|0|0|0|0|0|0|0|0|29D50031|40B188AD|100632C7|0|0|0|0|0|0|0|0|0|0|0|0|0|0|0|0|0|0|0|0|0|0|0|0|0|0|0|0|0|0|0|0|0|0|0|0|0|0|0|0|0|0|0|0|0|0|0|0|0|0|0|0F28|412FD2FC|100288BD|0A71|41EE3957|100632C7|079F|416D2B03|100D83F9|494029d4ba0d78f0
00|2026-09-16T21:54:45.5380000-04:00|002E||   Mr ToxicDiabolos gains the effect of Tactician.|75614f8b180ecca7
00|2026-09-16T21:54:45.5380000-04:00|0030||Elie GloryUltros loses the effect of Medicated.|96c876a46061866a
00|2026-09-16T21:54:45.5380000-04:00|0030||Skyler PhoenixDiabolos loses the effect of Draconian Fire.|34a57c3edbda6a34
00|2026-09-16T21:54:45.5380000-04:00|002D||Critical! Evil BatusaiDiabolos's Kardia restores 22113 of his HP.|71d9ebfcacbba274
00|2026-09-16T21:54:45.6370000-04:00|0029||   Direct hit! Exdeath takes 131891 damage.|43eab96191b31a42
37|2026-09-16T21:54:45.6640000-04:00|40002A6C|Exdeath|00004001|25814187||||||106.92|108.93|0.00|-2.73|67a41dad77915449
24|2026-09-16T21:54:45.6640000-04:00|1003AAEE|Enri Haze|HoT|0|4B1E|227550|227550|10000|10000|||105.37|108.01|-0.00|-2.03|100288BD|Elie Glory|0|204515|204515|7100|10000|||103.56|104.20|-0.02|0.78|824a07d2ee1ef5de
21|2026-09-16T21:54:45.6640000-04:00|100D83F9|Stranjer Danger|1CF5|Heated Clean Shot|40002A6D|Chaos|3D724003|E0060000|53E|A98000|A3E|F58000|11B|B398000|0|0|0|0|0|0|0|0|22799407|37552669|10000|10000|||106.71|107.35|0.00|-2.41|203702|226428|10000|10000|||91.62|90.11|-0.00|0.76|0000400D|0|1|00||01|1CF5|1CF5|0.600|9E21|4e8a0d6579dbc077
264|2026-09-16T21:54:45.6640000-04:00|100D83F9|1CF5|0000400D|0||||0.740|40002A6D|f541dfb4830f2a69
38|2026-09-16T21:54:45.6640000-04:00|1003AAEE|Enri Haze|00646427|227550|227550|10000|10000|5||105.37|108.01|-0.00|-2.03|0|0|0|29CE0030|442096A7|1003AAEE|0|0|0|0751|4009892E|100288BD|0|0|0|0|0|0|0642|411B4C00|E0000000|0|0|0|0|0|0|0A31|4015E22B|10020C04|0|0|0|0|0|0|0|0|0|0|0|0|0|0|0|0|0|0|0|0|0|0|0|0|0|0|0|0|0|0|0|0|0|0|0|0|0|0|0|0|0|0|0|0|0|0|0|0|0|0|0|0|0|0|0|0|0|0|0|0|0|0|0|0A1D|426D26EF|1003AAEE|04E2|40B9F3B4|1003AAEE|0F28|412970B0|100288BD|f84c66301f6d3664
00|2026-09-16T21:54:45.7660000-04:00|002B||Elie GloryUltros casts Glare III.|60824049133b910b
00|2026-09-16T21:54:45.7660000-04:00|0029||   Chaos takes 40007 damage.|ef572cc6c3d4eb29
24|2026-09-16T21:54:45.7540000-04:00|10020C04|Minda Silva|HoT|0|4CDD|204515|204515|5500|10000|||101.38|103.86|0.00|0.99|100D83F9|Stranjer Danger|0|203702|226428|10000|10000|||91.62|90.11|-0.00|0.76|95466fb2cba087e7
24|2026-09-16T21:54:45.7540000-04:00|100632C7|Evil Batusai|HoT|0|4CB0|325133|325133|5700|10000|||104.18|104.84|-0.01|0.49|100D83F9|Stranjer Danger|0|203702|226428|10000|10000|||91.62|90.11|-0.00|0.76|747a2ca153e9a6e0
21|2026-09-16T21:54:45.7540000-04:00|100D83F9|Stranjer Danger|08|Shot|40002A6D|Chaos|720003|18830000|0|0|0|0|0|0|0|0|0|0|0|0|0|0|22799407|37552669|10000|10000|||106.71|107.35|0.00|-2.41|203702|226428|10000|10000|||91.62|90.11|-0.00|0.76|0000400E|0|1|00||01|08|08|0.510|9E21|0e63633c1b1d6037
264|2026-09-16T21:54:45.7540000-04:00|100D83F9|0008|0000400E|0||||0.740|40002A6D|6d404fd5b20171c7
38|2026-09-16T21:54:45.7540000-04:00|10020C04|Minda Silva|00646428|204515|204515|6050|10000|6||101.38|103.86|0.00|0.99|0|0|0|0A0168|41F00000|E0000000|0A2C|42700000|10020C04|29D20030|44E7EE90|10020C04|04B4|4183FFF4|10020C04|0A31|41C25E25|10020C04|0|0|0|0|0|0|0|0|0|0751|4006A7E6|100288BD|0643|4119DB5C|E0000000|0|0|0|0|0|0|0|0|0|0|0|0|0|0|0|0|0|0|0|0|0|0|0|0|0|0|0|0|0|0|0|0|0|0|0|0|0|0|0|0|0|0|0|0|0|0|0|0|0|0|0|0|0|0|0|0|0|0|0|0|0F28|41219176|100288BD|079F|416553FA|100D83F9|2ef7379935ca9413
26|2026-09-16T21:54:45.7540000-04:00|A2C|Kardia|60.00|10020C04|Minda Silva|10020C04|Minda Silva|00|204515|204515|9ed9011233f8b508
38|2026-09-16T21:54:45.7540000-04:00|100632C7|Evil Batusai|00646413|325133|325133|5700|10000|0||104.18|104.84|-0.01|0.49|0|0|0|0A2D|42700000|10020C04|29CE0030|4424092F|100632C7|4F|0|100632C7|0751|4003C69E|100288BD|0|0|0|0643|4119DB5C|E0000000|0|0|0|0|0|0|0|0|0|0|0|0|0|0|0|0|0|0|29D50031|40AA65DB|100632C7|0|0|0|0|0|0|0|0|0|0|0|0|0|0|0|0|0|0|0|0|0|0|0|0|0|0|0|0|0|0|0|0|0|0|0|0|0|0|0|0|0|0|0|0|0|0|0|0|0|0|0|0F28|412C4194|100288BD|0A71|41EC70A2|100632C7|079F|4169999B|100D83F9|8275ab90775b5431
00|2026-09-16T21:54:45.8020000-04:00|0029||Stranjer DangerSiren hits Chaos for 6275 damage.|14f4472e5864ec84
00|2026-09-16T21:54:45.8910000-04:00|0029||Critical! Evil BatusaiDiabolos hits Exdeath for 8044 damage.|7e10690b2be33598
37|2026-09-16T21:54:45.8420000-04:00|40002A6D|Chaos|00004006|22759400||||||106.71|107.35|0.00|-2.41|15e1b29400d1ac04
24|2026-09-16T21:54:45.8430000-04:00|100F612E|Mr Toxic|HoT|0|4961|205177|205177|8700|10000|||104.44|106.15|-0.02|-0.12|100D83F9|Stranjer Danger|0|203702|226428|10000|10000|||91.96|90.68|-0.00|0.74|d391233b8aa6263f
38|2026-09-16T21:54:45.8430000-04:00|1003AAEE|Enri Haze|00646427|227550|227550|10000|10000|5||104.61|107.55|-0.00|-2.04|0|0|0|29CE0030|44208E14|1003AAEE|0|0|0|0751|40A00000|100288BD|0|0|0|0|0|0|0642|41192723|E0000000|0|0|0|0|0|0|0A31|400D4EB6|10020C04|0|0|0|0|0|0|0|0|0|0|0|0|0|0|0|0|0|0|0|0|0|0|0|0|0|0|0|0|0|0|0|0|0|0|0|0|0|0|0|0|0|0|0|0|0|0|0|0|0|0|0|0|0|0|0|0|0|0|0|0|0|0|0|0A1D|426C9DB9|1003AAEE|04E2|40B5A9F9|1003AAEE|0F28|41274BD3|100288BD|7e5ad92a1811b711
26|2026-09-16T21:54:45.8430000-04:00|751|Temperance|5.00|100288BD|Elie Glory|1003AAEE|Enri Haze|00|227550|204515|b5989af98436c7d3
38|2026-09-16T21:54:45.8430000-04:00|10020C04|Minda Silva|00646428|204515|204515|6050|10000|6||101.38|103.86|0.00|0.99|0|0|0|0A0168|41F00000|E0000000|0A2C|42700000|10020C04|29D20030|44E7EBB7|10020C04|04B4|418349AE|10020C04|0A31|41C1A7DF|10020C04|0|0|0|0|0|0|0|0|0|0751|40A00000|100288BD|0643|41186ED1|E0000000|0|0|0|0|0|0|0|0|0|0|0|0|0|0|0|0|0|0|0|0|0|0|0|0|0|0|0|0|0|0|0|0|0|0|0|0|0|0|0|0|0|0|0|0|0|0|0|0|0|0|0|0|0|0|0|0|0|0|0|0|0F28|412024EB|100288BD|079F|4163E76F|100D83F9|682c08cc1f96a6f3
26|2026-09-16T21:54:45.8430000-04:00|751|Temperance|5.00|100288BD|Elie Glory|10020C04|Minda Silva|00|204515|204515|faada0b7b2752c08
38|2026-09-16T21:54:45.8430000-04:00|100632C7|Evil Batusai|00646413|325133|325133|5700|10000|0||104.17|104.88|0.00|0.57|0|0|0|0A2D|42700000|10020C04|29CE0030|4424065E|100632C7|4F|0|100632C7|0751|40A00000|100288BD|0|0|0|0643|41192723|E0000000|0|0|0|0|0|0|0|0|0|0|0|0|0|0|0|0|0|0|29D50031|40A8FD68|100632C7|0|0|0|0|0|0|0|0|0|0|0|0|0|0|0|0|0|0|0|0|0|0|0|0|0|0|0|0|0|0|0|0|0|0|0|0|0|0|0|0|0|0|0|0|0|0|0|0|0|0|0|0F28|412B8D5B|100288BD|0A71|41EC1685|100632C7|079F|4168E562|100D83F9|04b9868bd93619ab
26|2026-09-16T21:54:45.8430000-04:00|751|Temperance|5.00|100288BD|Elie Glory|100632C7|Evil Batusai|00|325133|204515|057b5bca6fe3f798
38|2026-09-16T21:54:45.8430000-04:00|100F612E|Mr Toxic|0064642A|205177|205177|8700|10000|5||104.44|106.15|-0.02|-0.12|0|0|0|29CE0030|4426D8E2|100F612E|29D80031|408C8287|100F612E|0A31|41C1A7DF|10020C04|0|0|0|0|0|0|0642|41186ED1|E0000000|0751|40A00000|100288BD|0|0|0|0|0|0|0|0|0|0|0|0|0|0|0|0|0|0|0|0|0|0|0|0|0|0|0|0|0|0|0|0|0|0|0|0|0|0|0|0|0|0|0|0|0|0|0|0|0|0|0|0|0|0|0|0|0|0|0|0|0|0|0|0|0|0|0|0|0|0F28|412249C8|100288BD|0E5B|41D81EB2|100F612E|030E5A|0|100F612E|079F|416A4DD4|100D83F9|10d70ff60919de7a
26|2026-09-16T21:54:45.8430000-04:00|751|Temperance|5.00|100288BD|Elie Glory|100F612E|Mr Toxic|00|205177|204515|f6918b238a5a86fb
38|2026-09-16T21:54:45.8430000-04:00|100288BD|Elie Glory|00646418|204515|204515|7100|10000|8||103.48|104.12|-0.00|0.78|0|0|0|29D20030|4428827A|100288BD|04B4|4194686E|100288BD|0|0|0|0750|40670A21|100288BD|0751|40A00000|100288BD|0|0|0|0643|41192723|E0000000|0|0|0|0A31|400D4EB6|10020C04|0|0|0|0|0|0|0|0|0|0|0|0|0|0|0|0|0|0|0|0|0|0|0|0|0|0|0|0|0|0|0|0|0|0|0|0|0|0|0|0|0|0|0|0|0|0|0|0|0|0|0|0|0|0|0|0|0|0|0|0|0|0|0|0F28|411EB448|100288BD|079F|4166C085|100D83F9|0|0|0|0F29|4159C242|100288BD|38784e95fba0341b
26|2026-09-16T21:54:45.8430000-04:00|751|Temperance|5.00|100288BD|Elie Glory|100288BD|Elie Glory|00|204515|204515|c639463def86fd11
38|2026-09-16T21:54:45.8430000-04:00|100D83F9|Stranjer Danger|0064641F|203702|226428|10000|10000|0||91.96|90.68|-0.00|0.74|0|0|0|043C|4584E3CF|100D83F9|29CE0030|451966FA|100D83F9|29D60031|40C13EFD|100D83F9|0|0|0|0|0|0|0|0|0|0642|41192723|E0000000|0|0|0|0751|40A00000|100288BD|0|0|0|0|0|0|0|0|0|0|0|0|0|0|0|0|0|0|0|0|0|0|0|0|0|0|0|0|0|0|0|0|0|0|0|0|0|0|0|0|0|0|0|0|0|0|0|0|0|0|0|0|0|0|0|0|0|0|0|0|0|0|0|0F28|412DB238|100288BD|079F|416276CB|100D83F9|148b62f1eef3c6b6
26|2026-09-16T21:54:45.8430000-04:00|751|Temperance|5.00|100288BD|Elie Glory|100D83F9|Stranjer Danger|00|226428|204515|7798974718a94147
38|2026-09-16T21:54:45.8430000-04:00|100B00B3|Skyler Phoenix|00646416|227580|227580|10000|10000|3||110.67|111.01|0.00|-2.08|0|0|0|29CE0030|451A1C7A|100B00B3|0643|41186ED1|E0000000|0|0|0|0|0|0|29D50031|3F8684C4|100B00B3|0|0|0|0751|40A00000|100288BD|0|0|0|0|0|0|0A31|41C1A7DF|10020C04|0|0|0|0|0|0|0|0|0|0|0|0|0|0|0|0|0|0|0|0|0|0|0|0|0|0|0|0|0|0|0|0|0|0|0|0|0|0|0|0|0|0|0|0|0|0|0|0|0|0|0|0|0|0|0|0|0|0|0|0|0|0|0|0F28|41246A8C|100288BD|0AA0|41A7A3BE|100B00B3|bb6bd8f46cf295cc
26|2026-09-16T21:54:45.8430000-04:00|751|Temperance|5.00|100288BD|Elie Glory|100B00B3|Skyler Phoenix|00|227580|204515|f3ca3717a138ce09
38|2026-09-16T21:54:45.8430000-04:00|1008704E|Arcane Valiance|00646420|257157|325219|2800|10000|0||109.54|109.63|-0.02|-2.32|0|0|0|0A0168|41F00000|E0000000|0|0|0|1E016C|41F00000|E0000000|29CE0030|44E8AEB2|1008704E|02E7|0|1008704E|0642|41186ED1|E0000000|0|0|0|29D50031|40380F46|1008704E|0751|40A00000|100288BD|0|0|0|0|0|0|0|0|0|0|0|0|0|0|0|0|0|0|0|0|0|0|0|0|0|0|0|0|0|0|0|0|0|0|0|0|0|0|0|0|0|0|0|0|0|0|0|0|0|0|0|0|0|0|0|0|0|0|0|0|0|0|0|0F28|4128B445|100288BD|57edf05d21fe974d
26|2026-09-16T21:54:45.8430000-04:00|751|Temperance|5.00|100288BD|Elie Glory|1008704E|Arcane Valiance|00|325219|204515|68484160fd467734
24|2026-09-16T21:54:45.8430000-04:00|100288BD|Elie Glory|HoT|0|4D24|204515|204515|7100|10000|||103.48|104.12|-0.00|0.78|100288BD|Elie Glory|0|204515|204515|7100|10000|||103.48|104.12|-0.00|0.78|0f20c40fa3906032
38|2026-09-16T21:54:45.8430000-04:00|100288BD|Elie Glory|00646418|204515|204515|7650|10000|8||103.48|104.12|-0.00|0.78|0|0|0|29D20030|44287F99|100288BD|04B4|41940C45|100288BD|0|0|0|0750|406428D9|100288BD|0751|409E8F5C|100288BD|0|0|0|0643|41186ED1|E0000000|0|0|0|0A31|400A6D6E|10020C04|0|0|0|0|0|0|0|0|0|0|0|0|0|0|0|0|0|0|0|0|0|0|0|0|0|0|0|0|0|0|0|0|0|0|0|0|0|0|0|0|0|0|0|0|0|0|0|0|0|0|0|0|0|0|0|0|0|0|0|0|0|0|0|0F28|411DFBF6|100288BD|079F|41660833|100D83F9|0|0|0|0F29|415909F0|100288BD|ff191dedaca08b66
21|2026-09-16T21:54:45.8870000-04:00|100632C7|Evil Batusai|07|attack|40002A6C|Exdeath|712003|1F6C0000|0|0|0|0|0|0|0|0|0|0|0|0|0|0|25814187|37552669|10000|10000|||106.92|108.93|0.00|-2.73|325133|325133|5700|10000|||104.17|104.88|0.00|0.57|0000400F|0|1|00||01|07|07|0.100|973A|599dc85c1ba1a133
264|2026-09-16T21:54:45.8870000-04:00|100632C7|0007|0000400F|0||||0.570|40002A6C|0f1fd75015fdc641
24|2026-09-16T21:54:45.9330000-04:00|100D83F9|Stranjer Danger|HoT|0|77E0|203702|226428|10000|10000|||92.10|90.95|-0.00|0.74|100D83F9|Stranjer Danger|0|203702|226428|10000|10000|||92.10|90.95|-0.00|0.74|aa4a7f04e53f711f
38|2026-09-16T21:54:45.9330000-04:00|100D83F9|Stranjer Danger|0064641F|226428|226428|10000|10000|0||92.10|90.95|-0.00|0.74|0|0|0|043C|4584E2BB|100D83F9|29CE0030|451964D2|100D83F9|29D60031|40BCED11|100D83F9|0|0|0|0|0|0|0|0|0|0642|4116FE2D|E0000000|0|0|0|0751|409BAE14|100288BD|0|0|0|0|0|0|0|0|0|0|0|0|0|0|0|0|0|0|0|0|0|0|0|0|0|0|0|0|0|0|0|0|0|0|0|0|0|0|0|0|0|0|0|0|0|0|0|0|0|0|0|0|0|0|0|0|0|0|0|0|0|0|0|0F28|412B8942|100288BD|079F|41604DD5|100D83F9|5304b9ab97abf640
261|2026-09-16T21:54:46.0070000-04:00|Change|100D83F9|Heading|0.7395|PosX|92.3711|PosY|91.4408|PosZ|-0.0018|2b1025837bc9cca8
261|2026-09-16T21:54:46.0410000-04:00|Change|100288BD|CurrentMP|7650|Heading|0.7742|PosX|103.3655|PosY|104.0062|PosZ|-0.0044|fc583e10d408fdd4
00|2026-09-16T21:54:46.0690000-04:00|002B||You use Kerachole.|c29b6c00ad104707
00|2026-09-16T21:54:46.0690000-04:00|002B||Elie GloryUltros begins casting Glare III.|1c8851d3bb5e7de5
20|2026-09-16T21:54:46.0220000-04:00|100288BD|Elie Glory|6503|Glare III|40002A6D|Chaos|1.450|103.38|104.02|-0.01|0.78|41c9d0459d866806
263|2026-09-16T21:54:46.0220000-04:00|100288BD|6503|106.706|107.347|0.168|0.786|6b02dc7469bc4c2b
21|2026-09-16T21:54:46.0220000-04:00|1003AAEE|Enri Haze|1D7D|Feint|40002A6C|Exdeath|FBF60E|4AB0000|0|0|0|0|0|0|0|0|0|0|0|0|0|0|25814187|37552669|10000|10000|||106.92|108.93|0.00|-2.73|227550|227550|10000|10000|||103.81|106.96|-0.02|-2.30|00004010|0|1|00||01|1D7D|1D7D|0.600|A6F7|819463df39ef977d
264|2026-09-16T21:54:46.0220000-04:00|1003AAEE|1D7D|00004010|0||||0.956|40002A6C|2190c81b24934934
00|2026-09-16T21:54:46.0820000-04:00|002B||Skyler PhoenixDiabolos uses Raiden Thrust.|444048e71948146f
00|2026-09-16T21:54:46.0820000-04:00|0029||   Exdeath takes 34391 damage.|c3a5e2eaf3d6127f
261|2026-09-16T21:54:46.0790000-04:00|Change|40002A31|Radius|6.0000|28190db56b638de5
00|2026-09-16T21:54:46.0990000-04:00|002E||   You gain the effect of Kerachole.|556ee7844e51cef4
00|2026-09-16T21:54:46.0990000-04:00|002E||   You gain the effect of Kerakeia.|cdcf41c5d3dc772b
00|2026-09-16T21:54:46.0990000-04:00|002D||   You recover 700 MP.|fa7eee4a7e5c07b8
37|2026-09-16T21:54:46.1100000-04:00|40002A6C|Exdeath|0000400C|25779796||||||106.92|108.93|0.00|-2.73|dea6b0ba5044da11
39|2026-09-16T21:54:46.1100000-04:00|100632C7|Evil Batusai|325133|325133|5900|10000|||104.17|104.88|0.00|0.57|b1f4c6f53ff460b8
00|2026-09-16T21:54:46.2270000-04:00|002B||You begin casting Dosis III.|ef04ebc0f0047059
00|2026-09-16T21:54:46.2470000-04:00|002E||   Elie GloryUltros gains the effect of Kerachole.|50569dc4f6b90ee2
00|2026-09-16T21:54:46.2470000-04:00|002E||   Elie GloryUltros gains the effect of Kerakeia.|21d43b726325293f
00|2026-09-16T21:54:46.2470000-04:00|0029||Skyler PhoenixDiabolos hits Exdeath for 8538 damage.|532a0ee8664da43e
22|2026-09-16T21:54:46.1990000-04:00|100B00B3|Skyler Phoenix|64AD|Wyrmwind Thrust|40002A6C|Exdeath|720003|A2680000|0|0|0|0|0|0|0|0|0|0|0|0|0|0|25779796|37552669|10000|10000|||106.92|108.93|0.00|-2.73|227580|227580|10000|10000|||110.67|111.01|0.00|-2.08|00004011|0|2|00||01|64AD|64AD|0.600|2B49|0503b82c414de908
22|2026-09-16T21:54:46.1990000-04:00|100B00B3|Skyler Phoenix|64AD|Wyrmwind Thrust|40002A6D|Chaos|724003|65210000|0|0|0|0|0|0|0|0|0|0|0|0|0|0|22759400|37552669|10000|10000|||106.71|107.35|0.00|-2.41|227580|227580|10000|10000|||110.67|111.01|0.00|-2.08|00004011|1|2|00||01|64AD|64AD|0.600|2B49|84fe05c8516f7222
264|2026-09-16T21:54:46.1990000-04:00|100B00B3|64AD|00004011|1|-0.015|-0.015|-0.015|-2.079|40002A6C|e80cfebc4933cc0e
21|2026-09-16T21:54:46.1990000-04:00|100B00B3|Skyler Phoenix|07|attack|40002A6C|Exdeath|720003|215A0000|0|0|0|0|0|0|0|0|0|0|0|0|0|0|25779796|37552669|10000|10000|||106.92|108.93|0.00|-2.73|227580|227580|10000|10000|||110.67|111.01|0.00|-2.08|00004012|0|1|00||01|07|07|0.600|2B49|1877b2bcb973fe12
264|2026-09-16T21:54:46.1990000-04:00|100B00B3|0007|00004012|0||||-2.079|40002A6C|f8f051aaa2ddb3ae
37|2026-09-16T21:54:46.2870000-04:00|10020C04|Minda Silva|0000400B|204515|204515|6750|10000|6||101.38|103.86|0.00|0.99|2800|0|0|02|05000B7A|0|41700000|10020C04|20000A3A|0|41700000|10020C04|ce4b96c6953740b9
26|2026-09-16T21:54:46.2870000-04:00|B7A|Kerakeia|15.00|10020C04|Minda Silva|10020C04|Minda Silva|00|204515|204515|bb92b1abbfafb20c
26|2026-09-16T21:54:46.2870000-04:00|A3A|Kerachole|15.00|10020C04|Minda Silva|10020C04|Minda Silva|00|204515|204515|e7680b1acb66a45c
261|2026-09-16T21:54:46.3210000-04:00|Change|100632C7|CurrentMP|5900|Heading|0.5701|PosX|104.1732|PosY|104.8752|0fba4757db855616
00|2026-09-16T21:54:46.3460000-04:00|002E||   Evil BatusaiDiabolos gains the effect of Kerachole.|fed60e281a046969
00|2026-09-16T21:54:46.3460000-04:00|002E||   Evil BatusaiDiabolos gains the effect of Kerakeia.|4b7d0691b9d86c61
20|2026-09-16T21:54:46.3320000-04:00|10020C04|Minda Silva|5EF8|Dosis III|40002A6D|Chaos|1.443|101.38|103.86|0.00|0.99|ed47f699556b8a1b
263|2026-09-16T21:54:46.3320000-04:00|10020C04|5EF8|106.706|107.347|0.168|0.990|f88625f7a98ddc1c
261|2026-09-16T21:54:46.3910000-04:00|Change|10020C04|CastBuffID|24312|CastDurationCurrent|0.2241|CastDurationMax|1.4430|CastTargetID|40002A6D|CurrentMP|6750|IsCasting1|1|IsCasting2|1|ab4ad08413eb8b1c
00|2026-09-16T21:54:46.4320000-04:00|002B||Stranjer DangerSiren uses Heated Clean Shot.|adf8b2fe4e271667
00|2026-09-16T21:54:46.4320000-04:00|0029||   Direct hit! Chaos takes 57350(+61%) damage.|58badbc9fd3a5345
261|2026-09-16T21:54:46.4250000-04:00|Change|40002A6A|ModelStatus|16384|95f7ac1cfb79eb9b
37|2026-09-16T21:54:46.4210000-04:00|100288BD|Elie Glory|0000400B|204515|204515|7650|10000|8||103.35|103.99|0.00|0.78|1801|0|0|02|02000B7A|0|41700000|10020C04|20000A3A|0|41700000|10020C04|af1ab887b7abdd23
26|2026-09-16T21:54:46.4210000-04:00|B7A|Kerakeia|15.00|10020C04|Minda Silva|100288BD|Elie Glory|00|204515|204515|ed22fc0c7d66c90d
26|2026-09-16T21:54:46.4210000-04:00|A3A|Kerachole|15.00|10020C04|Minda Silva|100288BD|Elie Glory|00|204515|204515|8c292826c5377d31
37|2026-09-16T21:54:46.4210000-04:00|40002A6C|Exdeath|0000400F|25771752||||||106.92|108.93|0.00|-2.73|99cf24d0d17b2914
37|2026-09-16T21:54:46.4650000-04:00|40002A6D|Chaos|0000400D|22702050||||||106.71|107.35|0.00|-2.41|bd583ab4f39700c9
00|2026-09-16T21:54:46.4880000-04:00|002E||   Mr ToxicDiabolos gains the effect of Kerachole.|32ca12a33e04c505
00|2026-09-16T21:54:46.4880000-04:00|002E||   Mr ToxicDiabolos gains the effect of Kerakeia.|7daed7bc5a226a7b
00|2026-09-16T21:54:46.5080000-04:00|002B||Enri HazeSiren uses Feint.|ac9041829ea7bb23
00|2026-09-16T21:54:46.5080000-04:00|002F||   Exdeath suffers the effect of Feint.|a63c21d6d2bf901c
37|2026-09-16T21:54:46.5110000-04:00|40002A6D|Chaos|0000400E|22695775||||||106.71|107.35|0.00|-2.41|96e1433ab83bd0df
24|2026-09-16T21:54:46.5110000-04:00|1008704E|Arcane Valiance|HoT|0|4A6B|257157|325219|2800|10000|||108.33|108.49|-0.00|-2.30|100288BD|Elie Glory|0|204515|204515|7650|10000|||103.35|103.99|0.00|0.79|fd5f5567e5c6f6ab
24|2026-09-16T21:54:46.5110000-04:00|100B00B3|Skyler Phoenix|HoT|0|4891|227580|227580|10000|10000|||110.67|111.01|0.00|-2.08|100B00B3|Skyler Phoenix|0|227580|227580|10000|10000|||110.67|111.01|0.00|-2.08|9178b27cd1bbff96
38|2026-09-16T21:54:46.5110000-04:00|1008704E|Arcane Valiance|00646420|276208|325219|2800|10000|0||108.33|108.49|-0.00|-2.30|0|0|0|0A0168|41F00000|E0000000|0|0|0|1E016C|41F00000|E0000000|29CE0030|44E8995B|1008704E|02E7|0|1008704E|0642|410DC2CB|E0000000|0|0|0|29D50031|400D5F26|1008704E|0751|408AA7EC|100288BD|0|0|0|0|0|0|0|0|0|0|0|0|0|0|0|0|0|0|0|0|0|0|0|0|0|0|0|0|0|0|0|0|0|0|0|0|0|0|0|0|0|0|0|0|0|0|0|0|0|0|0|0|0|0|0|0|0|0|0|0|0|0|0|0F28|411E083F|100288BD|06c79b2bd69f827a
38|2026-09-16T21:54:46.5110000-04:00|100B00B3|Skyler Phoenix|00646416|227580|227580|10000|10000|3||110.67|111.01|0.00|-2.08|0|0|0|29CE0030|451A11D2|100B00B3|0643|410DC2CB|E0000000|0|0|0|0|0|0|29D50031|3EC4920A|100B00B3|0|0|0|0751|408AA7EC|100288BD|0|0|0|0|0|0|0A31|41BC51DA|10020C04|0|0|0|0|0|0|0|0|0|0|0|0|0|0|0|0|0|0|0|0|0|0|0|0|0|0|0|0|0|0|0|0|0|0|0|0|0|0|0|0|0|0|0|0|0|0|0|0|0|0|0|0|0|0|0|0|0|0|0|0|0|0|0|0F28|4119BE86|100288BD|0AA0|41A24DB9|100B00B3|274720d02e0bd1a0
37|2026-09-16T21:54:46.5550000-04:00|100632C7|Evil Batusai|0000400B|325133|325133|5900|10000|0||104.17|104.88|0.00|0.57|1302|0|0|02|04000B7A|0|41700000|10020C04|21000A3A|0|41700000|10020C04|14eb24d178643460
26|2026-09-16T21:54:46.5550000-04:00|B7A|Kerakeia|15.00|10020C04|Minda Silva|100632C7|Evil Batusai|00|325133|204515|8f7677aa3eb897a8
26|2026-09-16T21:54:46.5550000-04:00|A3A|Kerachole|15.00|10020C04|Minda Silva|100632C7|Evil Batusai|00|325133|204515|c157b1eed2968748
37|2026-09-16T21:54:46.5550000-04:00|40002A6C|Exdeath|00004010|25771752|37552669|10000|10000|0||106.92|108.93|0.00|-2.73|0|0|0|01|010004AB|0|41700000|1003AAEE|78420c4c28c52812
26|2026-09-16T21:54:46.5550000-04:00|4AB|Feint|15.00|1003AAEE|Enri Haze|40002A6C|Exdeath|00|37552669|227550|fc0addf944aa2e6e
00|2026-09-16T21:54:46.6180000-04:00|002E||   Enri HazeSiren gains the effect of Kerachole.|f36e15c7caac601c
00|2026-09-16T21:54:46.6180000-04:00|002E||   Enri HazeSiren gains the effect of Kerakeia.|2cab3649f183140d
261|2026-09-16T21:54:46.6410000-04:00|Change|40002A69|Heading|-0.0000|PosX|100.0000|PosY|80.0000|PosZ|-0.0000|fad17f810886dcee
39|2026-09-16T21:54:46.5990000-04:00|100288BD|Elie Glory|204515|204515|7850|10000|||103.35|103.99|0.00|0.79|8f0e44a5346431fd
271|2026-09-16T21:54:46.5990000-04:00|40002A69|-0.0000|00|00|100.0000|80.0000|0.0000|45c5efda5a9772d2
261|2026-09-16T21:54:46.7130000-04:00|Change|100D83F9|Heading|0.6966|PosX|95.3009|PosY|95.5605|PosZ|-0.0021|06d579bea31d3d0e
00|2026-09-16T21:54:46.7400000-04:00|0029||Critical! Arcane ValianceJenova hits Chaos for 11092 damage.|efcb32bbea63c95a
37|2026-09-16T21:54:46.6890000-04:00|100F612E|Mr Toxic|0000400B|205177|205177|8700|10000|5||104.21|105.99|-0.00|-2.22|2A03|0|0|02|03000B7A|0|41700000|10020C04|22000A3A|0|41700000|10020C04|54aeeecf3ede1b56
26|2026-09-16T21:54:46.6890000-04:00|B7A|Kerakeia|15.00|10020C04|Minda Silva|100F612E|Mr Toxic|00|205177|204515|ffe3b47d5da9b434
26|2026-09-16T21:54:46.6890000-04:00|A3A|Kerachole|15.00|10020C04|Minda Silva|100F612E|Mr Toxic|00|205177|204515|90276610cea629c2
22|2026-09-16T21:54:46.6890000-04:00|40002A69|Kefka|BAE3|Ultima Blaster|100D83F9|Stranjer Danger|750003|80270000|1B|BAE38000|0|0|0|0|0|0|0|0|0|0|0|0|226428|226428|10000|10000|||94.78|95.02|-0.00|0.67|9415000|9415000|10000|10000|||100.00|100.00|0.00|-0.00|00004013|0|8|00||01|BAE3|BAE3|1.800|7FFF|1cbeb67245d5bbe7
22|2026-09-16T21:54:46.6890000-04:00|40002A69|Kefka|BAE3|Ultima Blaster|10020C04|Minda Silva|750003|32180000|1B|BAE38000|0|0|0|0|0|0|0|0|0|0|0|0|204515|204515|6750|10000|||101.38|103.86|0.00|0.99|9415000|9415000|10000|10000|||100.00|100.00|0.00|-0.00|00004013|1|8|00||01|BAE3|BAE3|1.800|7FFF|5099093fade804db
22|2026-09-16T21:54:46.6890000-04:00|40002A69|Kefka|BAE3|Ultima Blaster|100288BD|Elie Glory|750003|288B0000|1B|BAE38000|0|0|0|0|0|0|0|0|0|0|0|0|204515|204515|7650|10000|||103.35|103.99|0.00|0.79|9415000|9415000|10000|10000|||100.00|100.00|0.00|-0.00|00004013|2|8|00||01|BAE3|BAE3|1.800|7FFF|17b6b024ab0e6db0
22|2026-09-16T21:54:46.6890000-04:00|40002A69|Kefka|BAE3|Ultima Blaster|100632C7|Evil Batusai|750003|45D00000|1B|BAE38000|0|0|0|0|0|0|0|0|0|0|0|0|325133|325133|5900|10000|||104.17|104.88|0.00|0.57|9415000|9415000|10000|10000|||100.00|100.00|0.00|-0.00|00004013|3|8|00||01|BAE3|BAE3|1.800|7FFF|f25433ad1f5beffd
22|2026-09-16T21:54:46.6890000-04:00|40002A69|Kefka|BAE3|Ultima Blaster|1003AAEE|Enri Haze|750003|67DA0000|1B|BAE38000|0|0|0|0|0|0|0|0|0|0|0|0|227550|227550|10000|10000|||103.59|106.59|-0.00|2.46|9415000|9415000|10000|10000|||100.00|100.00|0.00|-0.00|00004013|4|8|00||01|BAE3|BAE3|1.800|7FFF|b600f3883f539ef0
22|2026-09-16T21:54:46.6890000-04:00|40002A69|Kefka|BAE3|Ultima Blaster|100F612E|Mr Toxic|750003|3E400000|1B|BAE38000|0|0|0|0|0|0|0|0|0|0|0|0|205177|205177|8700|10000|||104.21|105.99|-0.00|-2.22|9415000|9415000|10000|10000|||100.00|100.00|0.00|-0.00|00004013|5|8|00||01|BAE3|BAE3|1.800|7FFF|2a4df524b2663786
22|2026-09-16T21:54:46.6890000-04:00|40002A69|Kefka|BAE3|Ultima Blaster|1008704E|Arcane Valiance|750003|5E120000|1B|BAE38000|0|0|0|0|0|0|0|0|0|0|0|0|276208|325219|2800|10000|||108.24|108.34|-0.00|-2.29|9415000|9415000|10000|10000|||100.00|100.00|0.00|-0.00|00004013|6|8|00||01|BAE3|BAE3|1.800|7FFF|ab1ea9ccfa2d92ad
22|2026-09-16T21:54:46.6890000-04:00|40002A69|Kefka|BAE3|Ultima Blaster|100B00B3|Skyler Phoenix|750003|6BFD0000|1B|BAE38000|0|0|0|0|0|0|0|0|0|0|0|0|227580|227580|10000|10000|||110.67|111.01|0.00|-2.08|9415000|9415000|10000|10000|||100.00|100.00|0.00|-0.00|00004013|7|8|00||01|BAE3|BAE3|1.800|7FFF|441b56f039a01ed8
264|2026-09-16T21:54:46.6890000-04:00|40002A69|BAE3|00004013|1|-0.015|-0.015|-0.015|-0.000|40002A69|53d543ac7e02b5c2
21|2026-09-16T21:54:46.6890000-04:00|1008704E|Arcane Valiance|07|attack|40002A6D|Chaos|712003|2B540000|0|0|0|0|0|0|0|0|0|0|0|0|0|0|22695775|37552669|10000|10000|||106.71|107.35|0.00|-2.41|276208|325219|2800|10000|||108.24|108.34|-0.00|-2.29|00004014|0|1|00||01|07|07|0.100|23B1|80698debc1421fd6
264|2026-09-16T21:54:46.6890000-04:00|1008704E|0007|00004014|0||||-2.266|40002A6D|d636db10b456cbda
37|2026-09-16T21:54:46.7320000-04:00|40002A6C|Exdeath|00004012|25763214||||||106.92|108.93|0.00|-2.73|04fea2555a607bbf
00|2026-09-16T21:54:46.7570000-04:00|002E||   Arcane ValianceJenova gains the effect of Kerachole.|ec8a68b39c5d563d
00|2026-09-16T21:54:46.7570000-04:00|002E||   Arcane ValianceJenova gains the effect of Kerakeia.|3430bbb70dbba317
261|2026-09-16T21:54:46.7660000-04:00|Change|40002A69|ModelStatus|0|80460f8b21d6209e
37|2026-09-16T21:54:46.8210000-04:00|1003AAEE|Enri Haze|0000400B|227550|227550|10000|10000|5||103.58|106.57|-0.02|2.70|2704|0|0|02|01000B7A|0|41700000|10020C04|21000A3A|0|41700000|10020C04|99f39411b679dfc2
26|2026-09-16T21:54:46.8210000-04:00|B7A|Kerakeia|15.00|10020C04|Minda Silva|1003AAEE|Enri Haze|00|227550|204515|9548f5da6ccba44d
26|2026-09-16T21:54:46.8210000-04:00|A3A|Kerachole|15.00|10020C04|Minda Silva|1003AAEE|Enri Haze|00|227550|204515|029ab17258f1417e
00|2026-09-16T21:54:46.8900000-04:00|002E||   Skyler PhoenixDiabolos gains the effect of Kerachole.|5109038196ddf653
00|2026-09-16T21:54:46.8900000-04:00|002E||   Skyler PhoenixDiabolos gains the effect of Kerakeia.|fbdc4d97dcc88b70
00|2026-09-16T21:54:46.9150000-04:00|0030||Skyler PhoenixDiabolos loses the effect of Medicated.|784b86254ea71dd8
21|2026-09-16T21:54:46.8670000-04:00|1003AAEE|Enri Haze|5F3A|Shadow of Death|40002A6C|Exdeath|710003|60420000|A000A0E|A1A0000|0|0|0|0|0|0|0|0|0|0|0|0|25763214|37552669|10000|10000|||106.92|108.93|0.00|-2.73|227550|227550|10000|10000|||103.56|106.35|-0.02|2.89|00004015|0|1|00||01|5F3A|5F3A|0.600|A11D|49a4b791d22684bc
264|2026-09-16T21:54:46.8670000-04:00|1003AAEE|5F3A|00004015|0||||0.813|40002A6C|c18df8a965b8f683
38|2026-09-16T21:54:46.8670000-04:00|40002A6C|Exdeath|00646400|25763214|37552669|10000|10000|0||106.92|108.93|0.00|-2.73|0|0|0|074F|40D97854|100288BD|04AB|416A49BA|1003AAEE|0A9F|4177F38A|100B00B3|0A38|4139ADCB|10020C04|0A0A1A|41F00000|1003AAEE|04787b634d514048
26|2026-09-16T21:54:46.8670000-04:00|A1A|Death's Design|30.00|1003AAEE|Enri Haze|40002A6C|Exdeath|0A|37552669|227550|48e441989c809633
38|2026-09-16T21:54:46.9110000-04:00|100B00B3|Skyler Phoenix|00646416|227580|227580|10000|10000|0||110.67|111.01|0.00|-2.08|0|0|0|29CE0030|451A0B6A|100B00B3|0643|4107584C|E0000000|0|0|0|0|0|0|0|0|0|0|0|0|0751|407BA5D9|100288BD|0|0|0|0|0|0|0A31|41B91C9A|10020C04|0|0|0|0|0|0|0|0|0|0|0|0|0|0|0|0|0|0|0|0|0|0|0|0|0|0|0|0|0|0|0|0|0|0|0|0|0|0|0|0|0|0|0|0|0|0|0|0|0|0|0|0|0|0|0|0|0|0|0|0|0|0|0|0F28|41135407|100288BD|0AA0|419F1879|100B00B3|3ccae091255438ae
30|2026-09-16T21:54:46.9110000-04:00|31|Medicated|0.00|100B00B3|Skyler Phoenix|100B00B3|Skyler Phoenix|29D5|227580|227580|07cb94424ff767e7
261|2026-09-16T21:54:46.9980000-04:00|Change|100F612E|CurrentMP|8900|Heading|-2.3260|PosX|104.0412|PosY|105.8135|PosZ|-0.0153|14af7e6949d9fa0a
37|2026-09-16T21:54:46.9560000-04:00|1008704E|Arcane Valiance|0000400B|276208|325219|2800|10000|0||108.21|108.12|-0.00|-2.27|2005|0|0|02|01000B7A|0|41700000|10020C04|1F000A3A|0|41700000|10020C04|bb779a43cb5f1877
26|2026-09-16T21:54:46.9560000-04:00|B7A|Kerakeia|15.00|10020C04|Minda Silva|1008704E|Arcane Valiance|00|325219|204515|fb52913e3a5f19d6
26|2026-09-16T21:54:46.9560000-04:00|A3A|Kerachole|15.00|10020C04|Minda Silva|1008704E|Arcane Valiance|00|325219|204515|983b1d5df81713ca
21|2026-09-16T21:54:46.9560000-04:00|100288BD|Elie Glory|6503|Glare III|40002A6D|Chaos|752003|E97A0000|1B|65038000|0|0|0|0|0|0|0|0|0|0|0|0|22695775|37552669|10000|10000|||106.71|107.35|0.00|-2.41|204515|204515|7850|10000|||103.35|103.99|0.00|0.79|00004016|0|1|00||01|6503|6503|0.100|A009|4a0edf64cc1edb58
264|2026-09-16T21:54:46.9560000-04:00|100288BD|6503|00004016|0||||0.786|40002A6D|00d8fd7a39db9a80
39|2026-09-16T21:54:47.0000000-04:00|100F612E|Mr Toxic|205177|205177|8900|10000|||104.09|105.86|-0.00|-2.31|e2b726dd89d21688
00|2026-09-16T21:54:47.0240000-04:00|002B||Kefka uses Ultima Blaster.|67bafe5ae3932dba
00|2026-09-16T21:54:47.0240000-04:00|0029||   Stranjer DangerSiren takes 32807 damage.|70e461c76a18d781
00|2026-09-16T21:54:47.0240000-04:00|0029||   You take 12824 damage.|f2ef157288ab08b9
00|2026-09-16T21:54:47.0240000-04:00|0029||   Elie GloryUltros takes 10379 damage.|58e58ab50d6f4c59
00|2026-09-16T21:54:47.0240000-04:00|0029||   Evil BatusaiDiabolos takes 17872 damage.|17c0c0ee80ef5db3
00|2026-09-16T21:54:47.0240000-04:00|0029||   Enri HazeSiren takes 26586 damage.|001b3065f25bef12
00|2026-09-16T21:54:47.0240000-04:00|0029||   Mr ToxicDiabolos takes 15936 damage.|27c9247066b2b0b2
00|2026-09-16T21:54:47.0240000-04:00|0029||   Arcane ValianceJenova takes 24082 damage.|39b47f4bf44db517
00|2026-09-16T21:54:47.0240000-04:00|0029||   Skyler PhoenixDiabolos takes 27645 damage.|61eb469ba764e253
00|2026-09-16T21:54:47.0350000-04:00|002E||   Stranjer DangerSiren gains the effect of Kerachole.|744945a74171aac2
00|2026-09-16T21:54:47.0350000-04:00|002E||   Stranjer DangerSiren gains the effect of Kerakeia.|f7bf2c987dd7bfd5
261|2026-09-16T21:54:47.0320000-04:00|Change|100288BD|CurrentMP|7450|Heading|0.7863|PosX|103.3492|PosY|103.9902|PosZ|0.0000|b716b50927b0295d
00|2026-09-16T21:54:47.0960000-04:00|0030||You lose the effect of Eukrasian Prognosis.|581d854c46ae4130
37|2026-09-16T21:54:47.0450000-04:00|100D83F9|Stranjer Danger|00004013|193621||||||96.79|97.07|-0.00|0.77|62856834c5627781
37|2026-09-16T21:54:47.0900000-04:00|100B00B3|Skyler Phoenix|0000400B|227580|227580|10000|10000|0||110.67|111.01|0.00|-2.08|1606|0|0|02|02000B7A|0|41700000|10020C04|1E000A3A|0|41700000|10020C04|71d88e1e69ace263
26|2026-09-16T21:54:47.0900000-04:00|B7A|Kerakeia|15.00|10020C04|Minda Silva|100B00B3|Skyler Phoenix|00|227580|204515|159409c84f5e6735
26|2026-09-16T21:54:47.0900000-04:00|A3A|Kerachole|15.00|10020C04|Minda Silva|100B00B3|Skyler Phoenix|00|227580|204515|c93d46161741c6b2
37|2026-09-16T21:54:47.0900000-04:00|10020C04|Minda Silva|00004013|191691|204515|6750|10000|0||101.38|103.86|0.00|0.99|2801|0|0|01|04000000|0|0|E0000000|d4ca632492ee50be
38|2026-09-16T21:54:47.0900000-04:00|10020C04|Minda Silva|00646428|191691|204515|6750|10000|0||101.38|103.86|0.00|0.99|0|0|0|0A0168|41F00000|E0000000|0A2C|42700000|10020C04|29D20030|44E7C3CF|10020C04|04B4|41729FA5|10020C04|0|0|0|0B7A|416272B1|10020C04|0|0|0|0|0|0|0751|4070311C|100288BD|0643|41047B1D|E0000000|0|0|0|0|0|0|0|0|0|0|0|0|0|0|0|0|0|0|0|0|0|0|0|0|0|0|0|0|0|0|0|0|0|0|0|0|0|0|0|0|0|0|0|0|0|0|0|0|0|0|0|0|0|0|0|0|0|0|0|0|0F28|410C3137|100288BD|079F|414FF3BB|100D83F9|0A3A|416272B1|10020C04|4ee2ab023b2c2107
30|2026-09-16T21:54:47.0900000-04:00|A31|Eukrasian Prognosis|0.00|10020C04|Minda Silva|10020C04|Minda Silva|00|204515|204515|2d9fc127f60a3264
37|2026-09-16T21:54:47.1350000-04:00|100288BD|Elie Glory|00004013|194136|204515|7450|10000|0||103.35|103.99|0.00|0.79|1802|0|0|01|08000000|0|0|E0000000|1eb264c14534c71b
38|2026-09-16T21:54:47.1350000-04:00|100288BD|Elie Glory|00646418|194136|204515|7450|10000|0||103.35|103.99|0.00|0.79|0|0|0|29D20030|44282CEA|100288BD|04B4|4189B63F|100288BD|0B7A|4163DB23|10020C04|0750|401178B7|100288BD|0751|406A6E8C|100288BD|0|0|0|0643|4103C2CB|E0000000|0|0|0|0|0|0|0|0|0|0|0|0|0|0|0|0|0|0|0|0|0|0|0|0|0|0|0|0|0|0|0|0|0|0|0|0|0|0|0|0|0|0|0|0|0|0|0|0|0|0|0|0|0|0|0|0|0|0|0|0|0|0|0|0|0|0|0|0|0|0F28|41094FF0|100288BD|079F|41515C2D|100D83F9|0A3A|4163DB23|10020C04|0F29|41445DEA|100288BD|6f69e11383307e60
30|2026-09-16T21:54:47.1350000-04:00|A31|Eukrasian Prognosis|0.00|10020C04|Minda Silva|100288BD|Elie Glory|00|204515|204515|d4af89d1af6c99ee
37|2026-09-16T21:54:47.1790000-04:00|100632C7|Evil Batusai|00004013|307261||||||104.17|104.88|0.00|0.57|3b21014c2cfcf37d
00|2026-09-16T21:54:47.1890000-04:00|0030||Elie GloryUltros loses the effect of Eukrasian Prognosis.|7ee32f62f09f1129
37|2026-09-16T21:54:47.2240000-04:00|100D83F9|Stranjer Danger|0000400B|193621|226428|10000|10000|0||97.11|97.42|-0.00|0.76|1F07|0|0|02|03000B7A|0|41700000|10020C04|20000A3A|0|41700000|10020C04|49354b07d1b0c70c
26|2026-09-16T21:54:47.2240000-04:00|B7A|Kerakeia|15.00|10020C04|Minda Silva|100D83F9|Stranjer Danger|00|226428|204515|34fb69fc3d5f93be
26|2026-09-16T21:54:47.2240000-04:00|A3A|Kerachole|15.00|10020C04|Minda Silva|100D83F9|Stranjer Danger|00|226428|204515|11441c8a74535506
37|2026-09-16T21:54:47.2240000-04:00|40002A6D|Chaos|00004014|22684683||||||106.71|107.35|0.00|-2.41|e151cf90f872e9cd
37|2026-09-16T21:54:47.2240000-04:00|1003AAEE|Enri Haze|00004013|200964|227550|10000|10000|0||103.52|105.98|-0.00|0.81|2704|0|0|01|08000000|0|0|E0000000|5ceeafbe76d36ae4
22|2026-09-16T21:54:47.2240000-04:00|100632C7|Evil Batusai|404A|Holy Circle|40002A6D|Chaos|752003|6B290000|4|6A3A8000|0|0|0|0|0|0|0|0|0|0|0|0|22695775|37552669|10000|10000|||106.71|107.35|0.00|-2.41|325133|325133|5900|10000|||104.17|104.88|0.00|0.57|00004017|0|2|00||01|404A|404A|0.600|973A|8fb62a0be01c7e1f
22|2026-09-16T21:54:47.2240000-04:00|100632C7|Evil Batusai|404A|Holy Circle|40002A6C|Exdeath|754003|57C10000|0|0|0|0|0|0|0|0|0|0|0|0|0|0|25763214|37552669|10000|10000|||106.92|108.93|0.00|-2.73|325133|325133|5900|10000|||104.17|104.88|0.00|0.57|00004017|1|2|00||01|404A|404A|0.600|973A|7f58618fcbabf0d7
264|2026-09-16T21:54:47.2240000-04:00|100632C7|404A|00004017|1|-0.015|-0.015|-0.015|0.570|100632C7|ef90afb96de7b5c9
21|2026-09-16T21:54:47.2240000-04:00|1003AAEE|Enri Haze|07|attack|40002A6C|Exdeath|710003|225B0000|0|0|0|0|0|0|0|0|0|0|0|0|0|0|25763214|37552669|10000|10000|||106.92|108.93|0.00|-2.73|227550|227550|10000|10000|||103.52|105.98|-0.00|0.81|00004018|0|1|00||01|07|07|0.243|A17B|f16f23637e2c71e5
264|2026-09-16T21:54:47.2240000-04:00|1003AAEE|0007|00004018|0||||0.822|40002A6C|be217897c576b541
38|2026-09-16T21:54:47.2240000-04:00|100632C7|Evil Batusai|00646413|307261|325133|4900|10000|0||104.17|104.88|0.00|0.57|0|0|0|0A2D|42700000|10020C04|29CE0030|4423AB1C|100632C7|4F|0|100632C7|0751|4064BC5F|100288BD|0B7A|41649375|10020C04|0643|41025640|E0000000|0|0|0|0|0|0|0|0|0|0|0|0|0|0|0|0|0|0|29D50031|4076B72E|100632C7|0|0|0|0|0|0|0|0|0|0|0|0|0|0|0|0|0|0|0|0|0|0|0|0|0|0|0|0|0|0|0|0|0|0|0|0|0|0|0|0|0|0|0|0|0|0|0|0|0|0|0|0F28|4114BC78|100288BD|0|0|0|079F|4152147F|100D83F9|0A3A|41649375|10020C04|cae556b3fd58efe6
26|2026-09-16T21:54:47.2240000-04:00|A2D|Kardion|60.00|10020C04|Minda Silva|100632C7|Evil Batusai|00|325133|204515|b346c9f451a2d373
30|2026-09-16T21:54:47.2240000-04:00|A71|Divine Might|0.00|100632C7|Evil Batusai|100632C7|Evil Batusai|00|325133|325133|2538f172856b6db7
38|2026-09-16T21:54:47.2240000-04:00|1003AAEE|Enri Haze|00646427|200964|227550|10000|10000|0||103.52|105.98|-0.00|0.81|0|0|0|29CE0030|442032D2|1003AAEE|0B7A|4168D917|10020C04|0751|4064BC5F|100288BD|0|0|0|0|0|0|0642|41025640|E0000000|0|0|0|0|0|0|0|0|0|0|0|0|0|0|0|0|0|0|0|0|0|0|0|0|0|0|0|0|0|0|0|0|0|0|0|0|0|0|0|0|0|0|0|0|0|0|0|0|0|0|0|0|0|0|0|0|0|0|0|0|0|0|0|0|0|0|0|0|0|0|0|0|0A1D|4266E98B|1003AAEE|04E2|40880827|1003AAEE|0F28|41107AF0|100288BD|0A3A|4168D917|10020C04|df3ab3db5df4e1ed
30|2026-09-16T21:54:47.2240000-04:00|A31|Eukrasian Prognosis|0.00|10020C04|Minda Silva|1003AAEE|Enri Haze|00|227550|204515|e0630131f806ec38
00|2026-09-16T21:54:47.2720000-04:00|0030||Enri HazeSiren loses the effect of Eukrasian Prognosis.|aa3cd16075e9f266
00|2026-09-16T21:54:47.2720000-04:00|0030||Evil BatusaiDiabolos loses the effect of Divine Might.|8a00c5a3e7822643
00|2026-09-16T21:54:47.2720000-04:00|0029||Enri HazeSiren hits Exdeath for 8795 damage.|26967b53b0b7b673
00|2026-09-16T21:54:47.2720000-04:00|0030||Mr ToxicDiabolos loses the effect of Eukrasian Prognosis.|ea3d0c1ee4dcdd56
37|2026-09-16T21:54:47.2690000-04:00|100F612E|Mr Toxic|00004013|189241|205177|8900|10000|0||104.00|105.77|-0.00|-2.34|2A05|0|0|01|02000000|0|0|E0000000|bc15a57a8fe70731
21|2026-09-16T21:54:47.2690000-04:00|10020C04|Minda Silva|5EF8|Dosis III|40002A6D|Chaos|750003|9F930000|1B|5EF88000|0|0|0|0|0|0|0|0|0|0|0|0|22695775|37552669|10000|10000|||106.71|107.35|0.00|-2.41|191691|204515|6750|10000|||101.38|103.86|0.00|0.99|00004019|0|1|00||01|5EF8|5EF8|0.100|A85A|7c12427a1eeffc70
264|2026-09-16T21:54:47.2690000-04:00|10020C04|5EF8|00004019|0||||0.990|40002A6D|56cb8dad7beb5828
38|2026-09-16T21:54:47.2690000-04:00|100F612E|Mr Toxic|0064642A|189241|205177|8900|10000|0||104.00|105.77|-0.00|-2.34|0|0|0|29CE0030|44267DA0|100F612E|29D80031|403DC173|100F612E|0|0|0|0B7A|41660000|10020C04|0|0|0|0642|41019DEE|E0000000|0751|4064BC5F|100288BD|0|0|0|0|0|0|0|0|0|0|0|0|0|0|0|0|0|0|0|0|0|0|0|0|0|0|0|0|0|0|0|0|0|0|0|0|0|0|0|0|0|0|0|0|0|0|0|0|0|0|0|0|0|0|0|0|0|0|0|0|0|0|0|0|0|0|0|0|0|0F28|410B78E5|100288BD|0E5B|41CCB63D|100F612E|030E5A|0|100F612E|079F|41537CF1|100D83F9|0A3A|41660000|10020C04|08e0ce892c09622a
30|2026-09-16T21:54:47.2690000-04:00|A31|Eukrasian Prognosis|0.00|10020C04|Minda Silva|100F612E|Mr Toxic|00|205177|204515|de757f1790724a37
00|2026-09-16T21:54:47.3400000-04:00|002B||Skyler PhoenixDiabolos uses Wyrmwind Thrust.|84f08f366a02c1c3
00|2026-09-16T21:54:47.3400000-04:00|0029||   Exdeath takes 41576 damage.|60832209e008468b
261|2026-09-16T21:54:47.3370000-04:00|Change|100632C7|CurrentMP|4900|bc7eac48f7b8d7fa
00|2026-09-16T21:54:47.3610000-04:00|0030||Skyler PhoenixDiabolos loses the effect of Eukrasian Prognosis.|fdb9607f1234bc2c
37|2026-09-16T21:54:47.3120000-04:00|1008704E|Arcane Valiance|00004013|252126||||||107.90|107.76|-0.00|-2.29|091c8dd02be8a26f
37|2026-09-16T21:54:47.3580000-04:00|100B00B3|Skyler Phoenix|00004013|199935|227580|10000|10000|0||110.67|111.01|0.00|-2.08|1607|0|0|01|09000000|0|0|E0000000|0cdbc06170286958
38|2026-09-16T21:54:47.3580000-04:00|100B00B3|Skyler Phoenix|00646416|199935|227580|10000|10000|0||110.67|111.01|0.00|-2.08|0|0|0|29CE0030|451A0446|100B00B3|0643|41003163|E0000000|0B7A|416B020D|10020C04|0|0|0|0|0|0|0|0|0|0751|405F0A32|100288BD|0|0|0|0|0|0|0|0|0|0|0|0|0|0|0|0|0|0|0|0|0|0|0|0|0|0|0|0|0|0|0|0|0|0|0|0|0|0|0|0|0|0|0|0|0|0|0|0|0|0|0|0|0|0|0|0|0|0|0|0|0|0|0|0|0|0|0|0|0|0A3A|416B020D|10020C04|0F28|410C2D1E|100288BD|0AA0|419B8504|100B00B3|589e2e162cd45886
30|2026-09-16T21:54:47.3580000-04:00|A31|Eukrasian Prognosis|0.00|10020C04|Minda Silva|100B00B3|Skyler Phoenix|00|227580|204515|dd9a98705aac505d
261|2026-09-16T21:54:47.4260000-04:00|Change|10020C04|CastDurationCurrent|1.2403|CurrentMP|6350|4d15f1a3ad870259
261|2026-09-16T21:54:47.4420000-04:00|Change|40002BA2|CurrentMP|0|Heading|1.3734|MaxHP|0|MaxMP|0|PosX|99.8092|PosY|105.9434|PosZ|0.0000|ed8e718bbb2b5cd3
00|2026-09-16T21:54:47.4500000-04:00|002B||Mr ToxicDiabolos begins casting Claw Motif.|2cb7be0ce3aa33e1
37|2026-09-16T21:54:47.4010000-04:00|40002A6C|Exdeath|00004011|25721638||||||106.92|108.93|0.00|-2.73|7d1b106e948e36ae
20|2026-09-16T21:54:47.4470000-04:00|100F612E|Mr Toxic|876A|Claw Motif|100F612E|Mr Toxic|3.000|103.90|105.66|-0.00|-2.38|42541a21699d6a7a
263|2026-09-16T21:54:47.4470000-04:00|100F612E|876A|103.716|105.425|-0.015|-2.474|0c684351d02e77be
38|2026-09-16T21:54:47.4470000-04:00|40002BA2|Automaton Queen|00646400|0|0|0|0|0||99.81|105.94|0.00|1.37|0|0|0|29CE0030|45194CA6|100D83F9|ccaabf64fc35fcf6
30|2026-09-16T21:54:47.4470000-04:00|31|Medicated|0.00|100D83F9|Stranjer Danger|40002BA2|Automaton Queen|29D6|215512|226428|ca27ce9c5b34fcff
00|2026-09-16T21:54:47.4690000-04:00|0029||   Direct hit! Chaos takes 25889 damage.|96c5e6dab2d9e71d
261|2026-09-16T21:54:47.4800000-04:00|Change|100D83F9|Heading|0.7055|PosX|98.7128|PosY|99.3261|PosZ|-0.0022|67cdb580c27c0df4
37|2026-09-16T21:54:47.5350000-04:00|40002A6D|Chaos|00004011|22658794||||||106.71|107.35|0.00|-2.41|01303584ed2fcf1d
21|2026-09-16T21:54:47.5350000-04:00|1008704E|Arcane Valiance|E27|Syphon Strike|40002A6D|Chaos|24710003|79C00000|B|2588000|11B|E278000|0|0|0|0|0|0|0|0|0|0|22684683|37552669|10000|10000|||106.71|107.35|0.00|-2.41|252126|325219|2800|10000|||107.81|107.67|-0.00|-2.30|0000401A|0|1|00||01|E27|E27|0.600|5627|68c9c62a8f83da69
264|2026-09-16T21:54:47.5350000-04:00|1008704E|0E27|0000401A|0||||-1.027|40002A6D|8716501ba8b42328
261|2026-09-16T21:54:47.6000000-04:00|Change|1008704E|Heading|-1.2765|PosX|107.3907|PosY|107.2928|PosZ|-0.0014|fc326a2f34585182
24|2026-09-16T21:54:47.6670000-04:00|40002A6C|Exdeath|DoT|0|A17D|25721638|37552669|10000|10000|||106.92|108.93|0.00|-2.73|1003AAEE|Enri Haze|FFFFFFFF|200964|227550|10000|10000|||103.55|105.30|-0.00|2.46|70070dce149efa4c
24|2026-09-16T21:54:47.6670000-04:00|40002A6D|Chaos|DoT|0|6EB7|22658794|37552669|10000|10000|||106.71|107.35|0.00|-2.41|10020C04|Minda Silva|FFFFFFFF|191691|204515|6350|10000|||101.42|103.80|0.00|1.14|bd27c9cd95d9ca2b
38|2026-09-16T21:54:47.6670000-04:00|40002A6C|Exdeath|00646400|25680297|37552669|10000|10000|0||106.92|108.93|0.00|-2.73|0|0|0|074F|40BFDEB6|100288BD|04AB|415D7CEF|1003AAEE|0A9F|416B26BF|100B00B3|0A38|412CE100|10020C04|0A0A1A|41E99998|1003AAEE|353bd1a0027c5065
38|2026-09-16T21:54:47.6670000-04:00|40002A6D|Chaos|00646400|22630451|37552669|10000|10000|0||106.71|107.35|0.00|-2.41|0|0|0|0A0A1A|41B72EB8|1003AAEE|0|0|0|0A9F|400B63D9|100B00B3|074F|40FE9714|100288BD|0A38|417CBC1D|10020C04|0def4eba567a93e3
00|2026-09-16T21:54:47.7250000-04:00|002B||You cast Dosis III.|49a3b5341d892c3d
00|2026-09-16T21:54:47.7250000-04:00|0029||   Chaos takes 40851 damage.|87216322e63e0f28
00|2026-09-16T21:54:47.7450000-04:00|002B||Evil BatusaiDiabolos casts Holy Circle.|89dfc924cc219b7c
37|2026-09-16T21:54:47.7550000-04:00|40002A6C|Exdeath|00004018|25671502||||||106.92|108.93|0.00|-2.73|9dcca15fda9463d4
37|2026-09-16T21:54:47.8450000-04:00|40002A6D|Chaos|00004017|22603018||||||106.71|107.35|0.00|-2.41|6e0447edab862cde
37|2026-09-16T21:54:47.8450000-04:00|100632C7|Evil Batusai|00004017|325133||||||104.17|104.88|0.00|0.57|466206fbb46dd51e
39|2026-09-16T21:54:47.8450000-04:00|10020C04|Minda Silva|193736|204515|6550|10000|||101.56|103.64|0.00|1.56|54328bbe2e4d5412
00|2026-09-16T21:54:47.8560000-04:00|0029||   Critical! Chaos takes 27433 damage.|3bb3cefe9afb6b7a
00|2026-09-16T21:54:47.8560000-04:00|002D||   Evil BatusaiDiabolos recovers 27194 HP.|2aefc15be1de5778
22|2026-09-16T21:54:47.8900000-04:00|10020C04|Minda Silva|5EF7|Panhaima|10020C04|Minda Silva|9C90E|A350000|509C90E|A530000|0|0|0|0|0|0|0|0|0|0|0|0|191691|204515|6350|10000|||101.56|103.64|0.00|1.56|191691|204515|6350|10000|||101.56|103.64|0.00|1.56|0000401B|0|8|00||01|5EF7|5EF7|0.600|BF97|fef4faddc85af1c4
22|2026-09-16T21:54:47.8900000-04:00|10020C04|Minda Silva|5EF7|Panhaima|100D83F9|Stranjer Danger|9C90E|A350000|509C90E|A530000|0|0|0|0|0|0|0|0|0|0|0|0|193621|226428|10000|10000|||99.69|100.60|-0.00|0.67|191691|204515|6350|10000|||101.56|103.64|0.00|1.56|0000401B|1|8|00||01|5EF7|5EF7|0.600|BF97|730f13cff04402f6
22|2026-09-16T21:54:47.8900000-04:00|10020C04|Minda Silva|5EF7|Panhaima|100288BD|Elie Glory|9C90E|A350000|509C90E|A530000|0|0|0|0|0|0|0|0|0|0|0|0|194136|204515|7450|10000|||103.35|103.99|0.00|0.79|191691|204515|6350|10000|||101.56|103.64|0.00|1.56|0000401B|2|8|00||01|5EF7|5EF7|0.600|BF97|0663cdea44d2bfca
22|2026-09-16T21:54:47.8900000-04:00|10020C04|Minda Silva|5EF7|Panhaima|1003AAEE|Enri Haze|9C90E|A350000|509C90E|A530000|0|0|0|0|0|0|0|0|0|0|0|0|200964|227550|10000|10000|||103.61|105.18|-0.00|2.32|191691|204515|6350|10000|||101.56|103.64|0.00|1.56|0000401B|3|8|00||01|5EF7|5EF7|0.600|BF97|9d4c3eba43268f30
22|2026-09-16T21:54:47.8900000-04:00|10020C04|Minda Silva|5EF7|Panhaima|100F612E|Mr Toxic|9C90E|A350000|509C90E|A530000|0|0|0|0|0|0|0|0|0|0|0|0|189241|205177|8900|10000|||103.72|105.43|-0.01|-2.47|191691|204515|6350|10000|||101.56|103.64|0.00|1.56|0000401B|4|8|00||01|5EF7|5EF7|0.600|BF97|28172234c05eb255
22|2026-09-16T21:54:47.8900000-04:00|10020C04|Minda Silva|5EF7|Panhaima|100632C7|Evil Batusai|9C90E|A350000|509C90E|A530000|0|0|0|0|0|0|0|0|0|0|0|0|307261|325133|4900|10000|||104.17|104.88|0.00|0.57|191691|204515|6350|10000|||101.56|103.64|0.00|1.56|0000401B|5|8|00||01|5EF7|5EF7|0.600|BF97|d38f4c84bf3862e6
22|2026-09-16T21:54:47.8900000-04:00|10020C04|Minda Silva|5EF7|Panhaima|1008704E|Arcane Valiance|9C90E|A350000|509C90E|A530000|0|0|0|0|0|0|0|0|0|0|0|0|252126|325219|2800|10000|||106.74|106.72|-0.00|-1.69|191691|204515|6350|10000|||101.56|103.64|0.00|1.56|0000401B|6|8|00||01|5EF7|5EF7|0.600|BF97|9f4b38ba4501cc87
22|2026-09-16T21:54:47.8900000-04:00|10020C04|Minda Silva|5EF7|Panhaima|100B00B3|Skyler Phoenix|9C90E|A350000|509C90E|A530000|0|0|0|0|0|0|0|0|0|0|0|0|199935|227580|10000|10000|||110.67|111.01|0.00|-2.08|191691|204515|6350|10000|||101.56|103.64|0.00|1.56|0000401B|7|8|00||01|5EF7|5EF7|0.600|BF97|49871c4de49fea05
264|2026-09-16T21:54:47.8900000-04:00|10020C04|5EF7|0000401B|1|-0.015|-0.015|-0.015|1.561|10020C04|76c21a7bc704c8d4
00|2026-09-16T21:54:47.9670000-04:00|0029||   Direct hit! Exdeath takes 22465 damage.|826167c77b9a4b3b
00|2026-09-16T21:54:47.9670000-04:00|002B||Enri HazeSiren uses Shadow of Death.|9f50c6a848e52520
00|2026-09-16T21:54:47.9670000-04:00|0029||   Exdeath takes 24642 damage.|3d70ffc12cf8de2a
00|2026-09-16T21:54:47.9670000-04:00|002F||   Exdeath suffers the effect of Death's Design.|935a69d2994d3c4e
00|2026-09-16T21:54:47.9880000-04:00|002D||Evil BatusaiDiabolos's Kardia restores 14265 of his HP.|442fa3052f9c5dd7
24|2026-09-16T21:54:47.9350000-04:00|100632C7|Evil Batusai|HoT|A2C|37B9|325133|325133|4900|10000|||104.17|104.88|0.00|0.57|10020C04|Minda Silva|0|193736|204515|6550|10000|||101.51|102.90|0.00|-2.88|fbd95635aa51c560
37|2026-09-16T21:54:47.9350000-04:00|40002A6D|Chaos|00004019|22562167||||||106.71|107.35|0.00|-2.41|46b0aca84a2e0fe3
38|2026-09-16T21:54:47.9350000-04:00|100632C7|Evil Batusai|00646413|325133|325133|4900|10000|0||104.17|104.88|0.00|0.57|0|0|0|0A2D|42700000|10020C04|29CE0030|44237D9B|100632C7|4F|0|100632C7|0751|40373B59|100288BD|0B7A|41593335|10020C04|0643|40EDEBFA|E0000000|0|0|0|0|0|0|0|0|0|0|0|0|0|0|0|0|0|0|29D50031|40493628|100632C7|0|0|0|0|0|0|0|0|0|0|0|0|0|0|0|0|0|0|0|0|0|0|0|0|0|0|0|0|0|0|0|0|0|0|0|0|0|0|0|0|0|0|0|0|0|0|0|0|0|0|0|0F28|41095C38|100288BD|050A53|416F47AE|10020C04|079F|4146B43F|100D83F9|0A3A|41593335|10020C04|ea815f1e4926ab2f
26|2026-09-16T21:54:47.9350000-04:00|A53|Panhaimatinon|14.96|10020C04|Minda Silva|100632C7|Evil Batusai|05|325133|204515|b274de02f68003e9
37|2026-09-16T21:54:47.9790000-04:00|40002A6C|Exdeath|00004017|25649037||||||106.92|108.93|0.00|-2.73|ce8ecdb896d646bb
21|2026-09-16T21:54:47.9790000-04:00|100B00B3|Skyler Phoenix|905B|Spiral Blow|40002A6C|Exdeath|35720003|681D0000|A0F|AA08000|11B|905B8000|0|0|0|0|0|0|0|0|0|0|25671502|37552669|10000|10000|||106.92|108.93|0.00|-2.73|199935|227580|10000|10000|||110.67|111.01|0.00|-2.08|0000401C|0|1|00||01|905B|905B|0.600|2B49|5ea9425d2662ce1a
264|2026-09-16T21:54:47.9790000-04:00|100B00B3|905B|0000401C|0||||-2.079|40002A6C|655b4d4190219030
38|2026-09-16T21:54:47.9800000-04:00|100B00B3|Skyler Phoenix|00646416|199935|227580|10000|10000|0||110.67|111.01|0.00|-2.08|0|0|0|29CE0030|4519FA5A|100B00B3|0643|40EC8387|E0000000|0B7A|41611271|10020C04|0|0|0|0|0|0|0|0|0|0751|40374BBC|100288BD|0|0|0|0|0|0|0|0|0|0|0|0|0|0|0|0|0|0|0|0|0|0|0|0|0|0|0|0|0|0|0|0|0|0|0|0|0|0|0|0|0|0|0|0|0|0|0|0|0|0|0|0|0|0|0|0|0|0|0|0|0|0|0|0|0|0|0|0|0|0A3A|41611271|10020C04|0F28|41023D82|100288BD|0AA0|C1F00000|100B00B3|050A53|416E9375|10020C04|8049d5f3175f8032
26|2026-09-16T21:54:47.9800000-04:00|AA0|Power Surge|30.00|100B00B3|Skyler Phoenix|100B00B3|Skyler Phoenix|00|227580|227580|4256702d4ad3152a
26|2026-09-16T21:54:47.9800000-04:00|A53|Panhaimatinon|14.91|10020C04|Minda Silva|100B00B3|Skyler Phoenix|05|227580|204515|c0a3dd8620fd7fca
261|2026-09-16T21:54:48.0130000-04:00|Change|100F612E|CastBuffID|34666|CastDurationCurrent|0.5936|CastDurationMax|3.0000|CastTargetID|100F612E|Heading|-2.4735|IsCasting1|1|IsCasting2|1|PosX|103.7156|PosY|105.4246|PosZ|0.0000|5cdd646c5affadb0
37|2026-09-16T21:54:48.0220000-04:00|40002A6C|Exdeath|00004015|25624395|37552669|10000|10000|0||106.92|108.93|0.00|-2.73|0|0|0|01|04000A1A|0A|41E71A9D|1003AAEE|69d3f2dcc09803c5
00|2026-09-16T21:54:48.0420000-04:00|002B||Arcane ValianceJenova uses Syphon Strike.|42340e5c8578e715
00|2026-09-16T21:54:48.0420000-04:00|0029||   Chaos takes 31168(+36%) damage.|59552a48a1f97392
00|2026-09-16T21:54:48.0420000-04:00|002D||   Arcane ValianceJenova recovers 600 MP.|6991369372cedb56
00|2026-09-16T21:54:48.2070000-04:00|002B||Elie GloryUltros casts Glare III.|cc825a1c4b9d74ad
00|2026-09-16T21:54:48.2070000-04:00|0029||   Critical! Chaos takes 59770 damage.|49389e73753d167e
00|2026-09-16T21:54:48.2070000-04:00|0029||Critical! Evil BatusaiDiabolos hits Exdeath for 7696 damage.|5affa65c5e349485
39|2026-09-16T21:54:48.1120000-04:00|1008704E|Arcane Valiance|255378|325219|3000|10000|||105.35|107.88|-0.00|-1.26|bf1a87f262115655
21|2026-09-16T21:54:48.1570000-04:00|100632C7|Evil Batusai|07|attack|40002A6C|Exdeath|712003|1E100000|0|0|0|0|0|0|0|0|0|0|0|0|0|0|25624395|37552669|10000|10000|||106.92|108.93|0.00|-2.73|325133|325133|4900|10000|||104.17|104.88|0.00|0.57|0000401D|0|1|00||01|07|07|0.100|973A|be4e25a004f7ddc1
264|2026-09-16T21:54:48.1570000-04:00|100632C7|0007|0000401D|0||||0.570|40002A6C|3ffe7fa3f712ade3
21|2026-09-16T21:54:48.1570000-04:00|100D83F9|Stranjer Danger|4074|Air Anchor|40002A6D|Chaos|720003|1F4D4001|143E|F58000|0|0|0|0|0|0|0|0|0|0|0|0|22562167|37552669|10000|10000|||106.71|107.35|0.00|-2.41|193621|226428|10000|10000|||101.18|102.51|-0.00|0.67|0000401E|0|1|00||01|4074|4074|0.600|A45F|aa0a8bd76da9e61e
264|2026-09-16T21:54:48.1570000-04:00|100D83F9|4074|0000401E|0||||0.893|40002A6D|3ebfe4656623c18e
37|2026-09-16T21:54:48.2010000-04:00|40002A6D|Chaos|0000401A|22530999||||||106.71|107.35|0.00|-2.41|916d8efdc0132e20
37|2026-09-16T21:54:48.2010000-04:00|1008704E|Arcane Valiance|0000401A|255378|325219|3600|10000|0||105.35|107.88|-0.00|-1.26|2000|0|0|0|7c45930091a1425e
261|2026-09-16T21:54:48.2620000-04:00|Change|100D83F9|Heading|0.8563|PosX|101.8209|PosY|103.3066|PosZ|-0.0008|bddc95c703b087f8
37|2026-09-16T21:54:48.2450000-04:00|40002A6D|Chaos|00004016|22471229||||||106.71|107.35|0.00|-2.41|6755302b1d75eb1d
39|2026-09-16T21:54:48.2450000-04:00|100D83F9|Stranjer Danger|195885|226428|10000|10000|||101.47|102.87|-0.00|0.67|82e8b26ac52a9975
00|2026-09-16T21:54:48.3190000-04:00|002B||You use Panhaima.|0d404e1b265f6087
00|2026-09-16T21:54:48.3570000-04:00|002E||   You gain the effect of Panhaima.|699992a2ae4f073f
00|2026-09-16T21:54:48.3570000-04:00|002E||   You gain the effect of Panhaimatinon.|812303379aa104d9
261|2026-09-16T21:54:48.3990000-04:00|Change|10020C04|CastBuffID|0|CastDurationCurrent|0.0000|CastDurationMax|0.0000|CastTargetID|E0000000|CurrentMP|6550|Heading|-2.5121|IsCasting1|0|IsCasting2|0|PosX|101.2378|PosY|102.5996|5603c4ab86113643
261|2026-09-16T21:54:48.3990000-04:00|Change|40002A69|ModelStatus|16384|7daedbf5ee842fb1
00|2026-09-16T21:54:48.4320000-04:00|0029||Stranjer DangerSiren hits Chaos for 6042 damage.|4ed51491a317ccda
21|2026-09-16T21:54:48.4240000-04:00|100D83F9|Stranjer Danger|08|Shot|40002A6D|Chaos|720003|179A0000|0|0|0|0|0|0|0|0|0|0|0|0|0|0|22471229|37552669|10000|10000|||106.71|107.35|0.00|-2.41|195885|226428|10000|10000|||102.12|103.68|-0.00|0.83|0000401F|0|1|00||01|08|08|0.332|A15E|478399a313e11db8
264|2026-09-16T21:54:48.4240000-04:00|100D83F9|0008|0000401F|0||||0.819|40002A6D|16f826acfc51bf78
00|2026-09-16T21:54:48.5000000-04:00|002E||   Stranjer DangerSiren gains the effect of Panhaima.|4ef478115177a461
00|2026-09-16T21:54:48.5000000-04:00|002E||   Stranjer DangerSiren gains the effect of Panhaimatinon.|c9c3337ff9d469c6
261|2026-09-16T21:54:48.5100000-04:00|Change|100288BD|CastBuffID|25859|CastDurationCurrent|0.0167|CastDurationMax|1.4500|CastTargetID|40002A6D|IsCasting1|1|IsCasting2|1|cb51aa9571374648
20|2026-09-16T21:54:48.4680000-04:00|100288BD|Elie Glory|6503|Glare III|40002A6D|Chaos|1.450|103.35|103.99|0.00|0.79|55ddf27c3ff5fde4
263|2026-09-16T21:54:48.4680000-04:00|100288BD|6503|106.706|107.347|0.168|0.786|724adbffb0ce8ad4
00|2026-09-16T21:54:48.5160000-04:00|002B||Elie GloryUltros begins casting Glare III.|c490749c9fb2ba7a
00|2026-09-16T21:54:48.6080000-04:00|002B||You begin casting Dosis III.|5b1676c8fee0c630
261|2026-09-16T21:54:48.5900000-04:00|Change|40002A68|Heading|-0.7855|PosX|114.1421|PosY|85.8579|PosZ|-0.0000|ef488f5de91a4319
261|2026-09-16T21:54:48.5900000-04:00|Change|1008704E|CurrentMP|3600|Heading|-1.9977|PosX|104.3985|PosY|105.8390|PosZ|-0.0153|3d74422177d7d590
37|2026-09-16T21:54:48.5580000-04:00|10020C04|Minda Silva|0000401B|193736|204515|6550|10000|8||101.24|102.60|0.00|-2.51|2800|0|0|02|21000A53|05|41700000|10020C04|22000A35|0|41700000|10020C04|de4b478f3688a8ae
26|2026-09-16T21:54:48.5580000-04:00|A53|Panhaimatinon|15.00|10020C04|Minda Silva|10020C04|Minda Silva|05|204515|204515|72ef1cd90cf057dd
26|2026-09-16T21:54:48.5580000-04:00|A35|Panhaima|15.00|10020C04|Minda Silva|10020C04|Minda Silva|00|204515|204515|0db0e3fca6cce3f2
39|2026-09-16T21:54:48.5580000-04:00|1003AAEE|Enri Haze|203239|227550|10000|10000|||104.02|104.63|0.00|1.72|ef98355ce4fc1634
38|2026-09-16T21:54:48.5580000-04:00|10020C04|Minda Silva|00646428|193736|204515|6550|10000|8||101.24|102.60|0.00|-2.51|0|0|0|0A0168|41F00000|E0000000|0A2C|42700000|10020C04|29D20030|44E794DF|10020C04|04B4|415B26D4|10020C04|0|0|0|0B7A|414AF9E0|10020C04|0|0|0|0|0|0|0751|40124DC9|100288BD|0643|40DA048A|E0000000|0|0|0|0|0|0|0|0|0|0|0|0|0|0|0|0|0|0|0|0|0|0|0|0|0|0|0|0|0|0|0|0|0|0|0|0|0|0|0|0|0|0|0|0|0|0|0|0|0|0|0|0|0|0|0|0|0|0|0|0|0F28|40E970C4|100288BD|079F|41387AEA|100D83F9|0A3A|414AF9E0|10020C04|050A53|416F4BC7|10020C04|0A35|416F4BC7|10020C04|a23fd030f3b03e09
26|2026-09-16T21:54:48.5580000-04:00|A2C|Kardia|60.00|10020C04|Minda Silva|10020C04|Minda Silva|00|204515|204515|1e0d46d2d2fed79d
271|2026-09-16T21:54:48.6020000-04:00|40002A68|-0.7855|00|00|114.1421|85.8579|0.0000|1cbdc5b3c4632509
00|2026-09-16T21:54:48.6590000-04:00|002E||   Elie GloryUltros gains the effect of Panhaima.|69b8ba43e85dfb6e
00|2026-09-16T21:54:48.6590000-04:00|002E||   Elie GloryUltros gains the effect of Panhaimatinon.|ffa666f1deddd588
261|2026-09-16T21:54:48.6850000-04:00|Change|10020C04|CastBuffID|24312|CastDurationCurrent|0.1001|CastDurationMax|1.4430|CastTargetID|40002A6D|Heading|0.8559|IsCasting1|1|IsCasting2|1|PosX|101.2378|PosY|102.5996|PosZ|0.0000|80b1b72915d68986
24|2026-09-16T21:54:48.6460000-04:00|1003AAEE|Enri Haze|HoT|0|6A57|203239|227550|10000|10000|||104.02|104.63|0.00|1.72|10020C04|Minda Silva|0|193736|204515|6550|10000|||101.24|102.60|0.00|0.86|2de4d412100f27e8
38|2026-09-16T21:54:48.6470000-04:00|1003AAEE|Enri Haze|00646427|227550|227550|10000|10000|0||104.02|104.63|0.00|1.72|0|0|0|29CE0030|441FD7C1|1003AAEE|0B7A|4152147F|10020C04|0751|4009A9F1|100288BD|0|0|0|0|0|0|0642|40D72342|E0000000|0|0|0|0|0|0|0|0|0|0|0|0|0|0|0|0|0|0|0|0|0|0|0|0|0|0|0|0|0|0|0|0|0|0|0|0|0|0|0|0|0|0|0|0|0|0|0|0|0|0|0|0|0|0|0|0|0|0|0|0|0|0|0|0|0|0|0|0|0|0|0|0|0A1D|42613870|1003AAEE|04E2|4034FDDD|1003AAEE|0F28|40F36CAD|100288BD|0A3A|4152147F|10020C04|050A53|4163E356|10020C04|110016e60b6df714
26|2026-09-16T21:54:48.6470000-04:00|A53|Panhaimatinon|14.24|10020C04|Minda Silva|1003AAEE|Enri Haze|05|227550|204515|afdc224d4d24b7a0
37|2026-09-16T21:54:48.6920000-04:00|100D83F9|Stranjer Danger|0000401B|195885|226428|10000|10000|7||103.00|104.71|-0.00|0.77|1F01|0|0|02|21000A53|05|41700000|10020C04|22000A35|0|41700000|10020C04|c5c53ff32dd2e8c4
26|2026-09-16T21:54:48.6920000-04:00|A53|Panhaimatinon|15.00|10020C04|Minda Silva|100D83F9|Stranjer Danger|05|226428|204515|71ae754f58d6e4c6
26|2026-09-16T21:54:48.6920000-04:00|A35|Panhaima|15.00|10020C04|Minda Silva|100D83F9|Stranjer Danger|00|226428|204515|fdce8d4e7b1813aa
37|2026-09-16T21:54:48.6920000-04:00|40002A6C|Exdeath|0000401D|25616699||||||106.92|108.93|0.00|-2.73|faf3a310eeecbb98
22|2026-09-16T21:54:48.6920000-04:00|40002A68|Kefka|BAE3|Ultima Blaster|100288BD|Elie Glory|750003|668D0000|1B|BAE38000|0|0|0|0|0|0|0|0|0|0|0|0|194136|204515|7450|10000|||103.35|103.99|0.00|0.79|9415000|9415000|10000|10000|||114.14|85.86|-0.00|-0.79|00004020|0|8|00||01|BAE3|BAE3|1.800|5FFF|a370a01b76e3da80
22|2026-09-16T21:54:48.6920000-04:00|40002A68|Kefka|BAE3|Ultima Blaster|10020C04|Minda Silva|750003|21C00000|1B|BAE38000|0|0|0|0|0|0|0|0|0|0|0|0|193736|204515|6550|10000|||101.24|102.60|0.00|0.86|9415000|9415000|10000|10000|||114.14|85.86|-0.00|-0.79|00004020|1|8|00||01|BAE3|BAE3|1.800|5FFF|6853e5a11493fec5
22|2026-09-16T21:54:48.6920000-04:00|40002A68|Kefka|BAE3|Ultima Blaster|1008704E|Arcane Valiance|750003|4EB90000|1B|BAE38000|0|0|0|0|0|0|0|0|0|0|0|0|255378|325219|3600|10000|||104.40|105.84|-0.02|-2.00|9415000|9415000|10000|10000|||114.14|85.86|-0.00|-0.79|00004020|2|8|00||01|BAE3|BAE3|1.800|5FFF|fd02dc6d7e129dca
22|2026-09-16T21:54:48.6920000-04:00|40002A68|Kefka|BAE3|Ultima Blaster|1003AAEE|Enri Haze|750003|857D0000|1B|BAE38000|0|0|0|0|0|0|0|0|0|0|0|0|203239|227550|10000|10000|||104.02|104.63|0.00|1.72|9415000|9415000|10000|10000|||114.14|85.86|-0.00|-0.79|00004020|3|8|00||01|BAE3|BAE3|1.800|5FFF|4649a9f1f731a3da
22|2026-09-16T21:54:48.6920000-04:00|40002A68|Kefka|BAE3|Ultima Blaster|100632C7|Evil Batusai|750003|487B0000|1B|BAE38000|0|0|0|0|0|0|0|0|0|0|0|0|325133|325133|4900|10000|||104.17|104.88|0.00|0.57|9415000|9415000|10000|10000|||114.14|85.86|-0.00|-0.79|00004020|4|8|00||01|BAE3|BAE3|1.800|5FFF|a3d774e1dbe5ce40
22|2026-09-16T21:54:48.6920000-04:00|40002A68|Kefka|BAE3|Ultima Blaster|100D83F9|Stranjer Danger|750003|2DCC0000|1B|BAE38000|0|0|0|0|0|0|0|0|0|0|0|0|195885|226428|10000|10000|||103.00|104.71|-0.00|0.77|9415000|9415000|10000|10000|||114.14|85.86|-0.00|-0.79|00004020|5|8|00||01|BAE3|BAE3|1.800|5FFF|1d65b40e563c5993
22|2026-09-16T21:54:48.6920000-04:00|40002A68|Kefka|BAE3|Ultima Blaster|100F612E|Mr Toxic|750003|65810000|1B|BAE38000|0|0|0|0|0|0|0|0|0|0|0|0|189241|205177|8900|10000|||103.72|105.42|0.00|-2.47|9415000|9415000|10000|10000|||114.14|85.86|-0.00|-0.79|00004020|6|8|00||01|BAE3|BAE3|1.800|5FFF|27c0d441e1a7c4fb
22|2026-09-16T21:54:48.6920000-04:00|40002A68|Kefka|BAE3|Ultima Blaster|100B00B3|Skyler Phoenix|750003|814D0000|1B|BAE38000|0|0|0|0|0|0|0|0|0|0|0|0|199935|227580|10000|10000|||110.67|111.01|0.00|-2.08|9415000|9415000|10000|10000|||114.14|85.86|-0.00|-0.79|00004020|7|8|00||01|BAE3|BAE3|1.800|5FFF|34222cb6bb954508
264|2026-09-16T21:54:48.6920000-04:00|40002A68|BAE3|00004020|1|-0.015|-0.015|-0.015|-0.785|40002A68|b4628c5f676233b2
38|2026-09-16T21:54:48.6920000-04:00|100D83F9|Stranjer Danger|0064641F|195885|226428|10000|10000|7||103.00|104.71|-0.00|0.77|0|0|0|043C|4584CCB1|100D83F9|29CE0030|451938BE|100D83F9|29D60031|40494699|100D83F9|0B7A|4157CAC4|10020C04|0|0|0|0|0|0|0642|40D5B29E|E0000000|0|0|0|0751|4006C8A9|100288BD|0|0|0|0|0|0|0|0|0|0|0|0|0|0|0|0|0|0|0|0|0|0|0|0|0|0|0|0|0|0|0|0|0|0|0|0|0|0|0|0|0|0|0|0|0|0|0|0|0|0|0|0|0|0|0|0|0|0|0|0|0|0|0|0F28|40FEC8D6|100288BD|079F|413428FE|100D83F9|0A3A|4157CAC4|10020C04|050A53|416F47AE|10020C04|0A35|416F47AE|10020C04|c893da1dd9e56f9d
261|2026-09-16T21:54:48.7240000-04:00|Change|40002A68|ModelStatus|0|1db54b71e1557d8d
00|2026-09-16T21:54:48.7860000-04:00|002E||   Enri HazeSiren gains the effect of Panhaima.|5ffd09476585df49
00|2026-09-16T21:54:48.7860000-04:00|002E||   Enri HazeSiren gains the effect of Panhaimatinon.|50a5b228abf5b2ac
24|2026-09-16T21:54:48.7370000-04:00|10020C04|Minda Silva|HoT|0|6AB8|193736|204515|6550|10000|||101.24|102.60|0.00|0.86|10020C04|Minda Silva|0|193736|204515|6550|10000|||101.24|102.60|0.00|0.86|c68002598bcad2cb
24|2026-09-16T21:54:48.7370000-04:00|100632C7|Evil Batusai|HoT|0|6DB8|325133|325133|4900|10000|||104.17|104.88|0.00|0.57|10020C04|Minda Silva|0|193736|204515|6550|10000|||101.24|102.60|0.00|0.86|86410ef4cd5307b4
20|2026-09-16T21:54:48.7370000-04:00|10020C04|Minda Silva|5EF8|Dosis III|40002A6D|Chaos|1.443|101.24|102.60|0.00|0.86|767aa1eb384217e4
263|2026-09-16T21:54:48.7370000-04:00|10020C04|5EF8|106.706|107.347|0.168|0.856|3ad391e4ffe75461
22|2026-09-16T21:54:48.7370000-04:00|100632C7|Evil Batusai|C7|Last Bastion|100632C7|Evil Batusai|B00E|C40000|0|0|0|0|0|0|0|0|0|0|0|0|0|0|325133|325133|4900|10000|||104.17|104.88|0.00|0.57|325133|325133|4900|10000|||104.17|104.88|0.00|0.57|00004021|0|8|00||01|C7|C7|3.860|973A|b118a68eef195499
22|2026-09-16T21:54:48.7370000-04:00|100632C7|Evil Batusai|C7|Last Bastion|1008704E|Arcane Valiance|B00E|C40000|0|0|0|0|0|0|0|0|0|0|0|0|0|0|255378|325219|3600|10000|||104.33|105.51|-0.00|-2.11|325133|325133|4900|10000|||104.17|104.88|0.00|0.57|00004021|1|8|00||01|C7|C7|3.860|973A|22f2cb8426dcd345
22|2026-09-16T21:54:48.7370000-04:00|100632C7|Evil Batusai|C7|Last Bastion|1003AAEE|Enri Haze|B00E|C40000|0|0|0|0|0|0|0|0|0|0|0|0|0|0|227550|227550|10000|10000|||104.02|104.63|0.00|1.72|325133|325133|4900|10000|||104.17|104.88|0.00|0.57|00004021|2|8|00||01|C7|C7|3.860|973A|95556176e09e40f5
22|2026-09-16T21:54:48.7370000-04:00|100632C7|Evil Batusai|C7|Last Bastion|100F612E|Mr Toxic|B00E|C40000|0|0|0|0|0|0|0|0|0|0|0|0|0|0|189241|205177|8900|10000|||103.72|105.42|0.00|-2.47|325133|325133|4900|10000|||104.17|104.88|0.00|0.57|00004021|3|8|00||01|C7|C7|3.860|973A|60f3b97f2fc4adbe
22|2026-09-16T21:54:48.7370000-04:00|100632C7|Evil Batusai|C7|Last Bastion|100D83F9|Stranjer Danger|B00E|C40000|0|0|0|0|0|0|0|0|0|0|0|0|0|0|195885|226428|10000|10000|||103.07|104.75|0.00|0.78|325133|325133|4900|10000|||104.17|104.88|0.00|0.57|00004021|4|8|00||01|C7|C7|3.860|973A|9c9ed76c36cb0820
22|2026-09-16T21:54:48.7370000-04:00|100632C7|Evil Batusai|C7|Last Bastion|100288BD|Elie Glory|B00E|C40000|0|0|0|0|0|0|0|0|0|0|0|0|0|0|194136|204515|7450|10000|||103.35|103.99|0.00|0.79|325133|325133|4900|10000|||104.17|104.88|0.00|0.57|00004021|5|8|00||01|C7|C7|3.860|973A|c8d29c0443b59137
22|2026-09-16T21:54:48.7370000-04:00|100632C7|Evil Batusai|C7|Last Bastion|10020C04|Minda Silva|B00E|C40000|0|0|0|0|0|0|0|0|0|0|0|0|0|0|193736|204515|6550|10000|||101.24|102.60|0.00|0.86|325133|325133|4900|10000|||104.17|104.88|0.00|0.57|00004021|6|8|00||01|C7|C7|3.860|973A|69cc386ff0c19faa
22|2026-09-16T21:54:48.7370000-04:00|100632C7|Evil Batusai|C7|Last Bastion|100B00B3|Skyler Phoenix|B00E|C40000|0|0|0|0|0|0|0|0|0|0|0|0|0|0|199935|227580|10000|10000|||110.67|111.01|0.00|-2.08|325133|325133|4900|10000|||104.17|104.88|0.00|0.57|00004021|7|8|00||01|C7|C7|3.860|973A|a44e71a9145e336b
264|2026-09-16T21:54:48.7370000-04:00|100632C7|00C7|00004021|1|-0.015|-0.015|-0.015|0.570|100632C7|98575b217e8c1c2f
36|2026-09-16T21:54:48.7370000-04:00|0000|3|e7f560426f4ec908
38|2026-09-16T21:54:48.7370000-04:00|10020C04|Minda Silva|00646428|204515|204515|7100|10000|8||101.24|102.60|0.00|0.86|0|0|0|0A0168|41F00000|E0000000|0A2C|42700000|10020C04|29D20030|44E78F24|10020C04|04B4|415849A5|10020C04|0|0|0|0B7A|41481CB1|10020C04|0|0|0|0|0|0|0751|4006D90C|100288BD|0643|40D44A2B|E0000000|0|0|0|0|0|0|0|0|0|0|0|0|0|0|0|0|0|0|0|0|0|0|0|0|0|0|0|0|0|0|0|0|0|0|0|0|0|0|0|0|0|0|0|0|0|0|0|0|0|0|0|0|0|0|0|0|0|0|0|0|0F28|40E3B665|100288BD|079F|41359DBB|100D83F9|0A3A|41481CB1|10020C04|050A53|416C6E98|10020C04|0A35|416C6E98|10020C04|08c3baddae6b01d2
38|2026-09-16T21:54:48.7370000-04:00|1008704E|Arcane Valiance|00646420|255378|325219|3600|10000|0||104.33|105.51|-0.00|-2.11|0|0|0|0A0168|41F00000|E0000000|0B7A|4152CCD1|10020C04|1E016C|41F00000|E0000000|29CE0030|44E8521F|1008704E|02E7|0|1008704E|0642|40D44A2B|E0000000|0|0|0|0|0|0|0751|4006D90C|100288BD|0|0|0|0|0|0|0|0|0|0|0|0|0|0|0|0|0|0|0|0|0|0|0|0|0|0|0|0|0|0|0|0|0|0|0|0|0|0|0|0|0|0|0|0|0|0|0|0|0|0|0|0|0|0|0|0|0|0|0|0|0|0|0|0F28|40F4D51E|100288BD|0A3A|4152CCD1|10020C04|050A53|416276CB|10020C04|70d6aeac42618bd7
30|2026-09-16T21:54:48.7370000-04:00|31|Medicated|0.00|1008704E|Arcane Valiance|1008704E|Arcane Valiance|29D5|325219|325219|d6035a6112dad998
26|2026-09-16T21:54:48.7370000-04:00|A53|Panhaimatinon|14.15|10020C04|Minda Silva|1008704E|Arcane Valiance|05|325219|204515|a0cdbfca1b0b7a9e
38|2026-09-16T21:54:48.7370000-04:00|100632C7|Evil Batusai|00646413|325133|325133|4900|10000|0||104.17|104.88|0.00|0.57|0|0|0|0A2D|42700000|10020C04|29CE0030|44234A59|100632C7|4F|0|100632C7|0751|4003F7C4|100288BD|0B7A|414C6252|10020C04|0643|40D44A2B|E0000000|0|0|0|0|0|0|0|0|0|0|0|0|0|0|0|0|0|0|29D50031|4015F293|100632C7|0|0|0|0|0|0|0|0|0|0|0|0|0|0|0|0|0|0|0|0|0|0|0|0|0|0|0|0|0|0|0|0|0|0|0|0|0|0|0|0|0|0|0|0|0|0|0|0|0|0|0|0F28|40F916A8|100288BD|050A53|416276CB|10020C04|079F|4139E35C|100D83F9|0A3A|414C6252|10020C04|31313d8cb3f69498
37|2026-09-16T21:54:48.8240000-04:00|100288BD|Elie Glory|0000401B|194136|204515|7450|10000|8||103.35|103.99|0.00|0.79|1802|0|0|02|22000A53|05|41700000|10020C04|23000A35|0|41700000|10020C04|e3e65f4bff9c077b
26|2026-09-16T21:54:48.8240000-04:00|A53|Panhaimatinon|15.00|10020C04|Minda Silva|100288BD|Elie Glory|05|204515|204515|ebc6676cbadfdabe
26|2026-09-16T21:54:48.8240000-04:00|A35|Panhaima|15.00|10020C04|Minda Silva|100288BD|Elie Glory|00|204515|204515|1ca35543f9824080
24|2026-09-16T21:54:48.8240000-04:00|100F612E|Mr Toxic|HoT|0|83A1|189241|205177|8900|10000|||103.72|105.42|0.00|-2.47|10020C04|Minda Silva|0|193736|204515|6550|10000|||101.24|102.60|0.00|0.86|84b8bb8ae1bf8035
38|2026-09-16T21:54:48.8240000-04:00|1003AAEE|Enri Haze|00646427|227550|227550|10000|10000|0||104.02|104.63|0.00|1.72|0|0|0|29CE0030|441FCF3E|1003AAEE|0B7A|414FF3BB|10020C04|0751|40A00000|100288BD|0|0|0|0|0|0|0642|40D2E1B8|E0000000|0|0|0|0|0|0|0|0|0|0|0|0|0|0|0|0|0|0|0|0|0|0|0|0|0|0|0|0|0|0|0|0|0|0|0|0|0|0|0|0|0|0|0|0|0|0|0|0|0|0|0|0|0|0|0|0|0|0|0|0|0|0|0|0|0|0|0|0|0|0|0|0|0A1D|4260B040|1003AAEE|04E2|402C7ACB|1003AAEE|0F28|40EF2B23|100288BD|0A3A|414FF3BB|10020C04|050A53|4161C292|10020C04|85b6ba4e38b08d52
26|2026-09-16T21:54:48.8240000-04:00|751|Temperance|5.00|100288BD|Elie Glory|1003AAEE|Enri Haze|00|227550|204515|1330aa629c7c3736
38|2026-09-16T21:54:48.8240000-04:00|10020C04|Minda Silva|00646428|204515|204515|7100|10000|0||101.24|102.60|0.00|0.86|0|0|0|0A0168|41F00000|E0000000|0A2C|42700000|10020C04|29D20030|44E78C54|10020C04|04B4|4156E133|10020C04|0|0|0|0B7A|4146B43F|10020C04|0|0|0|0|0|0|0751|40A00000|100288BD|0643|40D17945|E0000000|0|0|0|0|0|0|0|0|0|0|0|0|0|0|0|0|0|0|0|0|0|0|0|0|0|0|0|0|0|0|0|0|0|0|0|0|0|0|0|0|0|0|0|0|0|0|0|0|0|0|0|0|0|0|0|0|0|0|0|0|0F28|40E0E57F|100288BD|079F|41343549|100D83F9|0A3A|4146B43F|10020C04|050A53|416B0626|10020C04|0A35|416B0626|10020C04|ade40b112c5f0960
26|2026-09-16T21:54:48.8240000-04:00|751|Temperance|5.00|100288BD|Elie Glory|10020C04|Minda Silva|00|204515|204515|2a4bd4a2b506fdba
38|2026-09-16T21:54:48.8240000-04:00|100632C7|Evil Batusai|00646413|325133|325133|4900|10000|0||104.17|104.88|0.00|0.57|0|0|0|0A2D|42700000|10020C04|29CE0030|44234788|100632C7|4F|0|100632C7|0751|40A00000|100288BD|0B7A|414BAE19|10020C04|0643|40D2E1B8|E0000000|0|0|0|0|0|0|0|0|0|0|0|0|0|0|0|0|0|0|29D50031|401321AE|100632C7|0|0|0|0|0|0|0|0|0|0|0|0|0|0|0|0|0|0|0|0|0|0|0|0|0|0|0|0|0|0|0|0|0|0|0|0|0|0|0|0|0|0|0|0|0|0|0|0|0|0|0|0F28|40F7AE35|100288BD|050A53|4161C292|10020C04|079F|41392F23|100D83F9|0A3A|414BAE19|10020C04|059dc28b1d9fb269
26|2026-09-16T21:54:48.8240000-04:00|751|Temperance|5.00|100288BD|Elie Glory|100632C7|Evil Batusai|00|325133|204515|5aa656982d5e2ad9
00|2026-09-16T21:54:48.8380000-04:00|0030||Arcane ValianceJenova loses the effect of Medicated.|f5092b0446d17822
38|2026-09-16T21:54:48.8250000-04:00|100F612E|Mr Toxic|0064642A|205177|205177|8900|10000|0||103.72|105.42|0.00|-2.47|0|0|0|29CE0030|44261A1C|100F612E|29D80031|3FB478AC|100F612E|0|0|0|0B7A|414D1EBD|10020C04|0|0|0|0642|40D17945|E0000000|0751|40A00000|100288BD|0|0|0|0|0|0|0|0|0|0|0|0|0|0|0|0|0|0|0|0|0|0|0|0|0|0|0|0|0|0|0|0|0|0|0|0|0|0|0|0|0|0|0|0|0|0|0|0|0|0|0|0|0|0|0|0|0|0|0|0|0|0|0|0|0|0|0|0|0|0F28|40E52F3A|100288BD|0E5B|41C04594|100F612E|030E5A|0|100F612E|079F|413A9BAE|100D83F9|0A3A|414D1EBD|10020C04|050A53|41610E59|10020C04|ab5fa58da5e32ea4
26|2026-09-16T21:54:48.8250000-04:00|751|Temperance|5.00|100288BD|Elie Glory|100F612E|Mr Toxic|00|205177|204515|11c5b13ebfa018b5
26|2026-09-16T21:54:48.8250000-04:00|A53|Panhaimatinon|14.07|10020C04|Minda Silva|100F612E|Mr Toxic|05|205177|204515|981002a309f9b08a
38|2026-09-16T21:54:48.8250000-04:00|100288BD|Elie Glory|00646418|194136|204515|7450|10000|8||103.35|103.99|0.00|0.79|0|0|0|29D20030|4427C3A4|100288BD|04B4|41791A8D|100288BD|0B7A|4149893C|10020C04|0750|3F20C426|100288BD|0751|40A00000|100288BD|0|0|0|0643|40D2E1B8|E0000000|0|0|0|0|0|0|0|0|0|0|0|0|0|0|0|0|0|0|0|0|0|0|0|0|0|0|0|0|0|0|0|0|0|0|0|0|0|0|0|0|0|0|0|0|0|0|0|0|0|0|0|0|0|0|0|0|0|0|0|0|0|0|0|0|0|0|0|0|0|0F28|40DDFC07|100288BD|079F|41370A46|100D83F9|0A3A|4149893C|10020C04|0F29|412A0C03|100288BD|050A53|41700000|10020C04|0A35|41700000|10020C04|4062ce030d67b796
26|2026-09-16T21:54:48.8250000-04:00|751|Temperance|5.00|100288BD|Elie Glory|100288BD|Elie Glory|00|204515|204515|fcd3cfb80f6eb1ea
38|2026-09-16T21:54:48.8250000-04:00|100D83F9|Stranjer Danger|0064641F|195885|226428|10000|10000|0||103.07|104.75|0.00|0.78|0|0|0|043C|4584CBFD|100D83F9|29CE0030|45193756|100D83F9|29D60031|4043A4CF|100D83F9|0B7A|41566252|10020C04|0|0|0|0|0|0|0642|40D2E1B8|E0000000|0|0|0|0751|40A00000|100288BD|0|0|0|0|0|0|0|0|0|0|0|0|0|0|0|0|0|0|0|0|0|0|0|0|0|0|0|0|0|0|0|0|0|0|0|0|0|0|0|0|0|0|0|0|0|0|0|0|0|0|0|0|0|0|0|0|0|0|0|0|0|0|0|0F28|40FBF7F0|100288BD|079F|4132C08C|100D83F9|0A3A|41566252|10020C04|050A53|416DDF3C|10020C04|0A35|416DDF3C|10020C04|252a201370e9d6c6
26|2026-09-16T21:54:48.8250000-04:00|751|Temperance|5.00|100288BD|Elie Glory|100D83F9|Stranjer Danger|00|226428|204515|8ea255f8f498763e
38|2026-09-16T21:54:48.8250000-04:00|100B00B3|Skyler Phoenix|00646416|199935|227580|10000|10000|0||110.67|111.01|0.00|-2.08|0|0|0|29CE0030|4519ECDA|100B00B3|0643|40D17945|E0000000|0B7A|41538D55|10020C04|0|0|0|0|0|0|0|0|0|0751|40A00000|100288BD|0|0|0|0|0|0|0|0|0|0|0|0|0|0|0|0|0|0|0|0|0|0|0|0|0|0|0|0|0|0|0|0|0|0|0|0|0|0|0|0|0|0|0|0|0|0|0|0|0|0|0|0|0|0|0|0|0|0|0|0|0|0|0|0|0|0|0|0|0|0A3A|41538D55|10020C04|0F28|40E970C4|100288BD|0AA0|C1F00000|100B00B3|050A53|41610E59|10020C04|d47859388cf16af6
26|2026-09-16T21:54:48.8250000-04:00|751|Temperance|5.00|100288BD|Elie Glory|100B00B3|Skyler Phoenix|00|227580|204515|fc899d2c26d4c50f
38|2026-09-16T21:54:48.8250000-04:00|1008704E|Arcane Valiance|00646420|255378|325219|3600|10000|0||104.33|105.51|-0.00|-2.11|0|0|0|0A0168|41F00000|E0000000|0B7A|4151645F|10020C04|1E016C|41F00000|E0000000|29CE0030|44E84F4F|1008704E|02E7|0|1008704E|0642|40D17945|E0000000|0|0|0|0|0|0|0751|40A00000|100288BD|0|0|0|0|0|0|0|0|0|0|0|0|0|0|0|0|0|0|0|0|0|0|0|0|0|0|0|0|0|0|0|0|0|0|0|0|0|0|0|0|0|0|0|0|0|0|0|0|0|0|0|0|0|0|0|0|0|0|0|0|0|0|0|0F28|40F20438|100288BD|0A3A|4151645F|10020C04|050A53|41610E59|10020C04|185c75617c500bfc
26|2026-09-16T21:54:48.8250000-04:00|751|Temperance|5.00|100288BD|Elie Glory|1008704E|Arcane Valiance|00|325219|204515|da1cfd2b30f60ce6
24|2026-09-16T21:54:48.8250000-04:00|100288BD|Elie Glory|HoT|0|6B3E|194136|204515|7450|10000|||103.35|103.99|0.00|0.79|10020C04|Minda Silva|0|193736|204515|6550|10000|||101.24|102.60|0.00|0.86|ff13dad577e9e032
38|2026-09-16T21:54:48.8250000-04:00|100288BD|Elie Glory|00646418|204515|204515|8000|10000|8||103.35|103.99|0.00|0.79|0|0|0|29D20030|4427C0D3|100288BD|04B4|41786654|100288BD|0B7A|4148D503|10020C04|0750|3F158090|100288BD|0751|409E978D|100288BD|0|0|0|0643|40D17945|E0000000|0|0|0|0|0|0|0|0|0|0|0|0|0|0|0|0|0|0|0|0|0|0|0|0|0|0|0|0|0|0|0|0|0|0|0|0|0|0|0|0|0|0|0|0|0|0|0|0|0|0|0|0|0|0|0|0|0|0|0|0|0|0|0|0|0|0|0|0|0|0F28|40DC9394|100288BD|079F|4136560D|100D83F9|0A3A|4148D503|10020C04|0F29|412957CA|100288BD|050A53|416F4BC7|10020C04|0A35|416F4BC7|10020C04|d269dae112b61515
24|2026-09-16T21:54:48.9130000-04:00|100D83F9|Stranjer Danger|HoT|0|6D05|195885|226428|10000|10000|||103.07|104.75|0.00|0.78|10020C04|Minda Silva|0|204515|204515|7100|10000|||101.24|102.60|0.00|0.86|8253817edc50171c
38|2026-09-16T21:54:48.9130000-04:00|100D83F9|Stranjer Danger|0064641F|223794|226428|10000|10000|0||103.07|104.75|0.00|0.78|0|0|0|043C|4584CAED|100D83F9|29CE0030|45193536|100D83F9|29D60031|403B21BD|100D83F9|0B7A|4154418E|10020C04|0|0|0|0|0|0|0642|40CEA02E|E0000000|0|0|0|0751|409BBE76|100288BD|0|0|0|0|0|0|0|0|0|0|0|0|0|0|0|0|0|0|0|0|0|0|0|0|0|0|0|0|0|0|0|0|0|0|0|0|0|0|0|0|0|0|0|0|0|0|0|0|0|0|0|0|0|0|0|0|0|0|0|0|0|0|0|0F28|40F7B666|100288BD|079F|41309FC8|100D83F9|0A3A|4154418E|10020C04|050A53|416BBE78|10020C04|0A35|416BBE78|10020C04|f94293522858c724
00|2026-09-16T21:54:48.9370000-04:00|002E||   Mr ToxicDiabolos gains the effect of Panhaima.|173996ff71029ec3
00|2026-09-16T21:54:48.9370000-04:00|002E||   Mr ToxicDiabolos gains the effect of Panhaimatinon.|bbb6b0640cfbac83
00|2026-09-16T21:54:48.9870000-04:00|002B||Kefka uses Ultima Blaster.|67c458224b496187
00|2026-09-16T21:54:48.9870000-04:00|0029||   Elie GloryUltros takes 26253 damage.|f6c32abc954b9f51
00|2026-09-16T21:54:48.9870000-04:00|0029||   You take 8640 damage.|0569bd63812f1830
00|2026-09-16T21:54:48.9870000-04:00|0029||   Arcane ValianceJenova takes 20153 damage.|b26bad2abb51d0f5
00|2026-09-16T21:54:48.9870000-04:00|0029||   Enri HazeSiren takes 34173 damage.|cffdbd6370f5e119
00|2026-09-16T21:54:48.9870000-04:00|0029||   Evil BatusaiDiabolos takes 18555 damage.|8d4813d1f8379682
00|2026-09-16T21:54:48.9870000-04:00|0029||   Stranjer DangerSiren takes 11724 damage.|19fb1c918b44d0c3
00|2026-09-16T21:54:48.9870000-04:00|0029||   Mr ToxicDiabolos takes 25985 damage.|15e6b9136f9b4d6c
00|2026-09-16T21:54:48.9870000-04:00|0029||   Skyler PhoenixDiabolos takes 33101 damage.|9adc7b988b9700ef
00|2026-09-16T21:54:49.0030000-04:00|000E|Elie GloryUltros|1 -> B3|02b427bfc7b81b82
00|2026-09-16T21:54:49.0060000-04:00|0029||Critical direct hit! Skyler PhoenixDiabolos hits Exdeath for 15879 damage.|5243c769434fe51d
261|2026-09-16T21:54:48.9990000-04:00|Change|40002A6D|CastBuffID|0|CastDurationCurrent|0.0000|CastDurationMax|0.0000|Heading|-2.4094|IsCasting1|0|IsCasting2|0|0ca31deb4a7d9754
37|2026-09-16T21:54:48.9580000-04:00|1003AAEE|Enri Haze|0000401B|227550|227550|10000|10000|7||104.02|104.63|0.00|1.72|2703|0|0|02|22000A53|05|41700000|10020C04|23000A35|0|41700000|10020C04|c25bfad4fee2c160
26|2026-09-16T21:54:48.9580000-04:00|A35|Panhaima|15.00|10020C04|Minda Silva|1003AAEE|Enri Haze|00|227550|204515|9ffdeee543b71fc4
22|2026-09-16T21:54:48.9580000-04:00|40002A6D|Chaos|BB00|Umbra Smash|10020C04|Minda Silva|750003|19810000|1B|BB008000|0|0|0|0|0|0|0|0|0|0|0|0|204515|204515|7100|10000|||101.24|102.60|0.00|0.86|22471229|37552669|10000|10000|||106.71|107.35|0.00|-2.41|00004022|0|8|00||01|BB00|BB00|4.100|1DD5|cae4e0dea1af40cf
22|2026-09-16T21:54:48.9580000-04:00|40002A6D|Chaos|BB00|Umbra Smash|100288BD|Elie Glory|750003|0|1B|BB008000|0|0|0|0|0|0|0|0|0|0|0|0|204515|204515|8000|10000|||103.35|103.99|0.00|0.79|22471229|37552669|10000|10000|||106.71|107.35|0.00|-2.41|00004022|1|8|00||01|BB00|BB00|4.100|1DD5|14e56b37661fba3a
22|2026-09-16T21:54:48.9580000-04:00|40002A6D|Chaos|BB00|Umbra Smash|100D83F9|Stranjer Danger|750003|1C170000|1B|BB008000|0|0|0|0|0|0|0|0|0|0|0|0|223794|226428|10000|10000|||103.07|104.75|0.00|0.79|22471229|37552669|10000|10000|||106.71|107.35|0.00|-2.41|00004022|2|8|00||01|BB00|BB00|4.100|1DD5|d744d1fac5eaf8d2
22|2026-09-16T21:54:48.9580000-04:00|40002A6D|Chaos|BB00|Umbra Smash|1003AAEE|Enri Haze|750003|0|1B|BB008000|0|0|0|0|0|0|0|0|0|0|0|0|227550|227550|10000|10000|||104.02|104.63|0.00|1.72|22471229|37552669|10000|10000|||106.71|107.35|0.00|-2.41|00004022|3|8|00||01|BB00|BB00|4.100|1DD5|1a2d2f1fb172189b
22|2026-09-16T21:54:48.9580000-04:00|40002A6D|Chaos|BB00|Umbra Smash|100632C7|Evil Batusai|750003|11980000|1B|BB008000|0|0|0|0|0|0|0|0|0|0|0|0|325133|325133|4900|10000|||104.17|104.88|0.00|0.57|22471229|37552669|10000|10000|||106.71|107.35|0.00|-2.41|00004022|4|8|00||01|BB00|BB00|4.100|1DD5|23d008916368fe39
22|2026-09-16T21:54:48.9580000-04:00|40002A6D|Chaos|BB00|Umbra Smash|1008704E|Arcane Valiance|750003|13BF0000|1B|BB008000|0|0|0|0|0|0|0|0|0|0|0|0|255378|325219|3600|10000|||104.24|105.14|-0.00|-2.25|22471229|37552669|10000|10000|||106.71|107.35|0.00|-2.41|00004022|5|8|00||01|BB00|BB00|4.100|1DD5|8daf2dd3a089ad85
22|2026-09-16T21:54:48.9580000-04:00|40002A6D|Chaos|BB00|Umbra Smash|100F612E|Mr Toxic|750003|1A3A0000|1B|BB008000|0|0|0|0|0|0|0|0|0|0|0|0|205177|205177|8900|10000|||103.72|105.42|0.00|-2.47|22471229|37552669|10000|10000|||106.71|107.35|0.00|-2.41|00004022|6|8|00||01|BB00|BB00|4.100|1DD5|3ffffa73c71375f7
22|2026-09-16T21:54:48.9580000-04:00|40002A6D|Chaos|BB00|Umbra Smash|100B00B3|Skyler Phoenix|750003|20BD0000|1B|BB008000|0|0|0|0|0|0|0|0|0|0|0|0|199935|227580|10000|10000|||110.67|111.01|0.00|-2.08|22471229|37552669|10000|10000|||106.71|107.35|0.00|-2.41|00004022|7|8|00||01|BB00|BB00|4.100|1DD5|f48fa8dab2edd384
264|2026-09-16T21:54:48.9580000-04:00|40002A6D|BB00|00004022|1|87.327|85.771|-0.015|-2.409|E0000000|f9e175c4a97c3e7c
38|2026-09-16T21:54:48.9580000-04:00|1003AAEE|Enri Haze|00646427|227550|227550|10000|10000|7||104.02|104.63|0.00|1.72|0|0|0|29CE0030|441FC3DA|1003AAEE|0B7A|414D1AA5|10020C04|0751|409A4DD2|100288BD|0|0|0|0|0|0|0642|40CD2F8A|E0000000|0|0|0|0|0|0|0|0|0|0|0|0|0|0|0|0|0|0|0|0|0|0|0|0|0|0|0|0|0|0|0|0|0|0|0|0|0|0|0|0|0|0|0|0|0|0|0|0|0|0|0|0|0|0|0|0|0|0|0|0|0|0|0|0|0|0|0|0|0|0|0|0|0A1D|425FF9FC|1003AAEE|04E2|40211671|1003AAEE|0F28|40E978F5|100288BD|0A3A|414D1AA5|10020C04|050A53|416F47AE|10020C04|0A35|416F47AE|10020C04|16bd11fcc11a2c8d
21|2026-09-16T21:54:49.0030000-04:00|100B00B3|Skyler Phoenix|07|attack|40002A6C|Exdeath|726003|3E070000|0|0|0|0|0|0|0|0|0|0|0|0|0|0|25616699|37552669|10000|10000|||106.92|108.93|0.00|-2.73|199935|227580|10000|10000|||110.67|111.01|0.00|-2.08|00004023|0|1|00||01|07|07|0.100|2B49|de044c32eed5912e
264|2026-09-16T21:54:49.0030000-04:00|100B00B3|0007|00004023|0||||-2.079|40002A6C|136025c4008f80a0
00|2026-09-16T21:54:49.0750000-04:00|002E||   Evil BatusaiDiabolos gains the effect of Panhaima.|7c5a6943fcc94779
00|2026-09-16T21:54:49.0750000-04:00|002E||   Evil BatusaiDiabolos gains the effect of Panhaimatinon.|c01ca090470344dc
37|2026-09-16T21:54:49.0930000-04:00|100F612E|Mr Toxic|0000401B|205177|205177|8900|10000|8||103.72|105.42|0.00|-2.47|2A04|0|0|02|23000A53|05|41700000|10020C04|24000A35|0|41700000|10020C04|450f69aac1247228
26|2026-09-16T21:54:49.0930000-04:00|A35|Panhaima|15.00|10020C04|Minda Silva|100F612E|Mr Toxic|00|205177|204515|f02069abc3544d01
37|2026-09-16T21:54:49.0930000-04:00|100288BD|Elie Glory|00004020|178262||||||103.35|103.99|0.00|0.79|6aeb2d53cb63622f
38|2026-09-16T21:54:49.0930000-04:00|100F612E|Mr Toxic|0064642A|205177|205177|8900|10000|8||103.72|105.42|0.00|-2.47|0|0|0|29CE0030|442608E6|100F612E|29D80031|3F920A16|100F612E|0|0|0|0B7A|4148D0EA|10020C04|0|0|0|0642|40C8DD9E|E0000000|0751|40976459|100288BD|0|0|0|0|0|0|0|0|0|0|0|0|0|0|0|0|0|0|0|0|0|0|0|0|0|0|0|0|0|0|0|0|0|0|0|0|0|0|0|0|0|0|0|0|0|0|0|0|0|0|0|0|0|0|0|0|0|0|0|0|0|0|0|0|0|0|0|0|0|0F28|40DC9393|100288BD|0E5B|41BE1EAA|100F612E|030E5A|0|100F612E|079F|41364DDB|100D83F9|0A3A|4148D0EA|10020C04|050A53|416F47AE|10020C04|0A35|416F47AE|10020C04|f39343e32304ef51
00|2026-09-16T21:54:49.1400000-04:00|002E||You gain the effect of Panhaima.|b004030264149013
00|2026-09-16T21:54:49.1400000-04:00|0030||You lose the effect of Panhaima.|bcf36542821c9094
261|2026-09-16T21:54:49.1750000-04:00|Change|100632C7|CurrentMP|5100|6b0a3095c70f7850
37|2026-09-16T21:54:49.1370000-04:00|10020C04|Minda Silva|00004020|195875|204515|7100|10000|8||101.24|102.60|0.00|0.86|2801|0|0|02|21000A53|04|4166B853|10020C04|22000A35|0|41700000|10020C04|db83760c276732ff
26|2026-09-16T21:54:49.1370000-04:00|A53|Panhaimatinon|14.42|10020C04|Minda Silva|10020C04|Minda Silva|04|204515|204515|4c62c20a4e82a33d
39|2026-09-16T21:54:49.1370000-04:00|100632C7|Evil Batusai|325133|325133|5100|10000|||104.17|104.88|0.00|0.57|86019d3a3aec46af
38|2026-09-16T21:54:49.1370000-04:00|10020C04|Minda Silva|00646428|195875|204515|7100|10000|8||101.24|102.60|0.00|0.86|0|0|0|0A0168|41F00000|E0000000|0A2C|42700000|10020C04|29D20030|44E7824F|10020C04|04B4|4151DF27|10020C04|0|0|0|0B7A|4141B233|10020C04|0|0|0|0|0|0|0751|4095FBE6|100288BD|0643|40C7752B|E0000000|0|0|0|0|0|0|0|0|0|0|0|0|0|0|0|0|0|0|0|0|0|0|0|0|0|0|0|0|0|0|0|0|0|0|0|0|0|0|0|0|0|0|0|0|0|0|0|0|0|0|0|0|0|0|0|0|0|0|0|0|0F28|40D6E165|100288BD|079F|412F333D|100D83F9|0A3A|4141B233|10020C04|040A53|4166041A|10020C04|0A35|416F4BC7|10020C04|610a39504860ccd4
00|2026-09-16T21:54:49.1750000-04:00|002E||   Arcane ValianceJenova gains the effect of Panhaima.|3153c5ee1c26c7e0
00|2026-09-16T21:54:49.1750000-04:00|002E||   Arcane ValianceJenova gains the effect of Panhaimatinon.|5848914fd2b0c6e8
00|2026-09-16T21:54:49.1890000-04:00|000E|Elie GloryUltros|2 -> 2B|7f60351b75285eaf
37|2026-09-16T21:54:49.1820000-04:00|1008704E|Arcane Valiance|00004020|235225||||||104.19|105.07|-0.02|-2.30|f7960ebb656c227b
37|2026-09-16T21:54:49.1820000-04:00|40002A6D|Chaos|0000401F|22465187||||||106.71|107.35|0.00|-2.41|536b899e980fe746
37|2026-09-16T21:54:49.2260000-04:00|100632C7|Evil Batusai|0000401B|325133|325133|5100|10000|5||104.17|104.88|0.00|0.57|1305|0|0|02|1F000A53|05|41700000|10020C04|22000A35|0|41700000|10020C04|cfe38376fba1de46
26|2026-09-16T21:54:49.2260000-04:00|A35|Panhaima|15.00|10020C04|Minda Silva|100632C7|Evil Batusai|00|325133|204515|1cbd6ef94f6c2374
37|2026-09-16T21:54:49.2260000-04:00|1003AAEE|Enri Haze|00004020|193377||||||104.02|104.63|0.00|1.72|10c5f5ed4d041bc6
38|2026-09-16T21:54:49.2260000-04:00|100632C7|Evil Batusai|00646413|325133|325133|5100|10000|5||104.17|104.88|0.00|0.57|0|0|0|0A2D|42700000|10020C04|29CE0030|44232AFE|100632C7|4F|0|100632C7|0751|4091BA5C|100288BD|0B7A|41448B49|10020C04|0643|40C49C14|E0000000|0|0|0|0|0|0|0|0|0|0|0|0|0|0|0|0|0|0|29D50031|3FED2CD4|100632C7|0|0|0|0|0|0|0|0|0|0|0|0|0|0|0|0|0|0|0|0|0|0|0|0|0|0|0|0|0|0|0|0|0|0|0|0|0|0|0|0|0|0|0|0|0|0|0|0|0|0|0|0F28|40E96891|100288BD|050A53|416F4BC7|10020C04|079F|41320C53|100D83F9|0A3A|41448B49|10020C04|0A35|416F4BC7|10020C04|8f24044f4e58a768
26|2026-09-16T21:54:49.2260000-04:00|A2D|Kardion|60.00|10020C04|Minda Silva|100632C7|Evil Batusai|00|325133|204515|8709917cb2c8e35e
00|2026-09-16T21:54:49.2390000-04:00|002B||Stranjer DangerSiren uses Air Anchor.|6c1445483164af27
00|2026-09-16T21:54:49.2390000-04:00|0029||   Chaos takes 73549 damage.|b104292b477853c8
00|2026-09-16T21:54:49.2800000-04:00|002B||Skyler PhoenixDiabolos uses Spiral Blow.|df7501b7fe898e15
00|2026-09-16T21:54:49.2800000-04:00|0029||   Exdeath takes 26653(+53%) damage.|1b608727d1f52be5
00|2026-09-16T21:54:49.2800000-04:00|002E||   Skyler PhoenixDiabolos gains the effect of Power Surge.|04f4982d917d986d
00|2026-09-16T21:54:49.2910000-04:00|000E|Elie GloryUltros|3 -> A2|0d4b5b8e364b90a8
00|2026-09-16T21:54:49.3210000-04:00|002E||   Skyler PhoenixDiabolos gains the effect of Panhaima.|0b604a92ca9d5f27
00|2026-09-16T21:54:49.3210000-04:00|002E||   Skyler PhoenixDiabolos gains the effect of Panhaimatinon.|ca647e4091fa0e5f
00|2026-09-16T21:54:49.3210000-04:00|002E||Stranjer DangerSiren gains the effect of Panhaima.|74daa229ebd38f46
00|2026-09-16T21:54:49.3210000-04:00|0030||Stranjer DangerSiren loses the effect of Panhaima.|9611b4036aea2a00
37|2026-09-16T21:54:49.2700000-04:00|100632C7|Evil Batusai|00004020|306578||||||104.17|104.88|0.00|0.57|98b22b38a9808e4d
37|2026-09-16T21:54:49.3150000-04:00|100D83F9|Stranjer Danger|00004020|212070|226428|10000|10000|7||103.07|104.75|0.00|0.79|1F05|0|0|02|21000A53|04|4166041A|10020C04|22000A35|0|41700000|10020C04|42fefb55cf273f3e
26|2026-09-16T21:54:49.3150000-04:00|A53|Panhaimatinon|14.38|10020C04|Minda Silva|100D83F9|Stranjer Danger|04|226428|204515|bbb542b1d3d9e114
37|2026-09-16T21:54:49.3150000-04:00|40002A6D|Chaos|0000401E|22391638||||||106.71|107.35|0.00|-2.41|025d4bdbdf2e6f85
21|2026-09-16T21:54:49.3150000-04:00|1003AAEE|Enri Haze|5F35|Slice|40002A6C|Exdeath|712003|F2910000|A3E|1008000|1B|5F358000|0|0|0|0|0|0|0|0|0|0|25616699|37552669|10000|10000|||106.92|108.93|0.00|-2.73|193377|227550|10000|10000|||104.02|104.63|0.00|1.72|00004024|0|1|00||01|5F35|5F35|0.600|983C|f3beab0df289423c
264|2026-09-16T21:54:49.3150000-04:00|1003AAEE|5F35|00004024|0||||0.595|40002A6C|bd0ef1dfae3a9df2
38|2026-09-16T21:54:49.3150000-04:00|100D83F9|Stranjer Danger|0064641F|212070|226428|10000|10000|7||103.07|104.75|0.00|0.79|0|0|0|043C|4584C7B7|100D83F9|29CE0030|45192ECA|100D83F9|29D60031|4021675E|100D83F9|0B7A|414DD2F7|10020C04|0|0|0|0|0|0|0642|40C1C2FD|E0000000|0|0|0|0751|408EE145|100288BD|0|0|0|0|0|0|0|0|0|0|0|0|0|0|0|0|0|0|0|0|0|0|0|0|0|0|0|0|0|0|0|0|0|0|0|0|0|0|0|0|0|0|0|0|0|0|0|0|0|0|0|0|0|0|0|0|0|0|0|0|0|0|0|0F28|40EAD935|100288BD|079F|412A3131|100D83F9|0A3A|414DD2F7|10020C04|040A53|41654FE1|10020C04|0A35|416F4BC7|10020C04|ffc9f0e24a44a2da
37|2026-09-16T21:54:49.3600000-04:00|1008704E|Arcane Valiance|0000401B|235225|325219|3600|10000|5||104.16|105.03|-0.00|-2.33|2006|0|0|02|20000A53|05|41700000|10020C04|21000A35|0|41700000|10020C04|2bbee6496c1751ee
26|2026-09-16T21:54:49.3600000-04:00|A35|Panhaima|15.00|10020C04|Minda Silva|1008704E|Arcane Valiance|00|325219|204515|abb34c39a3ce1139
37|2026-09-16T21:54:49.3600000-04:00|100F612E|Mr Toxic|00004020|179192||||||103.72|105.42|0.00|-2.47|b53d6736f6c7d429
37|2026-09-16T21:54:49.3600000-04:00|40002A6C|Exdeath|0000401C|25590046||||||106.92|108.93|0.00|-2.73|28424004d1d1ac0d
37|2026-09-16T21:54:49.3600000-04:00|100B00B3|Skyler Phoenix|0000401C|199935|227580|10000|10000|0||110.67|111.01|0.00|-2.08|1600|0|0|01|20000AA0|0|41F00000|100B00B3|0147c8946c52777d
39|2026-09-16T21:54:49.3600000-04:00|100B00B3|Skyler Phoenix|202210|227580|10000|10000|||110.67|111.01|0.00|-2.08|950762b32641e024
38|2026-09-16T21:54:49.3600000-04:00|1008704E|Arcane Valiance|00646420|235225|325219|3600|10000|5||104.16|105.03|-0.00|-2.33|0|0|0|0A0168|41F00000|E0000000|0B7A|4148D0EB|10020C04|1E016C|41F00000|E0000000|29CE0030|44E83E27|1008704E|02E7|0|1008704E|0642|40C05259|E0000000|0|0|0|0|0|0|0751|408ED914|100288BD|0|0|0|0|0|0|0|0|0|0|0|0|0|0|0|0|0|0|0|0|0|0|0|0|0|0|0|0|0|0|0|0|0|0|0|0|0|0|0|0|0|0|0|0|0|0|0|0|0|0|0|0|0|0|0|0|0|0|0|0|0|0|0|0F28|40E0DD4C|100288BD|0A3A|4148D0EB|10020C04|050A53|416F47AE|10020C04|0A35|416F47AE|10020C04|46403112058a465e
38|2026-09-16T21:54:49.3600000-04:00|100B00B3|Skyler Phoenix|00646416|202210|227580|10000|10000|0||110.67|111.01|0.00|-2.08|0|0|0|29CE0030|4519E44A|100B00B3|0643|40C05259|E0000000|0B7A|414AF9E1|10020C04|0|0|0|0|0|0|0|0|0|0751|408ED914|100288BD|0|0|0|0|0|0|0|0|0|0|0|0|0|0|0|0|0|0|0|0|0|0|0|0|0|0|0|0|0|0|0|0|0|0|0|0|0|0|0|0|0|0|0|0|0|0|0|0|0|0|0|0|0|0|0|0|0|0|0|0|0|0|0|0|0|0|0|0|0|0A3A|414AF9E1|10020C04|0F28|40D849D8|100288BD|0AA0|41EFA3D7|100B00B3|050A53|41587AE5|10020C04|c5184285a19973ad
37|2026-09-16T21:54:49.4030000-04:00|100B00B3|Skyler Phoenix|00004020|169109||||||110.67|111.01|0.00|-2.08|9fbaa39f35a1eb39
21|2026-09-16T21:54:49.4030000-04:00|100288BD|Elie Glory|6503|Glare III|40002A6D|Chaos|752003|E4600000|1B|65038000|0|0|0|0|0|0|0|0|0|0|0|0|22391638|37552669|10000|10000|||106.71|107.35|0.00|-2.41|178262|204515|8000|10000|||103.35|103.99|0.00|0.79|00004025|0|1|00||01|6503|6503|0.100|A009|e42f6e62e8866b2e
264|2026-09-16T21:54:49.4030000-04:00|100288BD|6503|00004025|0||||0.786|40002A6D|2c7edddd50e17298
00|2026-09-16T21:54:49.4970000-04:00|0030||Elie GloryUltros loses the effect of Temperance.|d335416a9b770c72
261|2026-09-16T21:54:49.4840000-04:00|Change|100B00B3|Heading|-2.0792|NPCTargetID|40002A6D|PCTargetID|40002A6D|PosX|110.6737|PosY|111.0094|PosZ|0.0000|b8d52fda61369a63
38|2026-09-16T21:54:49.4490000-04:00|100288BD|Elie Glory|00646418|178262|204515|7600|10000|8||103.35|103.99|0.00|0.79|0|0|0|29D20030|442798D4|100288BD|04B4|416E6655|100288BD|0B7A|413ED504|10020C04|0|0|0|0751|408A978A|100288BD|0|0|0|0643|40BD7942|E0000000|0|0|0|0|0|0|0|0|0|0|0|0|0|0|0|0|0|0|0|0|0|0|0|0|0|0|0|0|0|0|0|0|0|0|0|0|0|0|0|0|0|0|0|0|0|0|0|0|0|0|0|0|0|0|0|0|0|0|0|0|0|0|0|0|0|0|0|0|0|0F28|40C89391|100288BD|079F|412C560E|100D83F9|0A3A|413ED504|10020C04|0F29|411F57CB|100288BD|050A53|41654BC8|10020C04|0A35|41654BC8|10020C04|63de12110d11dd4d
00|2026-09-16T21:54:49.5140000-04:00|000E|Elie GloryUltros|4 -> 1A|b8c7a01602b35af3
30|2026-09-16T21:54:49.4490000-04:00|750|Temperance|0.00|100288BD|Elie Glory|100288BD|Elie Glory|00|204515|204515|28f0ec78576a1f3e
37|2026-09-16T21:54:49.4930000-04:00|100B00B3|Skyler Phoenix|0000401B|169109|227580|10000|10000|7||110.67|111.01|0.00|-2.08|1607|0|0|02|21000A53|05|41700000|10020C04|22000A35|0|41700000|10020C04|a4ed69c664816c37
26|2026-09-16T21:54:49.4930000-04:00|A35|Panhaima|15.00|10020C04|Minda Silva|100B00B3|Skyler Phoenix|00|227580|204515|d0ad2655a39e36af
24|2026-09-16T21:54:49.4930000-04:00|1008704E|Arcane Valiance|HoT|0|6813|235225|325219|3600|10000|||104.15|105.02|-0.00|-2.33|10020C04|Minda Silva|0|195875|204515|7100|10000|||101.24|102.60|0.00|0.86|78a27750a1579b5e
24|2026-09-16T21:54:49.4930000-04:00|100B00B3|Skyler Phoenix|HoT|0|834F|169109|227580|10000|10000|||110.67|111.01|0.00|-2.08|10020C04|Minda Silva|0|195875|204515|7100|10000|||101.24|102.60|0.00|0.86|e67f8e3d23d3688f
38|2026-09-16T21:54:49.4930000-04:00|1008704E|Arcane Valiance|00646420|261868|325219|3600|10000|5||104.15|105.02|-0.00|-2.33|0|0|0|0A0168|41F00000|E0000000|0B7A|4146B027|10020C04|1E016C|41F00000|E0000000|29CE0030|44E839E6|1008704E|02E7|0|1008704E|0642|40BC10CF|E0000000|0|0|0|0|0|0|0751|408A978A|100288BD|0|0|0|0|0|0|0|0|0|0|0|0|0|0|0|0|0|0|0|0|0|0|0|0|0|0|0|0|0|0|0|0|0|0|0|0|0|0|0|0|0|0|0|0|0|0|0|0|0|0|0|0|0|0|0|0|0|0|0|0|0|0|0|0F28|40DC9BC2|100288BD|0A3A|4146B027|10020C04|050A53|416D26EA|10020C04|0A35|416D26EA|10020C04|74696d624c731a73
38|2026-09-16T21:54:49.4930000-04:00|100B00B3|Skyler Phoenix|00646416|202724|227580|10000|10000|7||110.67|111.01|0.00|-2.08|0|0|0|29CE0030|4519E22A|100B00B3|0643|40BC10CF|E0000000|0B7A|4148D91D|10020C04|0|0|0|0|0|0|0|0|0|0751|408A978A|100288BD|0|0|0|0|0|0|0|0|0|0|0|0|0|0|0|0|0|0|0|0|0|0|0|0|0|0|0|0|0|0|0|0|0|0|0|0|0|0|0|0|0|0|0|0|0|0|0|0|0|0|0|0|0|0|0|0|0|0|0|0|0|0|0|0|0|0|0|0|0|0A3A|4148D91D|10020C04|0F28|40D4084E|100288BD|0AA0|41EE9375|100B00B3|050A53|416F4BC7|10020C04|0A35|416F4BC7|10020C04|7aa56574247c381a
261|2026-09-16T21:54:49.5280000-04:00|Change|100288BD|CastBuffID|0|CastDurationCurrent|0.0000|CastDurationMax|0.0000|CastTargetID|E0000000|CurrentMP|7600|IsCasting1|0|IsCasting2|0|fc94e506ea6ae6a8
37|2026-09-16T21:54:49.5390000-04:00|40002A6C|Exdeath|00004023|25574167||||||106.92|108.93|0.00|-2.73|0be20fbee4cf8f22
39|2026-09-16T21:54:49.5820000-04:00|100288BD|Elie Glory|180307|204515|7800|10000|||103.35|103.99|0.00|0.79|4c92cd1b58799285
22|2026-09-16T21:54:49.5820000-04:00|100D83F9|Stranjer Danger|9074|Checkmate|40002A6D|Chaos|722003|7AC00000|0|0|0|0|0|0|0|0|0|0|0|0|0|0|22391638|37552669|10000|10000|||106.71|107.35|0.00|-2.41|212070|226428|10000|10000|||103.07|104.75|0.00|0.79|00004026|0|2|00||01|9074|9074|0.600|A6A4|3016c5988930ed1e
22|2026-09-16T21:54:49.5820000-04:00|100D83F9|Stranjer Danger|9074|Checkmate|40002A6C|Exdeath|720003|33B00000|0|0|0|0|0|0|0|0|0|0|0|0|0|0|25590046|37552669|10000|10000|||106.92|108.93|0.00|-2.73|212070|226428|10000|10000|||103.07|104.75|0.00|0.79|00004026|1|2|00||01|9074|9074|0.600|A6A4|9bd8ff458f90c7f6
264|2026-09-16T21:54:49.5820000-04:00|100D83F9|9074|00004026|1|-0.015|-0.015|-0.015|0.948|40002A6D|23163d4ddc0303e2
00|2026-09-16T21:54:49.6160000-04:00|000E|Elie GloryUltros|5 -> D1|4eb45f3a875c4784
00|2026-09-16T21:54:49.6780000-04:00|0029||Arcane ValianceJenova hits Chaos for 6326 damage.|9f1ee1d49be9eafa
21|2026-09-16T21:54:49.6710000-04:00|10020C04|Minda Silva|5EF8|Dosis III|40002A6D|Chaos|750003|9A6C0000|1B|5EF88000|0|0|0|0|0|0|0|0|0|0|0|0|22391638|37552669|10000|10000|||106.71|107.35|0.00|-2.41|195875|204515|7100|10000|||101.24|102.60|0.00|0.86|00004027|0|1|00||01|5EF8|5EF8|0.100|A2DD|b8f53889406e040d
264|2026-09-16T21:54:49.6710000-04:00|10020C04|5EF8|00004027|0||||0.856|40002A6D|02d186df38ff588a
21|2026-09-16T21:54:49.6710000-04:00|1008704E|Arcane Valiance|07|attack|40002A6D|Chaos|710003|18B60000|0|0|0|0|0|0|0|0|0|0|0|0|0|0|22391638|37552669|10000|10000|||106.71|107.35|0.00|-2.41|261868|325219|3600|10000|||104.11|105.00|-0.02|-2.34|00004028|0|1|00||01|07|07|0.100|219F|f9f8045d454c1a9c
264|2026-09-16T21:54:49.6710000-04:00|1008704E|0007|00004028|0||||-2.316|40002A6D|44553b8f381cfad0
261|2026-09-16T21:54:49.6890000-04:00|Change|10020C04|CastDurationCurrent|1.1004|CurrentMP|6700|98e4789e8d40ec0b
00|2026-09-16T21:54:49.7550000-04:00|002B||Enri HazeSiren uses Slice.|7de218dd3c6013d0
00|2026-09-16T21:54:49.7550000-04:00|0029||   Critical! Exdeath takes 62097 damage.|af71dcea703bb58b
00|2026-09-16T21:54:49.8270000-04:00|000E|Elie GloryUltros|6 -> 4D|afd9f70f4c0bd3c7
37|2026-09-16T21:54:49.8040000-04:00|40002A6C|Exdeath|00004024|25512070||||||106.92|108.93|0.00|-2.73|4f1670ea6c745ab5
38|2026-09-16T21:54:49.8480000-04:00|40002A6D|Chaos|00646400|22391638|37552669|10000|10000|0||106.40|107.01|-0.00|-2.41|0|0|0|0A0A1A|41A5BC01|1003AAEE|0|0|0|0|0|0|074F|40B8CC48|100288BD|0A38|4159D6C3|10020C04|81ae0cd8a3ef167f
30|2026-09-16T21:54:49.8480000-04:00|A9F|Chaotic Spring|0.00|100B00B3|Skyler Phoenix|40002A6D|Chaos|00|37552669|227580|669e74cf7c6186a8
00|2026-09-16T21:54:49.8640000-04:00|0031||Chaos recovers from the effect of Chaotic Spring.|4512fd8695254316
00|2026-09-16T21:54:49.9370000-04:00|000E|Elie GloryUltros|7 -> C4|3eafec88de434457
261|2026-09-16T21:54:49.9420000-04:00|Change|100F612E|CastBuffID|0|CastDurationCurrent|0.0000|CastDurationMax|0.0000|CastTargetID|E0000000|IsCasting1|0|IsCasting2|0|670c820287ea655b
21|2026-09-16T21:54:49.9370000-04:00|100F612E|Mr Toxic|876A|Claw Motif|100F612E|Mr Toxic|43E|1378000|0|0|0|0|0|0|0|0|0|0|0|0|0|0|179192|205177|8900|10000|||103.72|105.42|0.00|-2.47|179192|205177|8900|10000|||103.72|105.42|0.00|-2.47|00004029|0|1|00||01|876A|876A|0.100|1B38|8415743297013d00
264|2026-09-16T21:54:49.9370000-04:00|100F612E|876A|00004029|0||||-2.474|100F612E|c37e793d2fa57312
261|2026-09-16T21:54:49.9520000-04:00|Change|40002A6D|Heading|-2.4094|PosX|103.0899|PosY|103.3207|PosZ|-0.0001|179d0738ae58fc90
261|2026-09-16T21:54:50.0020000-04:00|Change|10020C04|CastDurationCurrent|1.4201|Heading|2.0005|PosX|101.2378|PosY|102.5996|PosZ|0.0000|ffbd5fdeb28d9751
39|2026-09-16T21:54:50.0270000-04:00|100F612E|Mr Toxic|181243|205177|9100|10000|||103.72|105.42|0.00|-2.47|30972690b75201f1
00|2026-09-16T21:54:50.1210000-04:00|002B||Evil BatusaiDiabolos uses Last Bastion.|fcf3407cc0f91c43
00|2026-09-16T21:54:50.1210000-04:00|002B||Elie GloryUltros casts Glare III.|ef9c5674c94eecaa
00|2026-09-16T21:54:50.1210000-04:00|0029||   Critical! Chaos takes 58464 damage.|22c096f608f91476
37|2026-09-16T21:54:50.0720000-04:00|100632C7|Evil Batusai|00004021|306578|325133|5100|10000|5||104.17|104.88|0.00|0.57|1300|0|0|01|230000C4|0|41000000|100632C7|0e9f3ceb9381f0b6
26|2026-09-16T21:54:50.0720000-04:00|C4|Last Bastion|8.00|100632C7|Evil Batusai|100632C7|Evil Batusai|00|325133|325133|bba208c2dcb02705
22|2026-09-16T21:54:50.0720000-04:00|100288BD|Elie Glory|DF3|Assize|100288BD|Elie Glory|4|82340000|B|1F40000|0|0|0|0|0|0|0|0|0|0|0|0|180307|204515|7800|10000|||103.35|103.99|0.00|0.85|180307|204515|7800|10000|||103.35|103.99|0.00|0.85|0000402A|0|10|00||01|DF3|DF3|0.600|0F98|ef8c9a5da4b5684b
22|2026-09-16T21:54:50.0720000-04:00|100288BD|Elie Glory|DF3|Assize|100D83F9|Stranjer Danger|4|84FC0000|0|0|0|0|0|0|0|0|0|0|0|0|0|0|212070|226428|10000|10000|||103.07|104.75|0.00|1.02|180307|204515|7800|10000|||103.35|103.99|0.00|0.85|0000402A|1|10|00||01|DF3|DF3|0.600|0F98|c8a2f0a437748350
22|2026-09-16T21:54:50.0720000-04:00|100288BD|Elie Glory|DF3|Assize|1003AAEE|Enri Haze|4|7FF50000|0|0|0|0|0|0|0|0|0|0|0|0|0|0|193377|227550|10000|10000|||104.02|104.63|0.00|0.59|180307|204515|7800|10000|||103.35|103.99|0.00|0.85|0000402A|2|10|00||01|DF3|DF3|0.600|0F98|7607b88d7bb1be15
22|2026-09-16T21:54:50.0720000-04:00|100288BD|Elie Glory|DF3|Assize|100632C7|Evil Batusai|4|84F70000|0|0|0|0|0|0|0|0|0|0|0|0|0|0|306578|325133|5100|10000|||104.17|104.88|0.00|0.57|180307|204515|7800|10000|||103.35|103.99|0.00|0.85|0000402A|3|10|00||01|DF3|DF3|0.600|0F98|7ddf32f7f96475ff
22|2026-09-16T21:54:50.0720000-04:00|100288BD|Elie Glory|DF3|Assize|1008704E|Arcane Valiance|4|7E3F0000|0|0|0|0|0|0|0|0|0|0|0|0|0|0|261868|325219|3600|10000|||104.11|104.97|0.00|-2.36|180307|204515|7800|10000|||103.35|103.99|0.00|0.85|0000402A|4|10|00||01|DF3|DF3|0.600|0F98|ce185a0f26c6c3d4
22|2026-09-16T21:54:50.0720000-04:00|100288BD|Elie Glory|DF3|Assize|100F612E|Mr Toxic|4|80030000|0|0|0|0|0|0|0|0|0|0|0|0|0|0|181243|205177|9100|10000|||103.72|105.42|0.00|-2.47|180307|204515|7800|10000|||103.35|103.99|0.00|0.85|0000402A|5|10|00||01|DF3|DF3|0.600|0F98|a8e7e9cf06194303
22|2026-09-16T21:54:50.0720000-04:00|100288BD|Elie Glory|DF3|Assize|40002A6C|Exdeath|754003|DE240000|0|0|0|0|0|0|0|0|0|0|0|0|0|0|25512070|37552669|10000|10000|||106.92|108.93|0.00|-2.73|180307|204515|7800|10000|||103.35|103.99|0.00|0.85|0000402A|6|10|00||01|DF3|DF3|0.600|0F98|03d3bf277fc0f8b1
22|2026-09-16T21:54:50.0720000-04:00|100288BD|Elie Glory|DF3|Assize|10020C04|Minda Silva|4|7E640000|0|0|0|0|0|0|0|0|0|0|0|0|0|0|195875|204515|6700|10000|||101.24|102.60|0.00|2.00|180307|204515|7800|10000|||103.35|103.99|0.00|0.85|0000402A|7|10|00||01|DF3|DF3|0.600|0F98|0368fa016b714415
22|2026-09-16T21:54:50.0720000-04:00|100288BD|Elie Glory|DF3|Assize|40002A6D|Chaos|750003|AD2E0000|0|0|0|0|0|0|0|0|0|0|0|0|0|0|22391638|37552669|10000|10000|||101.56|101.62|-0.00|-2.41|180307|204515|7800|10000|||103.35|103.99|0.00|0.85|0000402A|8|10|00||01|DF3|DF3|0.600|0F98|4413abab5fd0b388
22|2026-09-16T21:54:50.0720000-04:00|100288BD|Elie Glory|DF3|Assize|100B00B3|Skyler Phoenix|200004|D5A20000|0|0|0|0|0|0|0|0|0|0|0|0|0|0|202724|227580|10000|10000|||110.64|110.97|-0.00|-2.26|180307|204515|7800|10000|||103.35|103.99|0.00|0.85|0000402A|9|10|00||01|DF3|DF3|0.600|0F98|dcf2526eef590a69
264|2026-09-16T21:54:50.0720000-04:00|100288BD|0DF3|0000402A|1|-0.015|-0.015|-0.015|-2.759|100288BD|548d6c9debfa96c4
00|2026-09-16T21:54:50.1560000-04:00|002E||   Evil BatusaiDiabolos gains the effect of Last Bastion.|4f9ea31f625fa0c1
00|2026-09-16T21:54:50.1880000-04:00|000E|Elie GloryUltros|8 -> 3C|92899bf2f09f7bd2
00|2026-09-16T21:54:50.1960000-04:00|002B||You cast Dosis III.|5acffe0b28867df4
00|2026-09-16T21:54:50.1960000-04:00|0029||   Chaos takes 39532 damage.|832894032a8ff094
261|2026-09-16T21:54:50.1840000-04:00|Change|100288BD|CurrentMP|7800|Heading|1.6260|PosX|103.3492|PosY|103.9902|PosZ|0.0000|c8a48742c5fd6a38
00|2026-09-16T21:54:50.2010000-04:00|002B||Stranjer DangerSiren uses Checkmate.|17467cc9691592b6
00|2026-09-16T21:54:50.2010000-04:00|0029||   Critical! Chaos takes 31424 damage.|4838b827e0d3a9fa
261|2026-09-16T21:54:50.1930000-04:00|Change|40002A6D|Heading|-2.4094|PosX|94.3842|PosY|93.6279|PosZ|-0.0001|e6ce98276750bad7
261|2026-09-16T21:54:50.2260000-04:00|Change|10020C04|CastBuffID|0|CastDurationCurrent|0.0000|CastDurationMax|0.0000|CastTargetID|E0000000|Heading|-2.4837|IsCasting1|0|IsCasting2|0|PosX|101.2378|PosY|102.5996|PosZ|0.0000|f53907f47d4429d8
37|2026-09-16T21:54:50.2040000-04:00|40002A6D|Chaos|00004028|22385312||||||94.38|93.63|-0.00|-2.41|20263ab1d818f111
37|2026-09-16T21:54:50.2040000-04:00|1008704E|Arcane Valiance|00004021|261868|325219|3600|10000|5||104.11|104.97|0.00|-2.34|2001|0|0|01|220000C4|0|41000000|100632C7|a9442f17629dd420
26|2026-09-16T21:54:50.2040000-04:00|C4|Last Bastion|8.00|100632C7|Evil Batusai|1008704E|Arcane Valiance|00|325219|325133|9d17fe106962bed3
00|2026-09-16T21:54:50.2610000-04:00|002E||   Arcane ValianceJenova gains the effect of Last Bastion.|671c784d5a13751a
00|2026-09-16T21:54:50.2610000-04:00|0030||Mr ToxicDiabolos loses the effect of Medicated.|1f10e49dc73a82a6
38|2026-09-16T21:54:50.2480000-04:00|100F612E|Mr Toxic|0064642A|181243|205177|9100|10000|8||103.72|105.42|0.00|-2.47|0|0|0|29CE0030|4425BEF9|100F612E|0|0|0|0|0|0|0B7A|4136560C|10020C04|0|0|0|0642|40A3E7D5|E0000000|0751|4064DD25|100288BD|0|0|0|0|0|0|0|0|0|0|0|0|0|0|0|0|0|0|0|0|0|0|0|0|0|0|0|0|0|0|0|0|0|0|0|0|0|0|0|0|0|0|0|0|0|0|0|0|0|0|0|0|0|0|0|0|0|0|0|0|0|0|0|0|0|0|0|0|0|0F28|40B79DCA|100288BD|0E5B|41B4E138|100F612E|030E5A|0|100F612E|079F|4123D2FD|100D83F9|0A3A|4136560C|10020C04|050A53|415CCCD0|10020C04|0A35|415CCCD0|10020C04|4f41ef2a04a9c634
30|2026-09-16T21:54:50.2480000-04:00|31|Medicated|0.00|100F612E|Mr Toxic|100F612E|Mr Toxic|29D8|205177|205177|4953c7abc1fd8d5c
00|2026-09-16T21:54:50.3290000-04:00|0029||   Exdeath takes 13232 damage.|f5c0309c270c3f0f
00|2026-09-16T21:54:50.3860000-04:00|002D||Critical! Evil BatusaiDiabolos's Kardia restores 22978 of his HP.|320192f1b68306ef
37|2026-09-16T21:54:50.2920000-04:00|40002A6D|Chaos|00004026|22353888||||||94.38|93.63|-0.00|-2.41|de456fd4e8ee645a
24|2026-09-16T21:54:50.3380000-04:00|100632C7|Evil Batusai|HoT|A2C|59C2|306578|325133|5100|10000|||104.17|104.88|0.00|0.57|10020C04|Minda Silva|1|195875|204515|6700|10000|||101.24|102.60|0.00|-2.50|2321d3385558e0dd
37|2026-09-16T21:54:50.3380000-04:00|40002A6D|Chaos|00004027|22314356||||||94.38|93.63|-0.00|-2.41|8a831eef74cf47bc
37|2026-09-16T21:54:50.3380000-04:00|1003AAEE|Enri Haze|00004021|193377|227550|10000|10000|7||103.99|104.62|0.00|-0.38|2702|0|0|01|240000C4|0|41000000|100632C7|1c869d1b74789cf5
26|2026-09-16T21:54:50.3380000-04:00|C4|Last Bastion|8.00|100632C7|Evil Batusai|1003AAEE|Enri Haze|00|227550|325133|be4bdc18963ccf4d
261|2026-09-16T21:54:50.3390000-04:00|Change|40002A68|ModelStatus|16384|4c8a38457183d4a2
21|2026-09-16T21:54:50.3380000-04:00|10020C04|Minda Silva|5EF5|Rhizomata|10020C04|Minda Silva|13E|1028000|0|0|0|0|0|0|0|0|0|0|0|0|0|0|195875|204515|6700|10000|||101.24|102.60|0.00|-2.50|195875|204515|6700|10000|||101.24|102.60|0.00|-2.50|0000402B|0|1|00||01|5EF5|5EF5|0.600|1846|a288b62c24fc4bba
264|2026-09-16T21:54:50.3380000-04:00|10020C04|5EF5|0000402B|0||||-2.546|10020C04|3f773f4676de70e7
38|2026-09-16T21:54:50.3380000-04:00|100632C7|Evil Batusai|00646413|325133|325133|5100|10000|5||104.17|104.88|0.00|0.57|0|0|0|0A2D|42700000|10020C04|29CE0030|4422E3D2|100632C7|4F|0|100632C7|0751|405C49B0|100288BD|0B7A|4132C08B|10020C04|0643|40A1068D|E0000000|0|0|0|0|0|0|0|0|0|0|0|0|0|0|0|0|0|0|29D50031|3F3DADA2|100632C7|0|0|0|0|0|0|0|0|0|0|0|0|0|0|0|0|0|0|0|0|0|0|0|0|0|0|0|0|0|0|0|0|0|0|0|0|0|0|0|0|0|0|0|0|0|0|0|0|0|0|0|0F28|40C5D30A|100288BD|050A53|415D8109|10020C04|079F|41204195|100D83F9|0A3A|4132C08B|10020C04|0A35|415D8109|10020C04|C4|40F60C48|100632C7|064fa5e6a156c3ac
31|2026-09-16T21:54:50.3380000-04:00|10020C04|1C590028|302|00|00|69e292771c5b5a96
00|2026-09-16T21:54:50.4230000-04:00|002E||   Enri HazeSiren gains the effect of Last Bastion.|5d0cd61546ca3795
261|2026-09-16T21:54:50.4470000-04:00|Change|100288BD|Heading|2.6889|PosX|103.3492|PosY|103.9902|PosZ|0.0000|57939052bd9d6a99
00|2026-09-16T21:54:50.4830000-04:00|0029||Evil BatusaiDiabolos hits Exdeath for 4706 damage.|325c0365dd161925
37|2026-09-16T21:54:50.4270000-04:00|40002A6C|Exdeath|00004026|25498838||||||106.92|108.93|0.00|-2.73|f134db856261ecbf
21|2026-09-16T21:54:50.4270000-04:00|100632C7|Evil Batusai|07|attack|40002A6C|Exdeath|710003|12620000|0|0|0|0|0|0|0|0|0|0|0|0|0|0|25512070|37552669|10000|10000|||106.92|108.93|0.00|-2.73|325133|325133|5100|10000|||104.17|104.88|0.00|0.57|0000402C|0|1|00||01|07|07|2.170|973A|aa41ee49a4ac372a
264|2026-09-16T21:54:50.4270000-04:00|100632C7|0007|0000402C|0||||0.570|40002A6C|061042588a25fdb9
21|2026-09-16T21:54:50.4270000-04:00|1003AAEE|Enri Haze|07|attack|40002A6C|Exdeath|714003|283E0000|0|0|0|0|0|0|0|0|0|0|0|0|0|0|25512070|37552669|10000|10000|||106.92|108.93|0.00|-2.73|193377|227550|10000|10000|||103.99|104.61|0.00|-1.45|0000402D|0|1|00||01|07|07|0.100|97D8|f54acf88e60217a9
264|2026-09-16T21:54:50.4270000-04:00|1003AAEE|0007|0000402D|0||||0.585|40002A6C|819dfd35bbbbb85a
37|2026-09-16T21:54:50.4790000-04:00|100F612E|Mr Toxic|00004021|181243|205177|9100|10000|8||103.72|105.42|0.00|-2.47|2A03|0|0|01|250000C4|0|41000000|100632C7|837233753e30c917
26|2026-09-16T21:54:50.4790000-04:00|C4|Last Bastion|8.00|100632C7|Evil Batusai|100F612E|Mr Toxic|00|205177|325133|57a65c910071b74b
261|2026-09-16T21:54:50.4950000-04:00|Change|40002A6D|Heading|-2.4094|PosX|87.8019|PosY|86.2993|PosZ|-0.0001|f431c34a5647a0dc
261|2026-09-16T21:54:50.4950000-04:00|Change|100B00B3|Heading|-2.2086|NPCTargetID|40002A6C|PCTargetID|40002A6C|PosX|108.3510|PosY|109.3026|PosZ|-0.0153|88bcfb48410469af
00|2026-09-16T21:54:50.5500000-04:00|002E||   Mr ToxicDiabolos gains the effect of Last Bastion.|7aed6a34870310c0
270|2026-09-16T21:54:50.5160000-04:00|40002A6D|-2.4094|0000|005A|87.3273|85.7709|0.1983|a0f9073c8d95e77d
00|2026-09-16T21:54:50.5960000-04:00|002B||Chaos uses Umbra Smash.|78059544c056fd9f
00|2026-09-16T21:54:50.5960000-04:00|0029||   You take 6529 damage.|018f3f46ea3b27f2
00|2026-09-16T21:54:50.5960000-04:00|0029||   Elie GloryUltros takes 0 damage.|6fef3e19ccbd6586
00|2026-09-16T21:54:50.5960000-04:00|0029||   Stranjer DangerSiren takes 7191 damage.|4cb8e2082d911329
00|2026-09-16T21:54:50.5960000-04:00|0029||   Enri HazeSiren takes 0 damage.|3778debd16cbde13
00|2026-09-16T21:54:50.5960000-04:00|0029||   Evil BatusaiDiabolos takes 4504 damage.|72d2f4a77751c6e8
00|2026-09-16T21:54:50.5960000-04:00|0029||   Arcane ValianceJenova takes 5055 damage.|508f7872c866f1f9
00|2026-09-16T21:54:50.5960000-04:00|0029||   Mr ToxicDiabolos takes 6714 damage.|171cbb5c4d43a89c
00|2026-09-16T21:54:50.5960000-04:00|0029||   Skyler PhoenixDiabolos takes 8381 damage.|ecf181191cc27c9e
00|2026-09-16T21:54:50.6320000-04:00|002B||Mr ToxicDiabolos casts Claw Motif.|29647d8edfbcf9e4
37|2026-09-16T21:54:50.6040000-04:00|100D83F9|Stranjer Danger|00004021|212070|226428|10000|10000|7||102.98|104.63|-0.02|-3.13|1F04|0|0|01|230000C4|0|41000000|100632C7|8638342bee0bd499
26|2026-09-16T21:54:50.6040000-04:00|C4|Last Bastion|8.00|100632C7|Evil Batusai|100D83F9|Stranjer Danger|00|226428|325133|0633f4a552d88a4c
261|2026-09-16T21:54:50.6410000-04:00|Change|40002A67|Heading|-1.5709|PosX|120.0000|PosY|100.0000|PosZ|0.0000|4cb853bbde15e508
271|2026-09-16T21:54:50.6040000-04:00|40002A67|-1.5709|00|00|120.0000|100.0000|0.0000|b4c306a98ec345c2
37|2026-09-16T21:54:50.6470000-04:00|10020C04|Minda Silva|00004022|189346||||||101.39|102.77|0.00|0.96|68dbf2e8e5f5c49f
00|2026-09-16T21:54:50.6930000-04:00|002E||   Stranjer DangerSiren gains the effect of Last Bastion.|f2ba34230dc985a7
00|2026-09-16T21:54:50.7170000-04:00|002B||Elie GloryUltros uses Assize.|18d50b70bc99817a
37|2026-09-16T21:54:50.6960000-04:00|100288BD|Elie Glory|00004022|180307|204515|7800|10000|5||103.35|103.99|0.00|1.89|1801|0|0|0|27aaecde2c63e3be
37|2026-09-16T21:54:50.6960000-04:00|40002A6D|Chaos|00004025|22255892||||||87.33|85.77|-0.00|-2.41|6dcb30ae97b8c227
22|2026-09-16T21:54:50.6960000-04:00|40002A67|Kefka|BAE3|Ultima Blaster|100B00B3|Skyler Phoenix|750003|45F50000|1B|BAE38000|0|0|0|0|0|0|0|0|0|0|0|0|202724|227580|10000|10000|||107.45|108.74|-0.00|-2.18|9415000|9415000|10000|10000|||120.00|100.00|0.00|-1.57|0000402E|0|8|00||01|BAE3|BAE3|1.800|3FFF|9ce2238198558b2c
22|2026-09-16T21:54:50.6960000-04:00|40002A67|Kefka|BAE3|Ultima Blaster|100632C7|Evil Batusai|750003|0|1B|BAE38000|0|0|0|0|0|0|0|0|0|0|0|0|325133|325133|5100|10000|||104.17|104.88|0.00|0.57|9415000|9415000|10000|10000|||120.00|100.00|0.00|-1.57|0000402E|1|8|00||01|BAE3|BAE3|1.800|3FFF|de7d957906a3bc6d
22|2026-09-16T21:54:50.6960000-04:00|40002A67|Kefka|BAE3|Ultima Blaster|1008704E|Arcane Valiance|750003|0|1B|BAE38000|0|0|0|0|0|0|0|0|0|0|0|0|261868|325219|3600|10000|||104.24|105.23|-0.02|2.35|9415000|9415000|10000|10000|||120.00|100.00|0.00|-1.57|0000402E|2|8|00||01|BAE3|BAE3|1.800|3FFF|196fcc7657c3fbbf
22|2026-09-16T21:54:50.6960000-04:00|40002A67|Kefka|BAE3|Ultima Blaster|1003AAEE|Enri Haze|750003|0|1B|BAE38000|0|0|0|0|0|0|0|0|0|0|0|0|193377|227550|10000|10000|||103.87|104.45|0.00|-0.62|9415000|9415000|10000|10000|||120.00|100.00|0.00|-1.57|0000402E|3|8|00||01|BAE3|BAE3|1.800|3FFF|178e7a31895ef127
22|2026-09-16T21:54:50.6960000-04:00|40002A67|Kefka|BAE3|Ultima Blaster|100288BD|Elie Glory|750003|3E3F0000|1B|BAE38000|0|0|0|0|0|0|0|0|0|0|0|0|180307|204515|7800|10000|||103.35|103.99|0.00|1.89|9415000|9415000|10000|10000|||120.00|100.00|0.00|-1.57|0000402E|4|8|00||01|BAE3|BAE3|1.800|3FFF|481630708fc36f17
22|2026-09-16T21:54:50.6960000-04:00|40002A67|Kefka|BAE3|Ultima Blaster|100F612E|Mr Toxic|750003|0|1B|BAE38000|0|0|0|0|0|0|0|0|0|0|0|0|181243|205177|9100|10000|||103.68|105.39|-0.00|-2.48|9415000|9415000|10000|10000|||120.00|100.00|0.00|-1.57|0000402E|5|8|00||01|BAE3|BAE3|1.800|3FFF|8ca511b98551ef56
22|2026-09-16T21:54:50.6960000-04:00|40002A67|Kefka|BAE3|Ultima Blaster|100D83F9|Stranjer Danger|750003|0|1B|BAE38000|0|0|0|0|0|0|0|0|0|0|0|0|212070|226428|10000|10000|||102.94|104.57|-0.00|-3.00|9415000|9415000|10000|10000|||120.00|100.00|0.00|-1.57|0000402E|6|8|00||01|BAE3|BAE3|1.800|3FFF|487da23966ffc6d7
22|2026-09-16T21:54:50.6960000-04:00|40002A67|Kefka|BAE3|Ultima Blaster|10020C04|Minda Silva|750003|2A730000|1B|BAE38000|0|0|0|0|0|0|0|0|0|0|0|0|189346|204515|6700|10000|||101.46|102.84|0.00|0.74|9415000|9415000|10000|10000|||120.00|100.00|0.00|-1.57|0000402E|7|8|00||01|BAE3|BAE3|1.800|3FFF|80ae11455c5b5b4c
264|2026-09-16T21:54:50.6960000-04:00|40002A67|BAE3|0000402E|1|-0.015|-0.015|-0.015|-1.571|40002A67|9fd17cf23d3abed2
24|2026-09-16T21:54:50.6960000-04:00|40002A6C|Exdeath|DoT|0|A70F|25498838|37552669|10000|10000|||106.92|108.93|0.00|-2.73|1003AAEE|Enri Haze|FFFFFFFF|193377|227550|10000|10000|||103.87|104.45|0.00|-0.62|f82e545aeb27b12d
24|2026-09-16T21:54:50.6960000-04:00|40002A6D|Chaos|DoT|0|5339|22314356|37552669|10000|10000|||87.33|85.77|-0.00|-2.41|10020C04|Minda Silva|FFFFFFFF|189346|204515|6700|10000|||101.46|102.84|0.00|0.74|c45c8909a8ebf3c7
21|2026-09-16T21:54:50.6960000-04:00|100D83F9|Stranjer Danger|4072|Drill|40002A6D|Chaos|720003|12AD4001|0|0|0|0|0|0|0|0|0|0|0|0|0|0|22314356|37552669|10000|10000|||87.33|85.77|-0.00|-2.41|212070|226428|10000|10000|||102.94|104.57|-0.00|-3.00|0000402F|0|1|00||01|4072|4072|0.600|1C45|a773796ab66e17ca
264|2026-09-16T21:54:50.6960000-04:00|100D83F9|4072|0000402F|0||||-2.448|40002A6D|3eadf5ace5dc3743
38|2026-09-16T21:54:50.6960000-04:00|40002A6C|Exdeath|00646400|25456071|37552669|10000|10000|0||106.92|108.93|0.00|-2.73|0|0|0|074F|403DF297|100288BD|04AB|412D0A46|1003AAEE|0A9F|413AB416|100B00B3|0A38|40F8DCAC|10020C04|0A0A1A|41D16038|1003AAEE|eadad28439b247f9
38|2026-09-16T21:54:50.6960000-04:00|40002A6D|Chaos|00646400|22234587|37552669|10000|10000|0||87.33|85.77|-0.00|-2.41|0|0|0|0A0A1A|419EF558|1003AAEE|0|0|0|0|0|0|074F|409DB1A4|100288BD|0A38|414C4974|10020C04|cba699fe7c85fb8b
37|2026-09-16T21:54:50.7370000-04:00|100D83F9|Stranjer Danger|00004022|204879|226428|10000|10000|5||102.94|104.57|-0.00|-3.00|1F02|0|0|0|761b3cd8ee30b82c
37|2026-09-16T21:54:50.7370000-04:00|100288BD|Elie Glory|0000402A|204515|204515|8300|10000|5||103.35|103.99|0.00|1.89|1800|0|0|0|0a29f6fe9a857501
37|2026-09-16T21:54:50.7370000-04:00|100288BD|Elie Glory|00004021|204515|204515|8300|10000|5||103.35|103.99|0.00|1.89|1805|0|0|01|240000C4|0|41000000|100632C7|d3f8cde2ab6ae470
26|2026-09-16T21:54:50.7370000-04:00|C4|Last Bastion|8.00|100632C7|Evil Batusai|100288BD|Elie Glory|00|204515|325133|0e2c613ba90ecf8d
00|2026-09-16T21:54:50.7400000-04:00|002D||   Elie GloryUltros recovers 33332 HP.|2aec8f44d840b94e
00|2026-09-16T21:54:50.7400000-04:00|002D||   Elie GloryUltros recovers 500 MP.|1da4ce48b891c2d0
00|2026-09-16T21:54:50.7400000-04:00|002B||You use Rhizomata.|4af423761994c9f6
261|2026-09-16T21:54:50.7690000-04:00|Change|40002A67|ModelStatus|0|0689373a48aca4ab
00|2026-09-16T21:54:50.8050000-04:00|002E||   Elie GloryUltros gains the effect of Last Bastion.|204b2212432e01b0
37|2026-09-16T21:54:50.7810000-04:00|1003AAEE|Enri Haze|00004022|193377|227550|10000|10000|1||103.76|104.31|0.00|-1.30|2703|0|0|0|9ae55da79bf28a2e
37|2026-09-16T21:54:50.8270000-04:00|100632C7|Evil Batusai|00004022|320629||||||104.17|104.88|0.00|0.57|84f56015f820e642
39|2026-09-16T21:54:50.8270000-04:00|10020C04|Minda Silva|191391|204515|6900|10000|||101.49|102.88|0.00|0.85|c7c19c75b951d904
00|2026-09-16T21:54:50.8860000-04:00|002D||   Stranjer DangerSiren recovers 34044 HP.|e3ca0014176469ac
00|2026-09-16T21:54:50.8990000-04:00|0029||Direct hit! Enri HazeSiren hits Exdeath for 10302 damage.|9184fdce47414765
00|2026-09-16T21:54:50.9650000-04:00|002E||   You gain the effect of Last Bastion.|5cad14d42e1c1e94
37|2026-09-16T21:54:50.8700000-04:00|1008704E|Arcane Valiance|00004022|256813||||||104.38|105.57|-0.00|3.00|fc6e42ca24adf6f4
37|2026-09-16T21:54:50.8700000-04:00|100D83F9|Stranjer Danger|0000402A|226428||||||102.84|104.44|-0.00|-2.45|980e94583e8bffd0
37|2026-09-16T21:54:50.8700000-04:00|10020C04|Minda Silva|00004021|191391|204515|6900|10000|8||101.49|102.88|0.00|0.85|2806|0|0|01|230000C4|0|41000000|100632C7|4ea7324604b0d05c
26|2026-09-16T21:54:50.8700000-04:00|C4|Last Bastion|8.00|100632C7|Evil Batusai|10020C04|Minda Silva|00|204515|325133|ad63a1e82b5ef65e
37|2026-09-16T21:54:50.9150000-04:00|100F612E|Mr Toxic|00004022|174529||||||103.62|105.32|-0.00|-2.49|21b5a13cf3c8a92f
37|2026-09-16T21:54:50.9590000-04:00|100B00B3|Skyler Phoenix|00004022|194343||||||106.42|108.09|-0.02|-2.15|222dd25d10d41fb7
37|2026-09-16T21:54:50.9590000-04:00|40002A6C|Exdeath|0000402C|25451365||||||106.92|108.93|0.00|-2.73|fb705c4bf2e091a0
37|2026-09-16T21:54:50.9590000-04:00|40002A6C|Exdeath|0000402D|25441063||||||106.92|108.93|0.00|-2.73|5a7267e3a7aa6b2f
261|2026-09-16T21:54:50.9900000-04:00|Change|100F612E|CurrentMP|9100|Heading|-2.4901|PosX|103.5902|PosY|105.2827|PosZ|-0.0012|13ae275de88662c5
00|2026-09-16T21:54:51.0270000-04:00|002B||Kefka uses Ultima Blaster.|270febc084251979
00|2026-09-16T21:54:51.0270000-04:00|0029||   Skyler PhoenixDiabolos takes 17909 damage.|f9dcc07a25340572
00|2026-09-16T21:54:51.0270000-04:00|0029||   Evil BatusaiDiabolos takes 0 damage.|fac83a3b38e86306
00|2026-09-16T21:54:51.0270000-04:00|0029||   Arcane ValianceJenova takes 0 damage.|2c061bbb8cb827b4
00|2026-09-16T21:54:51.0270000-04:00|0029||   Enri HazeSiren takes 0 damage.|81f565d21aa615ed
00|2026-09-16T21:54:51.0270000-04:00|0029||   Elie GloryUltros takes 15935 damage.|2534a47cbd89725c
00|2026-09-16T21:54:51.0270000-04:00|0029||   Mr ToxicDiabolos takes 0 damage.|840dea8b92eaf408
00|2026-09-16T21:54:51.0270000-04:00|0029||   Stranjer DangerSiren takes 0 damage.|ceb324a2fa6e6737
00|2026-09-16T21:54:51.0270000-04:00|0029||   You take 10867 damage.|b1363dde2da532e6
00|2026-09-16T21:54:51.0060000-04:00|002D||   Enri HazeSiren recovers 32757 HP.|d3738d146ecbab82
37|2026-09-16T21:54:51.0040000-04:00|1003AAEE|Enri Haze|0000402A|226134||||||103.60|104.11|0.00|-1.86|4e16be6ad5b14157
37|2026-09-16T21:54:51.0040000-04:00|100B00B3|Skyler Phoenix|00004021|194343|227580|10000|10000|7||105.75|107.62|-0.00|-2.15|1607|0|0|01|230000C4|0|41000000|100632C7|f8b6568c7de2193a
26|2026-09-16T21:54:51.0040000-04:00|C4|Last Bastion|8.00|100632C7|Evil Batusai|100B00B3|Skyler Phoenix|00|227580|325133|d3fefe9495d331af
00|2026-09-16T21:54:51.0570000-04:00|002E||   Skyler PhoenixDiabolos gains the effect of Last Bastion.|b2594416c45cd162
261|2026-09-16T21:54:51.0860000-04:00|Change|1008704E|CurrentMP|3800|Heading|-2.8568|PosX|104.4754|PosY|105.7812|986d04232a7c3037
37|2026-09-16T21:54:51.0930000-04:00|100B00B3|Skyler Phoenix|0000402E|176434|227580|10000|10000|7||105.41|107.40|-0.00|-2.15|1600|0|0|02|21000A53|04|4156666A|10020C04|22000A35|0|41700000|10020C04|a6015cb56fa78ccf
26|2026-09-16T21:54:51.0930000-04:00|A53|Panhaimatinon|13.40|10020C04|Minda Silva|100B00B3|Skyler Phoenix|04|227580|204515|9c418eb225333061
39|2026-09-16T21:54:51.0930000-04:00|1008704E|Arcane Valiance|260065|325219|3800|10000|||104.46|105.75|-0.00|-2.92|e4dfb91e07fceb64
21|2026-09-16T21:54:51.0930000-04:00|100D83F9|Stranjer Danger|08|Shot|40002A6D|Chaos|720003|179D0000|0|0|0|0|0|0|0|0|0|0|0|0|0|0|22234587|37552669|10000|10000|||87.33|85.77|-0.00|-2.41|226428|226428|10000|10000|||102.71|104.30|-0.02|-2.37|00004030|0|1|00||01|08|08|0.199|275B|e45250813c38a0c5
264|2026-09-16T21:54:51.0930000-04:00|100D83F9|0008|00004030|0||||-2.176|40002A6D|40d9a3feadab2778
38|2026-09-16T21:54:51.0930000-04:00|100B00B3|Skyler Phoenix|00646416|176434|227580|10000|10000|7||105.41|107.40|-0.00|-2.15|0|0|0|29CE0030|4519C898|100B00B3|0643|4088DD93|E0000000|0B7A|412F3F87|10020C04|0|0|0|0|0|0|0|0|0|0751|402EC8AB|100288BD|0|0|0|0|0|0|0|0|0|0|0|0|0|0|0|0|0|0|0|0|0|0|0|0|0|0|0|0|0|0|0|0|0|0|0|0|0|0|0|0|0|0|0|0|0|0|0|0|0|0|0|0|0|0|0|0|0|0|0|0|0|0|0|0|0|0|0|0|0|0A3A|412F3F87|10020C04|0F28|40A0D512|100288BD|0AA0|41E1C6A5|100B00B3|040A53|4155B231|10020C04|0A35|416F4BC7|10020C04|C4|40FBBE76|100632C7|6ada5ef624d7fc03
38|2026-09-16T21:54:51.0930000-04:00|100632C7|Evil Batusai|00646413|320629|325133|5100|10000|4||104.17|104.88|0.00|0.57|0|0|0|0A2D|42700000|10020C04|29CE0030|4422B380|100632C7|4F|0|100632C7|0751|402BF7C6|100288BD|0B7A|4126AC12|10020C04|0643|4088DD93|E0000000|0|0|0|0|0|0|0|0|0|0|0|0|0|0|0|0|0|0|0|0|0|0|0|0|0|0|0|0|0|0|0|0|0|0|0|0|0|0|0|0|0|0|0|0|0|0|0|0|0|0|0|0|0|0|0|0|0|0|0|0|0|0|0|0|0|0|0|0|0|0|0|0|0F28|40ADAA10|100288BD|050A53|41516C90|10020C04|079F|41142D1C|100D83F9|0A3A|4126AC12|10020C04|0A35|41516C90|10020C04|C4|40DDE34E|100632C7|7b377c3ce07c3a8a
30|2026-09-16T21:54:51.0930000-04:00|31|Medicated|0.00|100632C7|Evil Batusai|100632C7|Evil Batusai|29D5|325133|325133|17b308e23d33ee75
00|2026-09-16T21:54:51.1040000-04:00|002E||Skyler PhoenixDiabolos gains the effect of Panhaima.|79f1a4d2b8799648
00|2026-09-16T21:54:51.1050000-04:00|0030||Skyler PhoenixDiabolos loses the effect of Panhaima.|c2b21bde760e2659
00|2026-09-16T21:54:51.1050000-04:00|0030||Evil BatusaiDiabolos loses the effect of Medicated.|06368e4e6aa744ec
00|2026-09-16T21:54:51.1050000-04:00|0029||Stranjer DangerSiren hits Chaos for 6045 damage.|f6edbe2aa784f6d8
00|2026-09-16T21:54:51.1340000-04:00|002D||   Evil BatusaiDiabolos recovers 34039 HP.|f4d107fc95d97be2
261|2026-09-16T21:54:51.1270000-04:00|Change|1003AAEE|Heading|-2.1208|PosX|103.4905|PosY|103.9820|PosZ|-0.0012|bce29276e4229916
37|2026-09-16T21:54:51.1370000-04:00|100632C7|Evil Batusai|0000402A|325133||||||104.17|104.88|0.00|0.57|d1e63ce40ed9e098
37|2026-09-16T21:54:51.1820000-04:00|1008704E|Arcane Valiance|0000402E|260065|325219|3800|10000|3||104.50|105.83|-0.00|-2.75|2002|0|0|0|830fa6857949a63d
38|2026-09-16T21:54:51.1820000-04:00|10020C04|Minda Silva|00646428|191391|204515|6900|10000|8||101.49|102.88|0.00|0.85|0|0|0|0A0168|41F00000|E0000000|0A2C|42700000|10020C04|29D20030|44E740E1|10020C04|04B4|413126DA|10020C04|0|0|0|0B7A|4120F9E6|10020C04|0|0|0|0|0|0|0751|4029167E|100288BD|0643|4086047C|E0000000|0|0|0|0|0|0|0|0|0|0|0|0|0|0|0|0|0|0|0|0|0|0|0|0|0|0|0|0|0|0|0|0|0|0|0|0|0|0|0|0|0|0|0|0|0|0|0|0|0|0|0|0|0|0|0|0|0|0|0|0|0F28|409570B6|100288BD|079F|410E7AF0|100D83F9|0A3A|4120F9E6|10020C04|040A53|41454BCD|10020C04|0A35|414E937A|10020C04|C4|40F4A3D5|100632C7|0A2E|0|10020C04|ec6de9eecb9268d8
26|2026-09-16T21:54:51.1820000-04:00|A2C|Kardia|60.00|10020C04|Minda Silva|10020C04|Minda Silva|00|204515|204515|52a075fe3feb7062
26|2026-09-16T21:54:51.1820000-04:00|A2E|Eukrasia|9999.00|10020C04|Minda Silva|10020C04|Minda Silva|00|204515|204515|84f1f65521ecd64c
21|2026-09-16T21:54:51.1820000-04:00|10020C04|Minda Silva|5EE2|Eukrasia|10020C04|Minda Silva|3E|1068000|0|0|0|0|0|0|0|0|0|0|0|0|0|0|191391|204515|6900|10000|||101.49|102.88|0.00|0.85|191391|204515|6900|10000|||101.49|102.88|0.00|0.85|00004031|0|1|00||01|5EE2|5EE2|0.600|A295|0fab11d702d5f1b8
264|2026-09-16T21:54:51.1820000-04:00|10020C04|5EE2|00004031|0||||0.849|10020C04|519b4e3c043b0c33
31|2026-09-16T21:54:51.1820000-04:00|10020C04|1FA50028|10302|00|00|07da2398fafd84c1
00|2026-09-16T21:54:51.2390000-04:00|002E||You gain the effect of Eukrasia.|fda864047e1ad835
261|2026-09-16T21:54:51.2630000-04:00|Change|10020C04|CurrentMP|6900|Heading|0.8488|PosX|101.4929|PosY|102.8760|45bb28d158bd5193
00|2026-09-16T21:54:51.2850000-04:00|002D||   Arcane ValianceJenova recovers 32319 HP.|341351d33e88f8ff
261|2026-09-16T21:54:51.3130000-04:00|Remove|40002BA2|94e8302c64301e62
37|2026-09-16T21:54:51.2710000-04:00|100288BD|Elie Glory|0000402E|188580|204515|8300|10000|8||103.04|104.09|0.00|0.86|1804|0|0|02|22000A53|04|4148DD35|10020C04|23000A35|0|41700000|10020C04|71393275da4b7e09
26|2026-09-16T21:54:51.2710000-04:00|A53|Panhaimatinon|12.55|10020C04|Minda Silva|100288BD|Elie Glory|04|204515|204515|c9ddfd4a999530e9
26|2026-09-16T21:54:51.2710000-04:00|A35|Panhaima|15.00|10020C04|Minda Silva|100288BD|Elie Glory|00|204515|204515|771c60f166c3a743
37|2026-09-16T21:54:51.2710000-04:00|1008704E|Arcane Valiance|0000402A|292384||||||104.51|105.86|-0.00|-2.69|fc2c3bdede3957aa
38|2026-09-16T21:54:51.2710000-04:00|100288BD|Elie Glory|00646418|188580|204515|8300|10000|8||103.04|104.09|0.00|0.86|0|0|0|29D20030|44272438|100288BD|04B4|41513F70|100288BD|0B7A|4121AE1F|10020C04|0|0|0|0751|4020936C|100288BD|0|0|0|0643|40832B65|E0000000|0|0|0|0|0|0|0|0|0|0|0|0|0|0|0|0|0|0|0|0|0|0|0|0|0|0|0|0|0|0|0|0|0|0|0|0|0|0|0|0|0|0|0|0|0|0|0|0|0|0|0|0|0|0|0|0|0|0|0|0|0|0|0|0|0|0|0|0|0|0F28|408E45B4|100288BD|079F|410F2F29|100D83F9|0A3A|4121AE1F|10020C04|0F29|410230E6|100288BD|040A53|414824E3|10020C04|0A35|416F47AE|10020C04|C4|40ED9165|100632C7|be69f4b3d51ca882
37|2026-09-16T21:54:51.3150000-04:00|100F612E|Mr Toxic|0000402E|174529|205177|9100|10000|5||103.53|105.21|-0.00|-2.49|2A05|0|0|0|281cbe979d13a67a
00|2026-09-16T21:54:51.3210000-04:00|002E||Elie GloryUltros gains the effect of Panhaima.|d95db66fab0df59c
00|2026-09-16T21:54:51.3210000-04:00|0030||Elie GloryUltros loses the effect of Panhaima.|9b0f27eb119a88e4
04|2026-09-16T21:54:51.3470000-04:00|40002BA2|Automaton Queen|00|64|100D83F9|00||8230|10490|0|0|0|10000|||99.81|105.94|0.00|1.37|6037f36e17b86314
261|2026-09-16T21:54:51.3470000-04:00|Change|100B00B3|Heading|-2.1679|PosX|104.1555|PosY|106.5178|PosZ|0.0000|a19eac789f9ddd24
00|2026-09-16T21:54:51.4080000-04:00|002E||You gain the effect of Panhaima.|0fd8c6e60ee20a93
00|2026-09-16T21:54:51.4080000-04:00|0030||You lose the effect of Panhaima.|c7bb8557974d7f77
21|2026-09-16T21:54:51.3600000-04:00|1008704E|Arcane Valiance|E30|Souleater|40002A6C|Exdeath|2D710003|881E0000|4|486F8000|143E|D68000|11B|E308000|0|0|0|0|0|0|0|0|25441063|37552669|10000|10000|||106.92|108.93|0.00|-2.73|260065|325219|3800|10000|||104.51|105.86|-0.00|-2.69|00004032|0|1|00||01|E30|E30|0.600|9B86|984eb4afdac2afaf
264|2026-09-16T21:54:51.3600000-04:00|1008704E|0E30|00004032|0||||0.676|40002A6C|5d9c534cc38e4cb2
37|2026-09-16T21:54:51.4040000-04:00|10020C04|Minda Silva|0000402E|180524|204515|6900|10000|8||101.49|102.88|0.00|0.85|2807|0|0|02|21000A53|03|414272B7|10020C04|22000A35|0|41700000|10020C04|0bd544b2c5892947
26|2026-09-16T21:54:51.4040000-04:00|A53|Panhaimatinon|12.15|10020C04|Minda Silva|10020C04|Minda Silva|03|204515|204515|e772aa4426b88f68
26|2026-09-16T21:54:51.4040000-04:00|A35|Panhaima|15.00|10020C04|Minda Silva|10020C04|Minda Silva|00|204515|204515|f6e8eafbe7a8e6cd
37|2026-09-16T21:54:51.4040000-04:00|100F612E|Mr Toxic|0000402A|205177||||||103.53|105.21|-0.00|-2.49|3e69d6a4e50188b9
38|2026-09-16T21:54:51.4040000-04:00|10020C04|Minda Silva|00646428|180524|204515|6900|10000|8||101.49|102.88|0.00|0.85|0|0|0|0A0168|41F00000|E0000000|0A2C|42700000|10020C04|29D20030|44E739C7|10020C04|04B4|412D998B|10020C04|0|0|0|0B7A|411D6C97|10020C04|0|0|0|0|0|0|0751|401AE13F|100288BD|0643|407DD3B7|E0000000|0|0|0|0|0|0|0|0|0|0|0|0|0|0|0|0|0|0|0|0|0|0|0|0|0|0|0|0|0|0|0|0|0|0|0|0|0|0|0|0|0|0|0|0|0|0|0|0|0|0|0|0|0|0|0|0|0|0|0|0|0F28|408E5615|100288BD|079F|410AEDA1|100D83F9|0A3A|411D6C97|10020C04|030A53|4141BE7E|10020C04|0A35|416F4BC7|10020C04|C4|40ED8934|100632C7|0A2E|0|10020C04|e20c13c3ec082d6e
00|2026-09-16T21:54:51.4320000-04:00|002D||   Mr ToxicDiabolos recovers 32771 HP.|c0e3871b54c6d031
00|2026-09-16T21:54:51.4430000-04:00|002B||You cast Eukrasia.|df5c6cd1f7d8bec0
261|2026-09-16T21:54:51.4390000-04:00|Change|100288BD|CurrentMP|8300|Heading|0.7435|PosX|102.9918|PosY|104.1345|PosZ|-0.0074|6aa2a2cb7f78a891
00|2026-09-16T21:54:51.5020000-04:00|0030||Enri HazeSiren loses the effect of True North.|74b328fecb86584f
38|2026-09-16T21:54:51.4940000-04:00|1003AAEE|Enri Haze|00646427|226134|227550|10000|10000|1||103.36|103.81|0.00|-2.34|0|0|0|29CE0030|441F218D|1003AAEE|0B7A|41248736|10020C04|0751|40124DCA|100288BD|0|0|0|0|0|0|0642|40781127|E0000000|0|0|0|0|0|0|0|0|0|0|0|0|0|0|0|0|0|0|0|0|0|0|0|0|0|0|0|0|0|0|0|0|0|0|0|0|0|0|0|0|0|0|0|0|0|0|0|0|0|0|0|0|0|0|0|0|0|0|0|0|0|0|0|0|0|0|0|0|0|0|0|0|0A1D|4255D532|1003AAEE|0|0|0|0F28|409851FE|100288BD|0A3A|41248736|10020C04|050A53|4146B43F|10020C04|0A35|4146B43F|10020C04|C4|40D99162|100632C7|f90b2d00be178c9d
30|2026-09-16T21:54:51.4940000-04:00|4E2|True North|0.00|1003AAEE|Enri Haze|1003AAEE|Enri Haze|00|227550|227550|af2ef666438ea813
261|2026-09-16T21:54:51.4900000-04:00|Change|1008704E|Heading|-0.0417|NPCTargetID|40002A6C|PCTargetID|40002A6C|PosX|104.5357|PosY|105.9232|5ae34d9cad079ef9
00|2026-09-16T21:54:51.5490000-04:00|0029||   Direct hit! Exdeath takes 56868 damage.|890e3247db3676a4
37|2026-09-16T21:54:51.5380000-04:00|40002A6C|Exdeath|0000402A|25384195||||||106.92|108.93|0.00|-2.73|7c8ceddb9a8f1eca
39|2026-09-16T21:54:51.5840000-04:00|1003AAEE|Enri Haze|227550|227550|10000|10000|||103.32|103.76|0.00|-2.36|b24eecfd57fef5ac
21|2026-09-16T21:54:51.6280000-04:00|100D83F9|Stranjer Danger|9073|Double Check|40002A6D|Chaos|724003|622A0000|0|0|0|0|0|0|0|0|0|0|0|0|0|0|22234587|37552669|10000|10000|||87.33|85.77|-0.00|-2.41|226428|226428|10000|10000|||102.33|103.91|-0.00|-2.35|00004033|0|1|00||01|9073|9073|0.600|1C1E|851bbde22c1ee1df
00|2026-09-16T21:54:51.6790000-04:00|002B||Stranjer DangerSiren uses Drill.|64da5a17c64377d4
264|2026-09-16T21:54:51.6280000-04:00|100D83F9|9073|00004033|0||||-2.451|40002A6D|d87efc21c00ebb13
00|2026-09-16T21:54:51.6800000-04:00|0029||   Chaos takes 70317 damage.|48fe8f0952c3a06d
37|2026-09-16T21:54:51.6730000-04:00|10020C04|Minda Silva|0000402A|204515||||||101.49|102.88|0.00|0.85|9571f67bd82c06a2
24|2026-09-16T21:54:51.6730000-04:00|1003AAEE|Enri Haze|HoT|0|AE18|227550|227550|10000|10000|||103.23|103.64|0.00|-2.41|100632C7|Evil Batusai|0|325133|325133|5100|10000|||104.17|104.88|0.00|0.57|8ec83fef3fd13a1b
22|2026-09-16T21:54:51.6730000-04:00|100288BD|Elie Glory|1D09|Plenary Indulgence|100288BD|Elie Glory|F607D00E|4C30000|0|0|0|0|0|0|0|0|0|0|0|0|0|0|188580|204515|8300|10000|||102.98|104.14|0.00|0.72|188580|204515|8300|10000|||102.98|104.14|0.00|0.72|00004034|0|8|00||01|1D09|1D09|0.600|9D53|86011e73bfb89de5
22|2026-09-16T21:54:51.6730000-04:00|100288BD|Elie Glory|1D09|Plenary Indulgence|1003AAEE|Enri Haze|F607D00E|4C30000|0|0|0|0|0|0|0|0|0|0|0|0|0|0|227550|227550|10000|10000|||103.23|103.64|0.00|-2.41|188580|204515|8300|10000|||102.98|104.14|0.00|0.72|00004034|1|8|00||01|1D09|1D09|0.600|9D53|3e9c19276ca28c33
22|2026-09-16T21:54:51.6730000-04:00|100288BD|Elie Glory|1D09|Plenary Indulgence|100D83F9|Stranjer Danger|F607D00E|4C30000|0|0|0|0|0|0|0|0|0|0|0|0|0|0|226428|226428|10000|10000|||102.33|103.91|-0.00|-2.35|188580|204515|8300|10000|||102.98|104.14|0.00|0.72|00004034|2|8|00||01|1D09|1D09|0.600|9D53|0374c73d33577e24
22|2026-09-16T21:54:51.6730000-04:00|100288BD|Elie Glory|1D09|Plenary Indulgence|100F612E|Mr Toxic|F607D00E|4C30000|0|0|0|0|0|0|0|0|0|0|0|0|0|0|205177|205177|9100|10000|||103.50|105.18|0.00|-2.49|188580|204515|8300|10000|||102.98|104.14|0.00|0.72|00004034|3|8|00||01|1D09|1D09|0.600|9D53|2b82d46bf2dc6a7f
22|2026-09-16T21:54:51.6730000-04:00|100288BD|Elie Glory|1D09|Plenary Indulgence|100632C7|Evil Batusai|F607D00E|4C30000|0|0|0|0|0|0|0|0|0|0|0|0|0|0|325133|325133|5100|10000|||104.17|104.88|0.00|0.57|188580|204515|8300|10000|||102.98|104.14|0.00|0.72|00004034|4|8|00||01|1D09|1D09|0.600|9D53|d8120c0988b0a03a
22|2026-09-16T21:54:51.6730000-04:00|100288BD|Elie Glory|1D09|Plenary Indulgence|100B00B3|Skyler Phoenix|F607D00E|4C30000|0|0|0|0|0|0|0|0|0|0|0|0|0|0|176434|227580|10000|10000|||103.34|105.97|-0.00|-2.13|188580|204515|8300|10000|||102.98|104.14|0.00|0.72|00004034|5|8|00||01|1D09|1D09|0.600|9D53|5829ac08501351a0
22|2026-09-16T21:54:51.6730000-04:00|100288BD|Elie Glory|1D09|Plenary Indulgence|10020C04|Minda Silva|F607D00E|4C30000|0|0|0|0|0|0|0|0|0|0|0|0|0|0|180524|204515|6900|10000|||101.49|102.88|0.00|0.85|188580|204515|8300|10000|||102.98|104.14|0.00|0.72|00004034|6|8|00||01|1D09|1D09|0.600|9D53|1fd05a709ad49f34
22|2026-09-16T21:54:51.6730000-04:00|100288BD|Elie Glory|1D09|Plenary Indulgence|1008704E|Arcane Valiance|F607D00E|4C30000|0|0|0|0|0|0|0|0|0|0|0|0|0|0|292384|325219|3800|10000|||104.54|105.94|-0.00|-0.66|188580|204515|8300|10000|||102.98|104.14|0.00|0.72|00004034|7|8|00||01|1D09|1D09|0.600|9D53|32e6adb3bcb83dd4
264|2026-09-16T21:54:51.6730000-04:00|100288BD|1D09|00004034|1|-0.015|-0.015|-0.015|0.720|100288BD|3f15bf741788019c
38|2026-09-16T21:54:51.6730000-04:00|1003AAEE|Enri Haze|00646427|227550|227550|10000|10000|1||103.23|103.64|0.00|-2.41|0|0|0|29CE0030|441F1619|1003AAEE|0B7A|4121AA07|10020C04|0751|4006D90D|100288BD|0|0|0|0|0|0|0642|406C9C6A|E0000000|0|0|0|0|0|0|0|0|0|0|0|0|0|0|0|0|0|0|0|0|0|0|0|0|0|0|0|0|0|0|0|0|0|0|0|0|0|0|0|0|0|0|0|0|0|0|0|0|0|0|0|0|0|0|0|0|0|0|0|0|0|0|0|0|0|0|0|0|0|0|0|0|0A1D|42551DE8|1003AAEE|0|0|0|0F28|4092979F|100288BD|0A3A|4121AA07|10020C04|050A53|4143D710|10020C04|0A35|4143D710|10020C04|C4|40D3D703|100632C7|915feb488d5d5250
00|2026-09-16T21:54:51.6940000-04:00|002D||   You recover 32356 HP.|c21b992075c4df63
36|2026-09-16T21:54:51.7170000-04:00|00DC|3|4f7d566c6f6277eb
24|2026-09-16T21:54:51.7620000-04:00|10020C04|Minda Silva|HoT|0|81B6|204515|204515|6900|10000|||101.49|102.88|0.00|0.85|10020C04|Minda Silva|0|204515|204515|6900|10000|||101.49|102.88|0.00|0.85|42be077220bd1dcc
24|2026-09-16T21:54:51.7620000-04:00|100632C7|Evil Batusai|HoT|0|7D7F|325133|325133|5100|10000|||104.17|104.88|0.00|0.57|100632C7|Evil Batusai|0|325133|325133|5100|10000|||104.17|104.88|0.00|0.57|020a9b9ec8b6223f
38|2026-09-16T21:54:51.7620000-04:00|10020C04|Minda Silva|00646428|204515|204515|7450|10000|8||101.49|102.88|0.00|0.85|0|0|0|0A0168|41F00000|E0000000|0A2C|42700000|10020C04|29D20030|44E72E51|10020C04|04B4|4127DF2D|10020C04|0|0|0|0B7A|4117B239|10020C04|0|0|0|0|0|0|0751|4003F7C5|100288BD|0643|4066EA3D|E0000000|0|0|0|0|0|0|0|0|0|0|0|0|0|0|0|0|0|0|0|0|0|0|0|0|0|0|0|0|0|0|0|0|0|0|0|0|0|0|0|0|0|0|0|0|0|0|0|0|0|0|0|0|0|0|0|0|0|0|0|0|0F28|4082E157|100288BD|079F|41053343|100D83F9|0A3A|4117B239|10020C04|030A53|413C0420|10020C04|0A35|41699169|10020C04|C4|40E21476|100632C7|0A2E|0|10020C04|cc4db4b1fbcd05a0
38|2026-09-16T21:54:51.7620000-04:00|100632C7|Evil Batusai|00646413|325133|325133|5100|10000|4||104.17|104.88|0.00|0.57|0|0|0|0A2D|42700000|10020C04|29CE0030|442288B1|100632C7|4F|0|100632C7|0751|400126E0|100288BD|0B7A|411BF7DA|10020C04|0643|4066EA3D|E0000000|0|0|0|0|0|0|0|0|0|0|0|0|0|0|0|0|0|0|0|0|0|0|0|0|0|0|0|0|0|0|0|0|0|0|0|0|0|0|0|0|0|0|0|0|0|0|0|0|0|0|0|0|0|0|0|0|0|0|0|0|0|0|0|0|0|0|0|0|0|0|0|0|0F28|4098419A|100288BD|050A53|4146B858|10020C04|079F|410978E4|100D83F9|0A3A|411BF7DA|10020C04|0A35|4146B858|10020C04|C4|40C87AD8|100632C7|c951ecbb043f32ab
26|2026-09-16T21:54:51.7620000-04:00|A2D|Kardion|60.00|10020C04|Minda Silva|100632C7|Evil Batusai|00|325133|204515|eaf770891361dd74
00|2026-09-16T21:54:51.8310000-04:00|0029||   Chaos takes 44334 damage.|87f5c72daa3ab045
37|2026-09-16T21:54:51.8070000-04:00|40002A6D|Chaos|0000402A|22190253||||||87.33|85.77|-0.00|-2.41|165bff0894190634
21|2026-09-16T21:54:51.8070000-04:00|100B00B3|Skyler Phoenix|07|attack|40002A6C|Exdeath|726003|3B520000|0|0|0|0|0|0|0|0|0|0|0|0|0|0|25384195|37552669|10000|10000|||106.92|108.93|0.00|-2.73|176434|227580|10000|10000|||103.24|105.91|-0.02|-1.89|00004035|0|1|00||01|07|07|0.100|7F10|de308d912504a67d
264|2026-09-16T21:54:51.8070000-04:00|100B00B3|0007|00004035|0||||-0.023|40002A6C|2fa27acbe05af712
37|2026-09-16T21:54:51.8520000-04:00|40002A6D|Chaos|00004030|22184208||||||87.33|85.77|-0.00|-2.41|c5f6924e62716fb7
24|2026-09-16T21:54:51.8520000-04:00|100F612E|Mr Toxic|HoT|0|7133|205177|205177|9100|10000|||103.48|105.16|-0.00|-2.49|100632C7|Evil Batusai|0|325133|325133|5100|10000|||104.17|104.88|0.00|0.57|203ca985a03410eb
24|2026-09-16T21:54:51.8520000-04:00|100288BD|Elie Glory|HoT|0|6828|188580|204515|8300|10000|||102.98|104.14|0.00|0.72|100632C7|Evil Batusai|0|325133|325133|5100|10000|||104.17|104.88|0.00|0.57|c5b44755b4f619c6
38|2026-09-16T21:54:51.8520000-04:00|100F612E|Mr Toxic|0064642A|205177|205177|9100|10000|5||103.48|105.16|-0.00|-2.49|0|0|0|29CE0030|44255854|100F612E|0|0|0|0|0|0|0B7A|411CAC13|10020C04|0|0|0|0642|406127AD|E0000000|0751|3FFC6A6B|100288BD|0|0|0|0|0|0|0|0|0|0|0|0|0|0|0|0|0|0|0|0|0|0|0|0|0|0|0|0|0|0|0|0|0|0|0|0|0|0|0|0|0|0|0|0|0|0|0|0|0|0|0|0|0|0|0|0|0|0|0|0|0|0|0|0|0|0|0|0|0|0F28|408449CA|100288BD|0E5B|41A80C35|100F612E|030E5A|0|100F612E|079F|410A2904|100D83F9|0A3A|411CAC13|10020C04|050A53|414322D7|10020C04|0A35|414322D7|10020C04|C4|40D2665F|100632C7|bbf5119516a9aa6e
38|2026-09-16T21:54:51.8520000-04:00|100288BD|Elie Glory|00646418|204515|204515|8850|10000|8||102.98|104.14|0.00|0.72|0|0|0|29D20030|4426FF0B|100288BD|04B4|4147F3AA|100288BD|0B7A|41186259|10020C04|0|0|0|0751|3FF6C8A2|100288BD|0|0|0|0643|406127AD|E0000000|0|0|0|0|0|0|0|0|0|0|0|0|0|0|0|0|0|0|0|0|0|0|0|0|0|0|0|0|0|0|0|0|0|0|0|0|0|0|0|0|0|0|0|0|0|0|0|0|0|0|0|0|0|0|0|0|0|0|0|0|0|0|0|0|0|0|0|0|0|0F28|40775C48|100288BD|079F|4105E363|100D83F9|0A3A|41186259|10020C04|0F29|40F1CA3E|100288BD|040A53|413ED91D|10020C04|0A35|4165FBE8|10020C04|C4|40DAF9D5|100632C7|f2b26107a8e83023
38|2026-09-16T21:54:51.8520000-04:00|100D83F9|Stranjer Danger|0064641F|226428|226428|10000|10000|5||102.24|103.81|-0.00|-2.45|0|0|0|043C|4584B373|100D83F9|29CE0030|45190640|100D83F9|0|0|0|0B7A|41253B6F|10020C04|0|0|0|0|0|0|0642|406127AD|E0000000|0|0|0|0751|3FF6C8A2|100288BD|0|0|0|0|0|0|0|0|0|0|0|0|0|0|0|0|0|0|0|0|0|0|0|0|0|0|0|0|0|0|0|0|0|0|0|0|0|0|0|0|0|0|0|0|0|0|0|0|0|0|0|0|0|0|0|0|0|0|0|0|0|0|0|0F28|4099AA0D|100288BD|079F|410199A9|100D83F9|0A3A|41253B6F|10020C04|040A53|413CB859|10020C04|0A35|4146B43F|10020C04|C4|40D6A7E9|100632C7|d7c9867709d92077
30|2026-09-16T21:54:51.8520000-04:00|31|Medicated|0.00|100D83F9|Stranjer Danger|100D83F9|Stranjer Danger|29D6|226428|226428|60b262a16258b4c0
37|2026-09-16T21:54:51.8950000-04:00|40002A6D|Chaos|0000402F|22113891||||||87.33|85.77|-0.00|-2.41|74f8e1575ab51ab4
00|2026-09-16T21:54:51.9070000-04:00|0030||Stranjer DangerSiren loses the effect of Medicated.|21fc549814b40168
00|2026-09-16T21:54:51.9400000-04:00|002D||   Critical! Skyler PhoenixDiabolos recovers 54690 HP.|7efda845a1ef70e4
00|2026-09-16T21:54:51.9560000-04:00|002B||Arcane ValianceJenova uses Souleater.|df0513d765283263
00|2026-09-16T21:54:51.9560000-04:00|0029||   Exdeath takes 34846(+45%) damage.|ee25e6a5eece4642
00|2026-09-16T21:54:51.9560000-04:00|002D||   Arcane ValianceJenova recovers 18543 HP.|5fde2ec37d8bc5a8
37|2026-09-16T21:54:51.9410000-04:00|100B00B3|Skyler Phoenix|0000402A|227580||||||103.11|105.84|-0.00|0.12|6ccae39d82694b17
24|2026-09-16T21:54:51.9410000-04:00|100D83F9|Stranjer Danger|HoT|0|69AE|226428|226428|10000|10000|||102.22|103.79|-0.00|-2.45|100632C7|Evil Batusai|0|325133|325133|5100|10000|||104.17|104.88|0.00|0.57|9ef35fba978b635f
22|2026-09-16T21:54:51.9410000-04:00|40002A6C|Exdeath|BB13|Vacuum Wave|1008704E|Arcane Valiance|1B|BB138000|0|0|0|0|0|0|0|0|0|0|0|0|0|0|292384|325219|3800|10000|||104.56|105.97|-0.00|-1.53|25384195|37552669|10000|10000|||106.92|108.93|0.00|-2.73|00004036|0|8|00||01|BB13|BB13|3.100|10B7|2dd2c11d860a6022
22|2026-09-16T21:54:51.9410000-04:00|40002A6C|Exdeath|BB13|Vacuum Wave|100632C7|Evil Batusai|1B|BB138000|0|0|0|0|0|0|0|0|0|0|0|0|0|0|325133|325133|5100|10000|||104.17|104.88|0.00|0.57|25384195|37552669|10000|10000|||106.92|108.93|0.00|-2.73|00004036|1|8|00||01|BB13|BB13|3.100|10B7|ed86cb6a18223be4
22|2026-09-16T21:54:51.9410000-04:00|40002A6C|Exdeath|BB13|Vacuum Wave|100B00B3|Skyler Phoenix|1B|BB138000|0|0|0|0|0|0|0|0|0|0|0|0|0|0|176434|227580|10000|10000|||103.11|105.84|-0.00|0.12|25384195|37552669|10000|10000|||106.92|108.93|0.00|-2.73|00004036|2|8|00||01|BB13|BB13|3.100|10B7|a7749a1f259f2196
22|2026-09-16T21:54:51.9410000-04:00|40002A6C|Exdeath|BB13|Vacuum Wave|100F612E|Mr Toxic|1B|BB138000|0|0|0|0|0|0|0|0|0|0|0|0|0|0|205177|205177|9100|10000|||103.48|105.15|-0.00|-2.49|25384195|37552669|10000|10000|||106.92|108.93|0.00|-2.73|00004036|3|8|00||01|BB13|BB13|3.100|10B7|686c3c3a78f725f9
22|2026-09-16T21:54:51.9410000-04:00|40002A6C|Exdeath|BB13|Vacuum Wave|100288BD|Elie Glory|1B|BB138000|0|0|0|0|0|0|0|0|0|0|0|0|0|0|188580|204515|8300|10000|||102.98|104.14|0.00|0.72|25384195|37552669|10000|10000|||106.92|108.93|0.00|-2.73|00004036|4|8|00||01|BB13|BB13|3.100|10B7|3d3de42e0068c884
22|2026-09-16T21:54:51.9410000-04:00|40002A6C|Exdeath|BB13|Vacuum Wave|1003AAEE|Enri Haze|1B|BB138000|0|0|0|0|0|0|0|0|0|0|0|0|0|0|227550|227550|10000|10000|||103.13|103.51|0.00|-2.45|25384195|37552669|10000|10000|||106.92|108.93|0.00|-2.73|00004036|5|8|00||01|BB13|BB13|3.100|10B7|32116e19eb0c2181
22|2026-09-16T21:54:51.9410000-04:00|40002A6C|Exdeath|BB13|Vacuum Wave|100D83F9|Stranjer Danger|1B|BB138000|0|0|0|0|0|0|0|0|0|0|0|0|0|0|226428|226428|10000|10000|||102.22|103.79|-0.00|-2.45|25384195|37552669|10000|10000|||106.92|108.93|0.00|-2.73|00004036|6|8|00||01|BB13|BB13|3.100|10B7|94fecc1716255592
22|2026-09-16T21:54:51.9410000-04:00|40002A6C|Exdeath|BB13|Vacuum Wave|10020C04|Minda Silva|1B|BB138000|0|0|0|0|0|0|0|0|0|0|0|0|0|0|204515|204515|7450|10000|||101.49|102.88|0.00|0.85|25384195|37552669|10000|10000|||106.92|108.93|0.00|-2.73|00004036|7|8|00||01|BB13|BB13|3.100|10B7|38678409ddda8b92
261|2026-09-16T21:54:51.9820000-04:00|Change|40002A6C|CastBuffID|0|CastDurationCurrent|0.0000|CastDurationMax|0.0000|CastTargetID|E0000000|IsCasting1|0|IsCasting2|0|daff612281bb055b
264|2026-09-16T21:54:51.9410000-04:00|40002A6C|BB13|00004036|1|-0.015|-0.015|-0.015|-2.731|40002A6C|b7b2775bb84547e9
38|2026-09-16T21:54:51.9410000-04:00|100D83F9|Stranjer Danger|0064641F|226428|226428|10000|10000|5||102.22|103.79|-0.00|-2.45|0|0|0|043C|4584B2BF|100D83F9|29CE0030|451904D8|100D83F9|0|0|0|0B7A|4123D2FD|10020C04|0|0|0|0|0|0|0642|405B85E3|E0000000|0|0|0|0751|3FEB850C|100288BD|0|0|0|0|0|0|0|0|0|0|0|0|0|0|0|0|0|0|0|0|0|0|0|0|0|0|0|0|0|0|0|0|0|0|0|0|0|0|0|0|0|0|0|0|0|0|0|0|0|0|0|0|0|0|0|0|0|0|0|0|0|0|0|0F28|4096D927|100288BD|079F|41003137|100D83F9|0A3A|4123D2FD|10020C04|040A53|413B4FE7|10020C04|0A35|41454BCD|10020C04|C4|40D3D703|100632C7|8821f6d66451559e
37|2026-09-16T21:54:51.9850000-04:00|40002A6C|Exdeath|00004032|25349349||||||106.92|108.93|0.00|-2.73|a3cec7332bcb69a8
37|2026-09-16T21:54:51.9850000-04:00|1008704E|Arcane Valiance|00004032|310927||||||104.56|105.97|-0.00|-1.53|644e12292bfc9fa6
261|2026-09-16T21:54:52.0400000-04:00|Change|1003AAEE|Heading|-2.4602|NPCTargetID|E0000000|PCTargetID|0|PosX|103.0705|PosY|103.4465|PosZ|-0.0025|7023e8539b4244d4
00|2026-09-16T21:54:52.1690000-04:00|0030||You lose the effect of Eukrasia.|b8ad28139a119ae1
261|2026-09-16T21:54:52.1680000-04:00|Change|100632C7|CurrentMP|5300|e6c8f0a707af4d16
39|2026-09-16T21:54:52.1180000-04:00|100632C7|Evil Batusai|325133|325133|5300|10000|||104.17|104.88|0.00|0.57|6d4e65fc61194429
22|2026-09-16T21:54:52.1640000-04:00|10020C04|Minda Silva|90AA|Eukrasian Prognosis II|10020C04|Minda Silva|200004|34B10000|B00E|A310000|1B|90AA8000|0|0|0|0|0|0|0|0|0|0|204515|204515|7450|10000|||101.49|102.88|0.00|0.85|204515|204515|7450|10000|||101.49|102.88|0.00|0.85|00004037|0|8|00||01|90AA|90AA|0.600|A295|a28b5b220ba2cb20
22|2026-09-16T21:54:52.1640000-04:00|10020C04|Minda Silva|90AA|Eukrasian Prognosis II|100D83F9|Stranjer Danger|4|1F340000|540E|A310000|1B|90AA8000|0|0|0|0|0|0|0|0|0|0|226428|226428|10000|10000|||102.17|103.72|-0.01|-2.45|204515|204515|7450|10000|||101.49|102.88|0.00|0.85|00004037|1|8|00||01|90AA|90AA|0.600|A295|01948039d5bddaa7
22|2026-09-16T21:54:52.1640000-04:00|10020C04|Minda Silva|90AA|Eukrasian Prognosis II|1003AAEE|Enri Haze|4|20380000|FC0E|A310000|1B|90AA8000|0|0|0|0|0|0|0|0|0|0|227550|227550|10000|10000|||103.06|103.43|0.00|-2.46|204515|204515|7450|10000|||101.49|102.88|0.00|0.85|00004037|2|8|00||01|90AA|90AA|0.600|A295|3db04760ff8e65ef
22|2026-09-16T21:54:52.1640000-04:00|10020C04|Minda Silva|90AA|Eukrasian Prognosis II|100288BD|Elie Glory|4|20090000|530E|A310000|1B|90AA8000|0|0|0|0|0|0|0|0|0|0|204515|204515|8850|10000|||102.98|104.14|0.00|0.72|204515|204515|7450|10000|||101.49|102.88|0.00|0.85|00004037|3|8|00||01|90AA|90AA|0.600|A295|9a929649d78130f8
22|2026-09-16T21:54:52.1640000-04:00|10020C04|Minda Silva|90AA|Eukrasian Prognosis II|100F612E|Mr Toxic|4|20D40000|2E0E|A310000|1B|90AA8000|0|0|0|0|0|0|0|0|0|0|205177|205177|9100|10000|||103.46|105.11|-0.00|-2.49|204515|204515|7450|10000|||101.49|102.88|0.00|0.85|00004037|4|8|00||01|90AA|90AA|0.600|A295|4a6d4013195ae200
22|2026-09-16T21:54:52.1640000-04:00|10020C04|Minda Silva|90AA|Eukrasian Prognosis II|100632C7|Evil Batusai|200004|32F70000|790E|A310000|1B|90AA8000|0|0|0|0|0|0|0|0|0|0|325133|325133|5100|10000|||104.17|104.88|0.00|0.57|204515|204515|7450|10000|||101.49|102.88|0.00|0.85|00004037|5|8|00||01|90AA|90AA|0.600|A295|f082017ea55ca4da
22|2026-09-16T21:54:52.1640000-04:00|10020C04|Minda Silva|90AA|Eukrasian Prognosis II|100B00B3|Skyler Phoenix|4|20B50000|BE0E|A310000|1B|90AA8000|0|0|0|0|0|0|0|0|0|0|227580|227580|10000|10000|||103.04|105.82|-0.00|0.47|204515|204515|7450|10000|||101.49|102.88|0.00|0.85|00004037|6|8|00||01|90AA|90AA|0.600|A295|0db9ec29f68ce892
22|2026-09-16T21:54:52.1640000-04:00|10020C04|Minda Silva|90AA|Eukrasian Prognosis II|1008704E|Arcane Valiance|4|20FE0000|C50E|A310000|1B|90AA8000|0|0|0|0|0|0|0|0|0|0|310927|325219|3800|10000|||104.56|105.99|-0.02|-1.89|204515|204515|7450|10000|||101.49|102.88|0.00|0.85|00004037|7|8|00||01|90AA|90AA|0.600|A295|33fab67fc5ce1d0a
264|2026-09-16T21:54:52.1640000-04:00|10020C04|90AA|00004037|1|-0.015|-0.015|-0.015|0.849|10020C04|d2f726024da1500c
38|2026-09-16T21:54:52.1640000-04:00|10020C04|Minda Silva|00646428|204515|204515|6650|10000|32||101.49|102.88|0.00|0.85|0|0|0|0A0168|41F00000|E0000000|0A2C|42700000|10020C04|29D20030|44E7217C|10020C04|04B4|412174AF|10020C04|0A31|41F00000|10020C04|0B7A|411147BB|10020C04|0|0|0|0|0|0|0751|3FD49B92|100288BD|0643|404D4041|E0000000|0|0|0|0|0|0|0|0|0|0|0|0|0|0|0|0|0|0|0|0|0|0|0|0|0|0|0|0|0|0|0|0|0|0|0|0|0|0|0|0|0|0|0|0|0|0|0|0|0|0|0|0|0|0|0|0|0|0|0|0|0F28|406C18B2|100288BD|079F|40FD9189|100D83F9|0A3A|411147BB|10020C04|030A53|413599A2|10020C04|0A35|416326EB|10020C04|C4|40D53F76|100632C7|c5b120e1bed99f3d
26|2026-09-16T21:54:52.1640000-04:00|A31|Eukrasian Prognosis|30.00|10020C04|Minda Silva|10020C04|Minda Silva|00|204515|204515|7a1fde556782ecb3
30|2026-09-16T21:54:52.1640000-04:00|A2E|Eukrasia|0.00|10020C04|Minda Silva|10020C04|Minda Silva|00|204515|204515|6b7d7a06e983053b
38|2026-09-16T21:54:52.1640000-04:00|100F612E|Mr Toxic|0064642A|205177|205177|9100|10000|20||103.46|105.11|-0.00|-2.49|0|0|0|29CE0030|4425446D|100F612E|0A31|41F00000|10020C04|0|0|0|0B7A|4117B239|10020C04|0|0|0|0642|404D4041|E0000000|0751|3FD49B92|100288BD|0|0|0|0|0|0|0|0|0|0|0|0|0|0|0|0|0|0|0|0|0|0|0|0|0|0|0|0|0|0|0|0|0|0|0|0|0|0|0|0|0|0|0|0|0|0|0|0|0|0|0|0|0|0|0|0|0|0|0|0|0|0|0|0|0|0|0|0|0|0F28|4074AC26|100288BD|0E5B|41A58F46|100F612E|030E5A|0|100F612E|079F|41052F2A|100D83F9|0A3A|4117B239|10020C04|050A53|413E28FD|10020C04|0A35|413E28FD|10020C04|C4|40C872A7|100632C7|e628256c534dd80f
26|2026-09-16T21:54:52.1640000-04:00|A31|Eukrasian Prognosis|30.00|10020C04|Minda Silva|100F612E|Mr Toxic|00|205177|204515|4e20fbfafb6906cd
38|2026-09-16T21:54:52.1640000-04:00|1008704E|Arcane Valiance|00646420|310927|325219|3800|10000|13||104.56|105.99|-0.02|-1.89|0|0|0|0A0168|41F00000|E0000000|0B7A|411BF7DB|10020C04|1E016C|41F00000|E0000000|29CE0030|44E7E477|1008704E|02E7|0|1008704E|0642|404D4041|E0000000|0A31|41F00000|10020C04|0|0|0|0751|3FD49B92|100288BD|0|0|0|0|0|0|0|0|0|0|0|0|0|0|0|0|0|0|0|0|0|0|0|0|0|0|0|0|0|0|0|0|0|0|0|0|0|0|0|0|0|0|0|0|0|0|0|0|0|0|0|0|0|0|0|0|0|0|0|0|0|0|0|0F28|40872B10|100288BD|0A3A|411BF7DB|10020C04|050A53|41426E9E|10020C04|0A35|41426E9E|10020C04|C4|40BFE762|100632C7|7f95a187d8cd8070
26|2026-09-16T21:54:52.1640000-04:00|A31|Eukrasian Prognosis|30.00|10020C04|Minda Silva|1008704E|Arcane Valiance|00|325219|204515|eb2409748b5d03af
38|2026-09-16T21:54:52.1640000-04:00|100B00B3|Skyler Phoenix|00646416|227580|227580|10000|10000|20||103.04|105.82|-0.00|0.47|0|0|0|29CE0030|4519B780|100B00B3|0643|404D4041|E0000000|0B7A|411E20D1|10020C04|0A31|41F00000|10020C04|0|0|0|0|0|0|0751|3FD49B92|100288BD|0|0|0|0|0|0|0|0|0|0|0|0|0|0|0|0|0|0|0|0|0|0|0|0|0|0|0|0|0|0|0|0|0|0|0|0|0|0|0|0|0|0|0|0|0|0|0|0|0|0|0|0|0|0|0|0|0|0|0|0|0|0|0|0|0|0|0|0|0|0A3A|411E20D1|10020C04|0F28|407D2F39|100288BD|0AA0|41D93745|100B00B3|040A53|4144937B|10020C04|0A35|415E2D11|10020C04|C4|40D98100|100632C7|ae782a78bd0957ab
26|2026-09-16T21:54:52.1640000-04:00|A31|Eukrasian Prognosis|30.00|10020C04|Minda Silva|100B00B3|Skyler Phoenix|00|227580|204515|1672e21650779bc6
38|2026-09-16T21:54:52.1640000-04:00|100288BD|Elie Glory|00646418|204515|204515|8850|10000|22||102.98|104.14|0.00|0.72|0|0|0|29D20030|4426EB24|100288BD|04B4|4142F9D0|100288BD|0B7A|4113687F|10020C04|0A31|41F00000|10020C04|0751|3FCEF9C9|100288BD|0|0|0|0643|404D4041|E0000000|0|0|0|0|0|0|0|0|0|0|0|0|0|0|0|0|0|0|0|0|0|0|0|0|0|0|0|0|0|0|0|0|0|0|0|0|0|0|0|0|0|0|0|0|0|0|0|0|0|0|0|0|0|0|0|0|0|0|0|0|0|0|0|0|0|0|0|0|0|0F28|406374DC|100288BD|079F|4100E989|100D83F9|0A3A|4113687F|10020C04|0F29|40E7D686|100288BD|040A53|4139DF43|10020C04|0A35|4161020E|10020C04|C4|40D1061D|100632C7|37ae7bc41a6a899b
26|2026-09-16T21:54:52.1640000-04:00|A31|Eukrasian Prognosis|30.00|10020C04|Minda Silva|100288BD|Elie Glory|00|204515|204515|a7bc1a26571ab756
38|2026-09-16T21:54:52.1640000-04:00|100632C7|Evil Batusai|00646413|325133|325133|5300|10000|18||104.17|104.88|0.00|0.57|0|0|0|0A2D|42700000|10020C04|29CE0030|44226F08|100632C7|4F|0|100632C7|0751|3FCEF9C9|100288BD|0B7A|41158D5C|10020C04|0643|404D4041|E0000000|0A31|41F00000|10020C04|0|0|0|0|0|0|0|0|0|0|0|0|0|0|0|0|0|0|0|0|0|0|0|0|0|0|0|0|0|0|0|0|0|0|0|0|0|0|0|0|0|0|0|0|0|0|0|0|0|0|0|0|0|0|0|0|0|0|0|0|0|0|0|0|0|0|0|0|0|0F28|408B6C9A|100288BD|050A53|41404DDA|10020C04|079F|41030E66|100D83F9|0A3A|41158D5C|10020C04|0A35|41404DDA|10020C04|C4|40BBA5D8|100632C7|41e0d25a37731763
26|2026-09-16T21:54:52.1640000-04:00|A31|Eukrasian Prognosis|30.00|10020C04|Minda Silva|100632C7|Evil Batusai|00|325133|204515|0b698d4005beb56f
38|2026-09-16T21:54:52.1640000-04:00|1003AAEE|Enri Haze|00646427|227550|227550|10000|10000|13||103.06|103.43|0.00|-2.46|0|0|0|29CE0030|441EF6BE|1003AAEE|0B7A|4119D2FE|10020C04|0751|3FCEF9C9|100288BD|0A31|41F00000|10020C04|0|0|0|0642|404D4041|E0000000|0|0|0|0|0|0|0|0|0|0|0|0|0|0|0|0|0|0|0|0|0|0|0|0|0|0|0|0|0|0|0|0|0|0|0|0|0|0|0|0|0|0|0|0|0|0|0|0|0|0|0|0|0|0|0|0|0|0|0|0|0|0|0|0|0|0|0|0|0|0|0|0|0A1D|4253282A|1003AAEE|0|0|0|0F28|4082E988|100288BD|0A3A|4119D2FE|10020C04|050A53|413C0007|10020C04|0A35|413C0007|10020C04|C4|40C428EC|100632C7|363e9546f6d5baa8
26|2026-09-16T21:54:52.1640000-04:00|A31|Eukrasian Prognosis|30.00|10020C04|Minda Silva|1003AAEE|Enri Haze|00|227550|204515|94a06cda6564be69
38|2026-09-16T21:54:52.1640000-04:00|100D83F9|Stranjer Danger|0064641F|226428|226428|10000|10000|17||102.17|103.72|-0.01|-2.45|0|0|0|043C|4584B0F7|100D83F9|29CE0030|45190148|100D83F9|0A31|41F00000|10020C04|0B7A|41204195|10020C04|0|0|0|0|0|0|0642|404D4041|E0000000|0|0|0|0751|3FCEF9C9|100288BD|0|0|0|0|0|0|0|0|0|0|0|0|0|0|0|0|0|0|0|0|0|0|0|0|0|0|0|0|0|0|0|0|0|0|0|0|0|0|0|0|0|0|0|0|0|0|0|0|0|0|0|0|0|0|0|0|0|0|0|0|0|0|0|0F28|408FB655|100288BD|079F|40F93F9C|100D83F9|0A3A|41204195|10020C04|040A53|4137BE7F|10020C04|0A35|4141BA65|10020C04|C4|40CCB431|100632C7|e64c0db1957ab45a
26|2026-09-16T21:54:52.1640000-04:00|A31|Eukrasian Prognosis|30.00|10020C04|Minda Silva|100D83F9|Stranjer Danger|00|226428|204515|b7d6329b92847c48
31|2026-09-16T21:54:52.1640000-04:00|10020C04|237A0028|302|00|00|bd84859b3093e4eb
00|2026-09-16T21:54:52.2320000-04:00|0029||Critical direct hit! Skyler PhoenixDiabolos hits Exdeath for 15186 damage.|4c8af1ccb7957c0e
21|2026-09-16T21:54:52.2530000-04:00|100F612E|Mr Toxic|1D89|Swiftcast|100F612E|Mr Toxic|E|A70000|0|0|0|0|0|0|0|0|0|0|0|0|0|0|205177|205177|9100|10000|||103.44|105.09|-0.00|-2.49|205177|205177|9100|10000|||103.44|105.09|-0.00|-2.49|00004038|0|1|00||01|1D89|1D89|0.600|1A5C|2c18256f7145ed16
264|2026-09-16T21:54:52.2530000-04:00|100F612E|1D89|00004038|0||||-2.495|100F612E|917561e73bc7bd58
38|2026-09-16T21:54:52.2530000-04:00|100F612E|Mr Toxic|0064642A|205177|205177|9100|10000|20||103.44|105.09|-0.00|-2.49|0|0|0|29CE0030|44253EAB|100F612E|0A31|41EF47AE|10020C04|0|0|0|0B7A|41164195|10020C04|0|0|0|0642|40477DB1|E0000000|0751|3FC91674|100288BD|0|0|0|0|0|0|0|0|0|0|0|0|0|0|0|0|0|0|0|0|0|0|0|0|0|0|0|0|0|0|0|0|0|0|0|0|0|0|0|0|0|0|0|0|0|0|0|0|0|0|0|0|0|0|0|0|0|0|0|0|0|0|0|0|0|0|0|0|0|0F28|406EE996|100288BD|0E5B|41A4D6F4|100F612E|030E5A|0|100F612E|079F|4103BE86|100D83F9|0A3A|41164195|10020C04|050A53|413CB859|10020C04|0A35|413CB859|10020C04|C4|40C5915F|100632C7|A7|C1200000|100F612E|f87a9bc8e41d7d1a
26|2026-09-16T21:54:52.2530000-04:00|A7|Swiftcast|10.00|100F612E|Mr Toxic|100F612E|Mr Toxic|00|205177|205177|c1eab5daa5857473
261|2026-09-16T21:54:52.2450000-04:00|Change|10020C04|CurrentMP|6650|c07b06faf1ba7fec
00|2026-09-16T21:54:52.2720000-04:00|002B||Stranjer DangerSiren uses Double Check.|7017f85bca9d13ad
00|2026-09-16T21:54:52.2720000-04:00|0029||   Direct hit! Chaos takes 25130 damage.|e22839c107176778
00|2026-09-16T21:54:52.3070000-04:00|002B||Mr ToxicDiabolos uses Swiftcast.|1a7efedbefca03ac
00|2026-09-16T21:54:52.3070000-04:00|002E||   Mr ToxicDiabolos gains the effect of Swiftcast.|c9101206f13bd13b
22|2026-09-16T21:54:52.2980000-04:00|100288BD|Elie Glory|9093|Divine Caress|100288BD|Elie Glory|4A0E|F3F0000|0|0|0|0|0|0|0|0|0|0|0|0|0|0|204515|204515|8850|10000|||102.98|104.14|0.00|0.72|204515|204515|8850|10000|||102.98|104.14|0.00|0.72|00004039|0|8|00||01|9093|9093|0.600|9D53|3bfb91f6989f839f
22|2026-09-16T21:54:52.2980000-04:00|100288BD|Elie Glory|9093|Divine Caress|1003AAEE|Enri Haze|570E|F3F0000|0|0|0|0|0|0|0|0|0|0|0|0|0|0|227550|227550|10000|10000|||103.02|103.39|0.00|-2.47|204515|204515|8850|10000|||102.98|104.14|0.00|0.72|00004039|1|8|00||01|9093|9093|0.600|9D53|39f1858a68e258d2
22|2026-09-16T21:54:52.2980000-04:00|100288BD|Elie Glory|9093|Divine Caress|100D83F9|Stranjer Danger|D00E|F3F0000|0|0|0|0|0|0|0|0|0|0|0|0|0|0|226428|226428|10000|10000|||102.16|103.72|0.00|-2.45|204515|204515|8850|10000|||102.98|104.14|0.00|0.72|00004039|2|8|00||01|9093|9093|0.600|9D53|f35f91b1367e0810
22|2026-09-16T21:54:52.2980000-04:00|100288BD|Elie Glory|9093|Divine Caress|100F612E|Mr Toxic|B00E|F3F0000|0|0|0|0|0|0|0|0|0|0|0|0|0|0|205177|205177|9100|10000|||103.44|105.09|-0.00|-2.49|204515|204515|8850|10000|||102.98|104.14|0.00|0.72|00004039|3|8|00||01|9093|9093|0.600|9D53|05e136f80b439087
22|2026-09-16T21:54:52.2980000-04:00|100288BD|Elie Glory|9093|Divine Caress|100632C7|Evil Batusai|F40E|F3F0000|0|0|0|0|0|0|0|0|0|0|0|0|0|0|325133|325133|5300|10000|||104.17|104.88|0.00|0.57|204515|204515|8850|10000|||102.98|104.14|0.00|0.72|00004039|4|8|00||01|9093|9093|0.600|9D53|a35c72451372627e
22|2026-09-16T21:54:52.2980000-04:00|100288BD|Elie Glory|9093|Divine Caress|100B00B3|Skyler Phoenix|C00E|F3F0000|0|0|0|0|0|0|0|0|0|0|0|0|0|0|227580|227580|10000|10000|||103.07|105.85|-0.00|0.59|204515|204515|8850|10000|||102.98|104.14|0.00|0.72|00004039|5|8|00||01|9093|9093|0.600|9D53|55cc83ce69dd2f42
22|2026-09-16T21:54:52.2980000-04:00|100288BD|Elie Glory|9093|Divine Caress|10020C04|Minda Silva|290E|F3F0000|0|0|0|0|0|0|0|0|0|0|0|0|0|0|204515|204515|6650|10000|||101.49|102.88|0.00|0.85|204515|204515|8850|10000|||102.98|104.14|0.00|0.72|00004039|6|8|00||01|9093|9093|0.600|9D53|bbc56d47415d0e19
22|2026-09-16T21:54:52.2980000-04:00|100288BD|Elie Glory|9093|Divine Caress|1008704E|Arcane Valiance|260E|F3F0000|0|0|0|0|0|0|0|0|0|0|0|0|0|0|310927|325219|3800|10000|||104.57|105.99|-0.00|-2.06|204515|204515|8850|10000|||102.98|104.14|0.00|0.72|00004039|7|8|00||01|9093|9093|0.600|9D53|3918e5648f80ead3
264|2026-09-16T21:54:52.2980000-04:00|100288BD|9093|00004039|1|-0.015|-0.015|-0.015|0.720|100288BD|51621d8632bf8dd7
38|2026-09-16T21:54:52.2980000-04:00|10020C04|Minda Silva|00646428|204515|204515|6650|10000|48||101.49|102.88|0.00|0.85|0|0|0|0A0168|41F00000|E0000000|0A2C|42700000|10020C04|29D20030|44E71D32|10020C04|04B4|411F4FD2|10020C04|0A31|41EEED91|10020C04|0B7A|410F22DE|10020C04|0|0|0|0|0|0|0751|3FC374A9|100288BD|0643|4044ACCC|E0000000|0|0|0|0|0|0|0|0|0|0|0|0|0|0|0|0|0|0|0|0|0|0|0|0|0|0|0|0|0|0|0|0|0|0|0|0|0|0|0|0|0|0|0|0|0|0|0|0|0|0|0|0|0|0|0|0|0|0|0|0|0F28|4063853D|100288BD|079F|40F947CE|100D83F9|0A3A|410F22DE|10020C04|030A53|413374C5|10020C04|0A35|4161020E|10020C04|C4|40D0F5BB|100632C7|0F3F|41200000|100288BD|ba60a2c36126e927
26|2026-09-16T21:54:52.2980000-04:00|F3F|Divine Caress|10.00|100288BD|Elie Glory|10020C04|Minda Silva|00|204515|204515|592796966fc1a763
38|2026-09-16T21:54:52.2980000-04:00|100F612E|Mr Toxic|0064642A|205177|205177|9100|10000|36||103.44|105.09|-0.00|-2.49|0|0|0|29CE0030|44253BDA|100F612E|0A31|41EEED91|10020C04|0|0|0|0B7A|41158D5C|10020C04|0|0|0|0642|4044ACCC|E0000000|0751|3FC374A9|100288BD|0|0|0|0|0|0|0|0|0|0|0|0|0|0|0|0|0|0|0|0|0|0|0|0|0|0|0|0|0|0|0|0|0|0|0|0|0|0|0|0|0|0|0|0|0|0|0|0|0|0|0|0|0|0|0|0|0|0|0|0|0|0|0|0|0|0|0|0|0|0F28|406C18B1|100288BD|0E5B|41A47CD7|100F612E|030E5A|0|100F612E|079F|41030A4D|100D83F9|0A3A|41158D5C|10020C04|050A53|413C0420|10020C04|0A35|413C0420|10020C04|C4|40C428EC|100632C7|A7|C1200000|100F612E|0F3F|41200000|100288BD|0de7d68f8dbe57d0
26|2026-09-16T21:54:52.2980000-04:00|F3F|Divine Caress|10.00|100288BD|Elie Glory|100F612E|Mr Toxic|00|205177|204515|f160f0240dfae8af
38|2026-09-16T21:54:52.2980000-04:00|1008704E|Arcane Valiance|00646420|310927|325219|3800|10000|23||104.57|105.99|-0.00|-2.06|0|0|0|0A0168|41F00000|E0000000|0B7A|4119D2FE|10020C04|1E016C|41F00000|E0000000|29CE0030|44E7E02D|1008704E|02E7|0|1008704E|0642|4044ACCC|E0000000|0A31|41EEED91|10020C04|0|0|0|0751|3FC374A9|100288BD|0|0|0|0|0|0|0|0|0|0|0|0|0|0|0|0|0|0|0|0|0|0|0|0|0|0|0|0|0|0|0|0|0|0|0|0|0|0|0|0|0|0|0|0|0|0|0|0|0|0|0|0|0|0|0|0|0|0|0|0|0|0|0|0F28|4082E155|100288BD|0A3A|4119D2FE|10020C04|050A53|414049C1|10020C04|0A35|414049C1|10020C04|C4|40BB9DA7|100632C7|0F3F|41200000|100288BD|5c59a4f437a5f819
26|2026-09-16T21:54:52.2980000-04:00|F3F|Divine Caress|10.00|100288BD|Elie Glory|1008704E|Arcane Valiance|00|325219|204515|147dec2959eb0b36
38|2026-09-16T21:54:52.2980000-04:00|100B00B3|Skyler Phoenix|00646416|227580|227580|10000|10000|35||103.07|105.85|-0.00|0.59|0|0|0|29CE0030|4519B55C|100B00B3|0643|4044ACCC|E0000000|0B7A|411BFBF4|10020C04|0A31|41EEED91|10020C04|0|0|0|0|0|0|0751|3FC374A9|100288BD|0|0|0|0|0|0|0|0|0|0|0|0|0|0|0|0|0|0|0|0|0|0|0|0|0|0|0|0|0|0|0|0|0|0|0|0|0|0|0|0|0|0|0|0|0|0|0|0|0|0|0|0|0|0|0|0|0|0|0|0|0|0|0|0|0|0|0|0|0|0A3A|411BFBF4|10020C04|0F28|40749BC4|100288BD|0AA0|41D824D6|100B00B3|040A53|41426E9E|10020C04|0A35|415C0834|10020C04|C4|40D53745|100632C7|0F3F|41200000|100288BD|a51c1581f3e228fa
26|2026-09-16T21:54:52.2980000-04:00|F3F|Divine Caress|10.00|100288BD|Elie Glory|100B00B3|Skyler Phoenix|00|227580|204515|e15c407fd46d0c4a
38|2026-09-16T21:54:52.2980000-04:00|100288BD|Elie Glory|00646418|204515|204515|8850|10000|38||102.98|104.14|0.00|0.72|0|0|0|29D20030|4426E291|100288BD|04B4|4140D4F3|100288BD|0B7A|411143A2|10020C04|0A31|41EEED91|10020C04|0751|3FBDD2E0|100288BD|0|0|0|0643|4044ACCC|E0000000|0|0|0|0|0|0|0|0|0|0|0|0|0|0|0|0|0|0|0|0|0|0|0|0|0|0|0|0|0|0|0|0|0|0|0|0|0|0|0|0|0|0|0|0|0|0|0|0|0|0|0|0|0|0|0|0|0|0|0|0|0|0|0|0|0|0|0|0|0|0F28|405AE167|100288BD|079F|40FD8957|100D83F9|0A3A|411143A2|10020C04|0F3F|41200000|100288BD|040A53|4137BA66|10020C04|0A35|415EDD31|10020C04|C4|40CCBC62|100632C7|0090e80499c46c62
30|2026-09-16T21:54:52.2980000-04:00|F29|Divine Grace|0.00|100288BD|Elie Glory|100288BD|Elie Glory|00|204515|204515|9315ee8e32962800
26|2026-09-16T21:54:52.2980000-04:00|F3F|Divine Caress|10.00|100288BD|Elie Glory|100288BD|Elie Glory|00|204515|204515|9b634a759e648b67
38|2026-09-16T21:54:52.2980000-04:00|100632C7|Evil Batusai|00646413|325133|325133|5300|10000|35||104.17|104.88|0.00|0.57|0|0|0|0A2D|42700000|10020C04|29CE0030|44226675|100632C7|4F|0|100632C7|0751|3FBDD2E0|100288BD|0B7A|4113687F|10020C04|0643|4044ACCC|E0000000|0A31|41EEED91|10020C04|0|0|0|0|0|0|0|0|0|0|0|0|0|0|0|0|0|0|0|0|0|0|0|0|0|0|0|0|0|0|0|0|0|0|0|0|0|0|0|0|0|0|0|0|0|0|0|0|0|0|0|0|0|0|0|0|0|0|0|0|0|0|0|0|0|0|0|0|0|0F28|408722DF|100288BD|050A53|413E28FD|10020C04|079F|4100E989|100D83F9|0A3A|4113687F|10020C04|0A35|413E28FD|10020C04|C4|40B75C1D|100632C7|0F3F|41200000|100288BD|88e3179821d38060
26|2026-09-16T21:54:52.2980000-04:00|F3F|Divine Caress|10.00|100288BD|Elie Glory|100632C7|Evil Batusai|00|325133|204515|89bd7d1ab4c0b6b1
38|2026-09-16T21:54:52.2980000-04:00|1003AAEE|Enri Haze|00646427|227550|227550|10000|10000|37||103.02|103.39|0.00|-2.47|0|0|0|29CE0030|441EEE2B|1003AAEE|0B7A|4117AE21|10020C04|0751|3FBDD2E0|100288BD|0A31|41EEED91|10020C04|0|0|0|0642|4044ACCC|E0000000|0|0|0|0|0|0|0|0|0|0|0|0|0|0|0|0|0|0|0|0|0|0|0|0|0|0|0|0|0|0|0|0|0|0|0|0|0|0|0|0|0|0|0|0|0|0|0|0|0|0|0|0|0|0|0|0|0|0|0|0|0|0|0|0|0|0|0|0|0|0|0|0|0A1D|42529EF4|1003AAEE|0F3F|41200000|100288BD|0F28|407D3F9B|100288BD|0A3A|4117AE21|10020C04|050A53|4139DB2A|10020C04|0A35|4139DB2A|10020C04|C4|40BFDF31|100632C7|c225f56198716908
26|2026-09-16T21:54:52.2980000-04:00|F3F|Divine Caress|10.00|100288BD|Elie Glory|1003AAEE|Enri Haze|00|227550|204515|f5ce0dc51617f562
38|2026-09-16T21:54:52.2980000-04:00|100D83F9|Stranjer Danger|0064641F|226428|226428|10000|10000|32||102.16|103.72|0.00|-2.45|0|0|0|043C|4584AFE5|100D83F9|29CE0030|4518FF24|100D83F9|0A31|41EEED91|10020C04|0B7A|411E1CB8|10020C04|0|0|0|0|0|0|0642|4044ACCC|E0000000|0|0|0|0751|3FBDD2E0|100288BD|0|0|0|0|0|0|0|0|0|0|0|0|0|0|0|0|0|0|0|0|0|0|0|0|0|0|0|0|0|0|0|0|0|0|0|0|0|0|0|0|0|0|0|0|0|0|0|0|0|0|0|0|0|0|0|0|0|0|0|0|0|0|0|0F28|408B6C9A|100288BD|079F|40F4F5E1|100D83F9|0A3A|411E1CB8|10020C04|040A53|413599A2|10020C04|0A35|413F9588|10020C04|C4|40C86A76|100632C7|0F3F|41200000|100288BD|aeccb7d40db53a62
26|2026-09-16T21:54:52.2980000-04:00|F3F|Divine Caress|10.00|100288BD|Elie Glory|100D83F9|Stranjer Danger|00|226428|204515|16ace71d3325bd18
37|2026-09-16T21:54:52.3420000-04:00|40002A6C|Exdeath|00004035|25334163||||||106.92|108.93|0.00|-2.73|725421e64e832e35
37|2026-09-16T21:54:52.3420000-04:00|40002A6D|Chaos|00004033|22088761||||||87.33|85.77|-0.00|-2.41|7cdccae2cc0efebe
00|2026-09-16T21:54:52.3470000-04:00|0030||Elie GloryUltros loses the effect of Divine Grace.|7c9f2c1b2146150c
00|2026-09-16T21:54:52.3470000-04:00|002B||Elie GloryUltros uses Plenary Indulgence.|44f9d7d2f7f57dd2
00|2026-09-16T21:54:52.3470000-04:00|002E||   Elie GloryUltros gains the effect of Confession.|a60f5cc933280c95
00|2026-09-16T21:54:52.3470000-04:00|002E||   Enri HazeSiren gains the effect of Confession.|efa638230c37453f
00|2026-09-16T21:54:52.3470000-04:00|002E||   Stranjer DangerSiren gains the effect of Confession.|fd235e99865ab390
00|2026-09-16T21:54:52.3470000-04:00|002E||   Mr ToxicDiabolos gains the effect of Confession.|e9caa7e224e79a93
00|2026-09-16T21:54:52.3470000-04:00|002E||   Evil BatusaiDiabolos gains the effect of Confession.|c5e998369c9d96fe
00|2026-09-16T21:54:52.3470000-04:00|002E||   Skyler PhoenixDiabolos gains the effect of Confession.|364d9116078d6f9c
00|2026-09-16T21:54:52.3470000-04:00|002E||   You gain the effect of Confession.|4c511cb69c1078e7
00|2026-09-16T21:54:52.3600000-04:00|002E||   Arcane ValianceJenova gains the effect of Confession.|9098a821363ce834
261|2026-09-16T21:54:52.4070000-04:00|Change|40002A67|ModelStatus|16384|29c8030b3dcfb600
37|2026-09-16T21:54:52.3860000-04:00|100F612E|Mr Toxic|00004038|205177|205177|9100|10000|36||103.44|105.09|-0.02|-2.49|2A00|0|0|01|260000A7|0|41200000|100F612E|180d47fc231f7d8a
38|2026-09-16T21:54:52.3860000-04:00|100F612E|Mr Toxic|0064642A|205177|205177|9100|10000|36||103.44|105.09|-0.02|-2.49|0|0|0|29CE0030|44253628|100F612E|0A31|41EE374B|10020C04|0|0|0|0B7A|411420D1|10020C04|0|0|0|0642|403EFA9F|E0000000|0751|3FB8104F|100288BD|0|0|0|0|0|0|0|0|0|0|0|0|0|0|0|0|0|0|0|0|0|0|0|0|0|0|0|0|0|0|0|0|0|0|0|0|0|0|0|0|0|0|0|0|0|0|0|0|0|0|0|0|0|0|0|0|0|0|0|0|0|0|0|0|0|0|0|0|0|0F28|40666684|100288BD|0E5B|41A3C691|100F612E|030E5A|0|100F612E|079F|41019DC2|100D83F9|0A3A|411420D1|10020C04|050A53|413A9795|10020C04|0A35|413A9795|10020C04|C4|40C14FD5|100632C7|A7|411F4BC7|100F612E|0F3F|411E9375|100288BD|4eeee99c85069d44
261|2026-09-16T21:54:52.4460000-04:00|Change|100288BD|CurrentMP|8850|Heading|0.7198|PosX|102.9832|PosY|104.1428|PosZ|0.0000|90ee735cf81c6388
37|2026-09-16T21:54:52.4750000-04:00|100288BD|Elie Glory|00004034|204515|204515|8850|10000|38||102.98|104.14|0.00|0.72|1800|0|0|01|250004C3|FFF6|41200000|100288BD|2cef81ce741cad93
26|2026-09-16T21:54:52.4750000-04:00|4C3|Confession|10.00|100288BD|Elie Glory|100288BD|Elie Glory|FFF6|204515|204515|e4daed43517daee4
24|2026-09-16T21:54:52.5190000-04:00|1008704E|Arcane Valiance|HoT|0|8754|310927|325219|3800|10000|||104.57|106.00|-0.02|-2.18|100288BD|Elie Glory|0|204515|204515|8850|10000|||102.98|104.14|0.00|0.72|c39d1ed78ae1ed21
24|2026-09-16T21:54:52.5190000-04:00|100B00B3|Skyler Phoenix|HoT|0|846E|227580|227580|10000|10000|||103.14|105.92|-0.00|0.71|100288BD|Elie Glory|0|204515|204515|8850|10000|||102.98|104.14|0.00|0.72|00e9e82a09ac11bb
38|2026-09-16T21:54:52.5190000-04:00|1008704E|Arcane Valiance|00646420|325219|325219|3800|10000|23||104.57|106.00|-0.02|-2.18|0|0|0|0A0168|41F00000|E0000000|0B7A|411645AF|10020C04|1E016C|41F00000|E0000000|29CE0030|44E7D913|1008704E|02E7|0|1008704E|0642|4036778D|E0000000|0A31|41ED26E8|10020C04|0|0|0|0751|3FA70A2A|100288BD|0|0|0|0|0|0|0|0|0|0|0|0|0|0|0|0|0|0|0|0|0|0|0|0|0|0|0|0|0|0|0|0|0|0|0|0|0|0|0|0|0|0|0|0|0|0|0|0|0|0|0|0|0|0|0|0|0|0|0|0|0|0|0|0F28|40778D6A|100288BD|0A3A|411645AF|10020C04|050A53|413CBC72|10020C04|0A35|413CBC72|10020C04|C4|40B48306|100632C7|0F3F|411C72B1|100288BD|1815a56ec58209f3
38|2026-09-16T21:54:52.5190000-04:00|100B00B3|Skyler Phoenix|00646416|227580|227580|10000|10000|35||103.14|105.92|-0.00|0.71|0|0|0|29CE0030|4519B1D0|100B00B3|0643|4036778D|E0000000|0B7A|41186EA5|10020C04|0A31|41ED26E8|10020C04|0|0|0|0|0|0|0751|3FA70A2A|100288BD|0|0|0|0|0|0|0|0|0|0|0|0|0|0|0|0|0|0|0|0|0|0|0|0|0|0|0|0|0|0|0|0|0|0|0|0|0|0|0|0|0|0|0|0|0|0|0|0|0|0|0|0|0|0|0|0|0|0|0|0|0|0|0|0|0|0|0|0|0|0A3A|41186EA5|10020C04|0F28|40666685|100288BD|0AA0|41D65E2D|100B00B3|040A53|413EE14F|10020C04|0A35|41587AE5|10020C04|C4|40CE1CA4|100632C7|0F3F|411C72B1|100288BD|1898500ead4c25a2
261|2026-09-16T21:54:52.6020000-04:00|Change|40002A66|Heading|-2.3563|PosX|114.1421|PosY|114.1421|PosZ|0.0000|f7c53c8cc62086d6
37|2026-09-16T21:54:52.6090000-04:00|1003AAEE|Enri Haze|00004034|227550|227550|10000|10000|37||103.01|103.38|0.00|-2.48|2701|0|0|01|250004C3|FFF6|41200000|100288BD|5e3966d0b06a216a
26|2026-09-16T21:54:52.6090000-04:00|4C3|Confession|10.00|100288BD|Elie Glory|1003AAEE|Enri Haze|FFF6|227550|204515|68c3ee567b183f3c
39|2026-09-16T21:54:52.6090000-04:00|100288BD|Elie Glory|204515|204515|9050|10000|||102.98|104.14|0.00|0.72|db85321cace151e7
271|2026-09-16T21:54:52.6090000-04:00|40002A66|-2.3563|00|00|114.1421|114.1421|0.0000|7c034967707a79c2
00|2026-09-16T21:54:52.7020000-04:00|0029||Direct hit! Arcane ValianceJenova hits Exdeath for 8518 damage.|54474726ec9968f2
00|2026-09-16T21:54:52.7020000-04:00|0029||Evil BatusaiDiabolos hits Exdeath for 4344 damage.|93ce061f53d9cd21
21|2026-09-16T21:54:52.6540000-04:00|1008704E|Arcane Valiance|07|attack|40002A6C|Exdeath|714003|21460000|0|0|0|0|0|0|0|0|0|0|0|0|0|0|25334163|37552669|10000|10000|||106.92|108.93|0.00|-2.73|325219|325219|3800|10000|||104.57|106.00|-0.00|-2.26|0000403A|0|1|00||01|07|07|0.100|1D92|5f01a6d4714fdfe0
264|2026-09-16T21:54:52.6540000-04:00|1008704E|0007|0000403A|0||||-2.416|40002A6C|0e721a1465a94f53
22|2026-09-16T21:54:52.6990000-04:00|40002A66|Kefka|BAE3|Ultima Blaster|1008704E|Arcane Valiance|750003|0|1B|BAE38000|0|0|0|0|0|0|0|0|0|0|0|0|325219|325219|3800|10000|||104.57|106.00|-0.00|-2.26|9415000|9415000|10000|10000|||114.14|114.14|0.00|-2.36|0000403B|0|8|00||01|BAE3|BAE3|1.800|1FFF|eb6057d5b3206518
22|2026-09-16T21:54:52.6990000-04:00|40002A66|Kefka|BAE3|Ultima Blaster|100632C7|Evil Batusai|EC750005|0|1B|BAE38000|0|0|0|0|0|0|0|0|0|0|0|0|325133|325133|5300|10000|||104.17|104.88|0.00|0.57|9415000|9415000|10000|10000|||114.14|114.14|0.00|-2.36|0000403B|1|8|00||01|BAE3|BAE3|1.800|1FFF|548b81d936590276
22|2026-09-16T21:54:52.6990000-04:00|40002A66|Kefka|BAE3|Ultima Blaster|100B00B3|Skyler Phoenix|750003|0|1B|BAE38000|0|0|0|0|0|0|0|0|0|0|0|0|227580|227580|10000|10000|||103.19|105.97|-0.01|0.79|9415000|9415000|10000|10000|||114.14|114.14|0.00|-2.36|0000403B|2|8|00||01|BAE3|BAE3|1.800|1FFF|abbdeeee6985da25
22|2026-09-16T21:54:52.6990000-04:00|40002A66|Kefka|BAE3|Ultima Blaster|100F612E|Mr Toxic|750003|0|1B|BAE38000|0|0|0|0|0|0|0|0|0|0|0|0|205177|205177|9100|10000|||103.44|105.09|-0.02|-2.49|9415000|9415000|10000|10000|||114.14|114.14|0.00|-2.36|0000403B|3|8|00||01|BAE3|BAE3|1.800|1FFF|cb801a1183d6b644
22|2026-09-16T21:54:52.6990000-04:00|40002A66|Kefka|BAE3|Ultima Blaster|100288BD|Elie Glory|750003|0|1B|BAE38000|0|0|0|0|0|0|0|0|0|0|0|0|204515|204515|9050|10000|||102.98|104.14|0.00|0.72|9415000|9415000|10000|10000|||114.14|114.14|0.00|-2.36|0000403B|4|8|00||01|BAE3|BAE3|1.800|1FFF|8834279f3701eea7
22|2026-09-16T21:54:52.6990000-04:00|40002A66|Kefka|BAE3|Ultima Blaster|1003AAEE|Enri Haze|750003|0|1B|BAE38000|0|0|0|0|0|0|0|0|0|0|0|0|227550|227550|10000|10000|||103.01|103.38|0.00|-2.48|9415000|9415000|10000|10000|||114.14|114.14|0.00|-2.36|0000403B|5|8|00||01|BAE3|BAE3|1.800|1FFF|1199524a156f0ca5
22|2026-09-16T21:54:52.6990000-04:00|40002A66|Kefka|BAE3|Ultima Blaster|100D83F9|Stranjer Danger|750003|0|1B|BAE38000|0|0|0|0|0|0|0|0|0|0|0|0|226428|226428|10000|10000|||102.16|103.72|0.00|-2.45|9415000|9415000|10000|10000|||114.14|114.14|0.00|-2.36|0000403B|6|8|00||01|BAE3|BAE3|1.800|1FFF|21680219968369f4
22|2026-09-16T21:54:52.6990000-04:00|40002A66|Kefka|BAE3|Ultima Blaster|10020C04|Minda Silva|750003|0|1B|BAE38000|0|0|0|0|0|0|0|0|0|0|0|0|204515|204515|6650|10000|||101.49|102.88|0.00|0.85|9415000|9415000|10000|10000|||114.14|114.14|0.00|-2.36|0000403B|7|8|00||01|BAE3|BAE3|1.800|1FFF|dfa7b2fccf5219b8
264|2026-09-16T21:54:52.6990000-04:00|40002A66|BAE3|0000403B|1|-0.015|-0.015|-0.015|-2.356|40002A66|8e2e74b8870a3fad
21|2026-09-16T21:54:52.6990000-04:00|100632C7|Evil Batusai|07|attack|40002A6C|Exdeath|710003|10F80000|0|0|0|0|0|0|0|0|0|0|0|0|0|0|25334163|37552669|10000|10000|||106.92|108.93|0.00|-2.73|325133|325133|5300|10000|||104.17|104.88|0.00|0.57|0000403C|0|1|00||01|07|07|0.100|973A|b5b8402d06f0f179
264|2026-09-16T21:54:52.6990000-04:00|100632C7|0007|0000403C|0||||0.570|40002A6C|23cc0efede4d2446
261|2026-09-16T21:54:52.7320000-04:00|Change|40002A66|ModelStatus|0|a2063471f924e3b9
00|2026-09-16T21:54:52.7430000-04:00|002B||Exdeath uses Vacuum Wave.|e413e0d1e61be842
00|2026-09-16T21:54:52.7950000-04:00|0031||Arcane ValianceJenova recovers from the effect of Headwind.|471731f1731f5a74
00|2026-09-16T21:54:52.7950000-04:00|0031||Evil BatusaiDiabolos recovers from the effect of Tailwind.|e66316a99cdf99b3
37|2026-09-16T21:54:52.7430000-04:00|100D83F9|Stranjer Danger|00004034|226428|226428|10000|10000|32||102.16|103.72|0.00|-2.45|1F02|0|0|01|250004C3|FFF6|41200000|100288BD|ba0263d84ca7e25c
26|2026-09-16T21:54:52.7430000-04:00|4C3|Confession|10.00|100288BD|Elie Glory|100D83F9|Stranjer Danger|FFF6|226428|204515|31aa53a59a9831a7
38|2026-09-16T21:54:52.7440000-04:00|1008704E|Arcane Valiance|00646420|325219|325219|3800|10000|23||104.57|106.00|-0.02|-2.28|0|0|0|0A0168|41F00000|E0000000|0B7A|4112AC15|10020C04|1E016C|41F00000|E0000000|29CE0030|44E7D1DE|1008704E|02E7|0|1008704E|0|0|0|0A31|41EB5A1B|10020C04|0|0|0|0751|3F8A3D5F|100288BD|0|0|0|0|0|0|0|0|0|0|0|0|0|0|0|0|0|0|0|0|0|0|0|0|0|0|0|0|0|0|0|0|0|0|0|0|0|0|0|0|0|0|0|0|0|0|0|0|0|0|0|0|0|0|0|0|0|0|0|0|0|0|0|0F28|40692702|100288BD|0A3A|4112AC15|10020C04|050A53|413922D8|10020C04|0A35|413922D8|10020C04|C4|40AD4FD2|100632C7|0F3F|4118D917|100288BD|149c7ec35b5d82c5
30|2026-09-16T21:54:52.7440000-04:00|642|Headwind|0.00|E0000000||1008704E|Arcane Valiance|00|325219||be3d7aa8157fb3ab
21|2026-09-16T21:54:52.7890000-04:00|100632C7|Evil Batusai|1CD5|Total Eclipse|40002A6C|Exdeath|712003|32750000|1B|1CD58000|0|0|0|0|0|0|0|0|0|0|0|0|25334163|37552669|10000|10000|||106.92|108.93|0.00|-2.73|325133|325133|5300|10000|||104.17|104.88|0.00|0.57|0000403D|0|1|00||01|1CD5|1CD5|0.600|973A|1736f5fce0973568
264|2026-09-16T21:54:52.7890000-04:00|100632C7|1CD5|0000403D|0||||0.570|100632C7|220f1dbc35124aa9
38|2026-09-16T21:54:52.7890000-04:00|100632C7|Evil Batusai|00646413|325133|325133|5300|10000|35||104.17|104.88|0.00|0.57|0|0|0|0A2D|42700000|10020C04|29CE0030|442246FA|100632C7|4F|0|100632C7|0751|3F7DB20D|100288BD|0B7A|410B8944|10020C04|0|0|0|0A31|41EAFDF2|10020C04|0|0|0|0|0|0|0|0|0|0|0|0|0|0|0|0|0|0|0|0|0|0|0|0|0|0|0|0|0|0|0|0|0|0|0|0|0|0|0|0|0|0|0|0|0|0|0|0|0|0|0|0|0|0|0|0|0|0|0|0|0|0|0|0|0|0|0|0|0|0F28|406EC8CC|100288BD|050A53|413649C2|10020C04|079F|40F21499|100D83F9|0A3A|410B8944|10020C04|0A35|413649C2|10020C04|C4|40A79DA4|100632C7|0F3F|411820C5|100288BD|04c03b28bfd3e981
30|2026-09-16T21:54:52.7890000-04:00|643|Tailwind|0.00|E0000000||100632C7|Evil Batusai|00|325133||233e3fe7e129e20d
00|2026-09-16T21:54:52.8810000-04:00|0031||Skyler PhoenixDiabolos recovers from the effect of Tailwind.|5ef96b51296ade18
00|2026-09-16T21:54:52.8810000-04:00|0031||Mr ToxicDiabolos recovers from the effect of Headwind.|c4e5193e7663e6a5
261|2026-09-16T21:54:52.8730000-04:00|Change|1003AAEE|Heading|-2.4752|PCTargetID|40002A6D|PosX|103.0135|PosY|103.3798|PosZ|0.0000|3f525f03313a254b
38|2026-09-16T21:54:52.8330000-04:00|100B00B3|Skyler Phoenix|00646416|227580|227580|10000|10000|35||103.20|105.97|0.00|0.80|0|0|0|29CE0030|4519ACCC|100B00B3|0|0|0|0B7A|41136880|10020C04|0A31|41EAA3D5|10020C04|0|0|0|0|0|0|0751|3F7DB20A|100288BD|0|0|0|0|0|0|0|0|0|0|0|0|0|0|0|0|0|0|0|0|0|0|0|0|0|0|0|0|0|0|0|0|0|0|0|0|0|0|0|0|0|0|0|0|0|0|0|0|0|0|0|0|0|0|0|0|0|0|0|0|0|0|0|0|0|0|0|0|0|0A3A|41136880|10020C04|0F28|40524DF0|100288BD|0AA0|41D3DB1A|100B00B3|040A53|4139DB2A|10020C04|0A35|415374C0|10020C04|C4|40C41059|100632C7|0F3F|41176C8C|100288BD|1adf228a678065a6
30|2026-09-16T21:54:52.8330000-04:00|643|Tailwind|0.00|E0000000||100B00B3|Skyler Phoenix|00|227580||79bfe20c1e27b387
37|2026-09-16T21:54:52.8780000-04:00|100F612E|Mr Toxic|00004034|205177|205177|9100|10000|36||103.44|105.09|-0.02|-2.49|2A03|0|0|01|280004C3|FFF6|41200000|100288BD|35d2f95181877d7e
26|2026-09-16T21:54:52.8780000-04:00|4C3|Confession|10.00|100288BD|Elie Glory|100F612E|Mr Toxic|FFF6|205177|204515|54c3719109778f1c
38|2026-09-16T21:54:52.8780000-04:00|100F612E|Mr Toxic|0064642A|205177|205177|9100|10000|36||103.44|105.09|-0.02|-2.49|0|0|0|29CE0030|442516AD|100F612E|0A31|41EA47AC|10020C04|0|0|0|0B7A|410C4196|10020C04|0|0|0|0|0|0|0751|3F722CEB|100288BD|0|0|0|0|0|0|0|0|0|0|0|0|0|0|0|0|0|0|0|0|0|0|0|0|0|0|0|0|0|0|0|0|0|0|0|0|0|0|0|0|0|0|0|0|0|0|0|0|0|0|0|0|0|0|0|0|0|0|0|0|0|0|0|0|0|0|0|0|0|0F28|4046E995|100288BD|0E5B|419FD6F2|100F612E|030E5A|0|100F612E|079F|40F37D0C|100D83F9|0A3A|410C4196|10020C04|050A53|4132B85A|10020C04|0A35|4132B85A|10020C04|C4|40B1915C|100632C7|A7|41176C8C|100F612E|0F3F|4116B43A|100288BD|FFF604C3|411F47AE|100288BD|eb571b1c0049e37e
30|2026-09-16T21:54:52.8780000-04:00|642|Headwind|0.00|E0000000||100F612E|Mr Toxic|00|205177||765a041f47d91933
00|2026-09-16T21:54:52.9160000-04:00|002B||You cast Eukrasian Prognosis II.|acdd923d73d520cc
00|2026-09-16T21:54:52.9510000-04:00|002D||   Critical! You recover 13489 HP.|0c13479d1366f702
00|2026-09-16T21:54:52.9510000-04:00|002E||   You gain the effect of Eukrasian Prognosis.|ff55e16dced3cc85
38|2026-09-16T21:54:52.9220000-04:00|100288BD|Elie Glory|00646418|204515|204515|9050|10000|38||102.98|104.14|0.00|0.72|0|0|0|29D20030|4426BA93|100288BD|04B4|4136D4F4|100288BD|0B7A|410743A3|10020C04|0A31|41E9ED8F|10020C04|0751|3F5BA5C4|100288BD|0|0|0|0|0|0|0|0|0|0|0|0|0|0|0|0|0|0|0|0|0|0|0|0|0|0|0|0|0|0|0|0|0|0|0|0|0|0|0|0|0|0|0|0|0|0|0|0|0|0|0|0|0|0|0|0|0|0|0|0|0|0|0|0|0|0|0|0|0|0|0|0|0|0|0|0F28|4032E166|100288BD|079F|40E98954|100D83F9|0A3A|410743A3|10020C04|0F3F|41160001|100288BD|040A53|412DBA67|10020C04|0A35|4154DD32|10020C04|C4|40B8BC5F|100632C7|FFF604C3|411820C5|100288BD|2c116babaf1c973c
30|2026-09-16T21:54:52.9220000-04:00|643|Tailwind|0.00|E0000000||100288BD|Elie Glory|00|204515||b61ebb33120dceee
38|2026-09-16T21:54:52.9670000-04:00|1003AAEE|Enri Haze|00646427|227550|227550|10000|10000|37||103.01|103.38|0.00|-2.48|0|0|0|29CE0030|441EC34C|1003AAEE|0B7A|410CF5D0|10020C04|0751|3F5020A5|100288BD|0A31|41E99166|10020C04|0|0|0|0|0|0|0|0|0|0|0|0|0|0|0|0|0|0|0|0|0|0|0|0|0|0|0|0|0|0|0|0|0|0|0|0|0|0|0|0|0|0|0|0|0|0|0|0|0|0|0|0|0|0|0|0|0|0|0|0|0|0|0|0|0|0|0|0|0|0|0|0|0|0|0|0|0|0|0A1D|424FF0E6|1003AAEE|0F3F|411547AF|100288BD|0F28|40525E52|100288BD|0A3A|410CF5D0|10020C04|050A53|412F22D9|10020C04|0A35|412F22D9|10020C04|C4|40AA6E8A|100632C7|FFF604C3|41198D50|100288BD|9baec67954512e72
30|2026-09-16T21:54:52.9670000-04:00|642|Headwind|0.00|E0000000||1003AAEE|Enri Haze|00|227550||85c67969f41230e5
00|2026-09-16T21:54:52.9740000-04:00|0031||Elie GloryUltros recovers from the effect of Tailwind.|5885fa57b306f8e3
00|2026-09-16T21:54:52.9740000-04:00|0031||Enri HazeSiren recovers from the effect of Headwind.|6af1b7716e8daa66
00|2026-09-16T21:54:52.9880000-04:00|002B||Kefka uses Ultima Blaster.|f1f599df9ed6afff
00|2026-09-16T21:54:52.9880000-04:00|0029||   Arcane ValianceJenova takes 0 damage.|70415ab3f65bca51
00|2026-09-16T21:54:52.9880000-04:00|0029||   Blocked! Evil BatusaiDiabolos takes 0(-20%) damage.|22d14dcba5bdd315
00|2026-09-16T21:54:52.9880000-04:00|0029||   Skyler PhoenixDiabolos takes 0 damage.|ad3095b1512c6248
00|2026-09-16T21:54:52.9880000-04:00|0029||   Mr ToxicDiabolos takes 0 damage.|740bf9af992871f4
00|2026-09-16T21:54:52.9880000-04:00|0029||   Elie GloryUltros takes 0 damage.|a08b1ecc0f606a40
00|2026-09-16T21:54:52.9880000-04:00|0029||   Enri HazeSiren takes 0 damage.|4b53cd0cfd889a67
00|2026-09-16T21:54:52.9880000-04:00|0029||   Stranjer DangerSiren takes 0 damage.|28b44e84450b13d2
00|2026-09-16T21:54:52.9880000-04:00|0029||   You take 0 damage.|605ecf29162de35d
00|2026-09-16T21:54:53.0160000-04:00|0031||Stranjer DangerSiren recovers from the effect of Headwind.|dd7a19a2c61d8e03
261|2026-09-16T21:54:53.0510000-04:00|Change|100F612E|CurrentMP|9300|Heading|-2.4945|PosX|103.4193|PosY|105.0649|PosZ|-0.0153|c8c7fca0bea6b4d3
37|2026-09-16T21:54:53.0120000-04:00|100632C7|Evil Batusai|00004034|325133|325133|5300|10000|35||104.08|104.74|-0.02|0.57|1304|0|0|01|250004C3|FFF6|41200000|100288BD|8854a37b90c25f4a
26|2026-09-16T21:54:53.0120000-04:00|4C3|Confession|10.00|100288BD|Elie Glory|100632C7|Evil Batusai|FFF6|325133|204515|28d244a1dfaf487f
39|2026-09-16T21:54:53.0120000-04:00|100F612E|Mr Toxic|205177|205177|9300|10000|||103.44|105.09|0.00|-2.49|152fc9beb30b9213
38|2026-09-16T21:54:53.0120000-04:00|100D83F9|Stranjer Danger|0064641F|226428|226428|10000|10000|32||102.16|103.72|0.00|-2.45|0|0|0|043C|4584AA2F|100D83F9|29CE0030|4518F3B8|100D83F9|0A31|41E9353D|10020C04|0B7A|4112AC15|10020C04|0|0|0|0|0|0|0|0|0|0|0|0|0751|3F449B86|100288BD|0|0|0|0|0|0|0|0|0|0|0|0|0|0|0|0|0|0|0|0|0|0|0|0|0|0|0|0|0|0|0|0|0|0|0|0|0|0|0|0|0|0|0|0|0|0|0|0|0|0|0|0|0|0|0|0|0|0|0|0|0|0|0|0F28|406916A0|100288BD|079F|40DE1496|100D83F9|0A3A|4112AC15|10020C04|040A53|412A28FF|10020C04|0A35|413424E5|10020C04|C4|40B1892B|100632C7|0F3F|41148F5D|100288BD|FFF604C3|411AFDF4|100288BD|23a8c884c5ac9609
30|2026-09-16T21:54:53.0120000-04:00|642|Headwind|0.00|E0000000||100D83F9|Stranjer Danger|00|226428||689cf408410f00ff
00|2026-09-16T21:54:53.0550000-04:00|002D||   Stranjer DangerSiren recovers 7988 HP.|ff166f9294f49218
00|2026-09-16T21:54:53.0550000-04:00|002E||   Stranjer DangerSiren gains the effect of Eukrasian Prognosis.|e118884735851718
00|2026-09-16T21:54:53.1060000-04:00|0031||You recover from the effect of Tailwind.|f61bd33ed84ae0fc
37|2026-09-16T21:54:53.0560000-04:00|1008704E|Arcane Valiance|0000403B|325219|325219|3800|10000|22||104.57|106.00|-0.00|-2.35|2000|0|0|0|7c753c577498e248
270|2026-09-16T21:54:53.0560000-04:00|40002A6D|-1.8565|0000|005A|87.3273|85.7709|0.1983|c8549c45561e5895
38|2026-09-16T21:54:53.0560000-04:00|10020C04|Minda Silva|00646428|204515|204515|6650|10000|48||101.49|102.88|0.00|0.85|0|0|0|0A0168|41F00000|E0000000|0A2C|42700000|10020C04|29D20030|44E704E7|10020C04|04B4|41132AF6|10020C04|0A31|41E8DB20|10020C04|0B7A|4102FE02|10020C04|0|0|0|0|0|0|0751|3F449B82|100288BD|0|0|0|0|0|0|0|0|0|0|0|0|0|0|0|0|0|0|0|0|0|0|0|0|0|0|0|0|0|0|0|0|0|0|0|0|0|0|0|0|0|0|0|0|0|0|0|0|0|0|0|0|0|0|0|0|0|0|0|0|0|0|0|0F28|4032F1C7|100288BD|079F|40E0FE10|100D83F9|0A3A|4102FE02|10020C04|030A53|41274FE9|10020C04|0A35|4154DD32|10020C04|C4|40B8ABFD|100632C7|0F3F|4113DB24|100288BD|e930236e7d90cfdd
30|2026-09-16T21:54:53.0560000-04:00|643|Tailwind|0.00|E0000000||10020C04|Minda Silva|00|204515||ecf575fd7728dcab
37|2026-09-16T21:54:53.1010000-04:00|10020C04|Minda Silva|00004037|204515|204515|6650|10000|48||101.49|102.88|0.00|0.85|2800|0|0|01|04000A31|0|41E8DB20|10020C04|e8ed917661aa01b3
37|2026-09-16T21:54:53.1010000-04:00|100632C7|Evil Batusai|0000403B|325133|325133|5300|10000|34||103.96|104.56|-0.00|0.57|1301|0|0|0|c26589b0f4b3bec0
261|2026-09-16T21:54:53.1740000-04:00|Change|10020C04|Heading|0.8488|PosX|97.8997|PosY|98.8670|PosZ|0.0000|a5e57442f215ea92
37|2026-09-16T21:54:53.1450000-04:00|100B00B3|Skyler Phoenix|0000403B|227580|227580|10000|10000|32||102.19|105.18|-0.00|0.80|1602|0|0|0|dce3e03aa5d7421b
37|2026-09-16T21:54:53.1450000-04:00|100B00B3|Skyler Phoenix|00004034|227580|227580|10000|10000|32||102.19|105.18|-0.00|0.80|1605|0|0|01|250004C3|FFF6|41200000|100288BD|9a55f55059997afe
26|2026-09-16T21:54:53.1450000-04:00|4C3|Confession|10.00|100288BD|Elie Glory|100B00B3|Skyler Phoenix|FFF6|227580|204515|4075518c99ca6227
21|2026-09-16T21:54:53.1450000-04:00|40002A6C|Exdeath|C250|unknown_c250|100632C7|Evil Batusai|EC710005|0|0|0|0|0|0|0|0|0|0|0|0|0|0|0|325133|325133|5300|10000|||103.71|104.19|-0.00|0.57|25334163|37552669|10000|10000|||106.92|108.93|0.00|-2.73|0000403E|0|1|00||01|C250|C250|1.939|10B7|c163a965353c9258
264|2026-09-16T21:54:53.1450000-04:00|40002A6C|C250|0000403E|0||||-2.731|100632C7|b07a5cb814c91e9b
37|2026-09-16T21:54:53.1890000-04:00|40002A6C|Exdeath|0000403A|25325645||||||106.92|108.93|0.00|-2.73|cfb36289c9080e2b
37|2026-09-16T21:54:53.1890000-04:00|100F612E|Mr Toxic|0000403B|205177|205177|9300|10000|33||103.20|104.83|-0.00|-2.49|2A03|0|0|0|d05dd6ace89b79d7
00|2026-09-16T21:54:53.2020000-04:00|002D||   Enri HazeSiren recovers 8248 HP.|fd1248e0963ad532
00|2026-09-16T21:54:53.2020000-04:00|002E||   Enri HazeSiren gains the effect of Eukrasian Prognosis.|ea87ee2334a22415
00|2026-09-16T21:54:53.2020000-04:00|0029||Blocked! Exdeath hits Evil BatusaiDiabolos for 0(-20%) damage.|b804148a672f3b39
00|2026-09-16T21:54:53.2820000-04:00|002B||Elie GloryUltros uses Divine Caress.|b42f421025982aa9
00|2026-09-16T21:54:53.3280000-04:00|002E||Enri HazeSiren gains the effect of Panhaima.|222f13c34a374099
00|2026-09-16T21:54:53.3280000-04:00|0030||Enri HazeSiren loses the effect of Panhaima.|bb957cf0de2a18f9
00|2026-09-16T21:54:53.3280000-04:00|0030||Mr ToxicDiabolos loses the effect of Swiftcast.|f71f3c5f98742601
37|2026-09-16T21:54:53.2340000-04:00|100D83F9|Stranjer Danger|00004037|226428|226428|10000|10000|32||102.16|103.72|0.00|-2.45|1F01|0|0|01|02000A31|0|41E7CABD|10020C04|9e85db185d5a3855
37|2026-09-16T21:54:53.2340000-04:00|100288BD|Elie Glory|0000403B|204515|204515|9050|10000|36||102.49|103.53|-0.00|0.72|1804|0|0|0|2889f8a7014de952
37|2026-09-16T21:54:53.2340000-04:00|40002A6C|Exdeath|0000403C|25321301||||||106.92|108.93|0.00|-2.73|cbcaa9fd3f38c9bc
21|2026-09-16T21:54:53.2340000-04:00|100D83F9|Stranjer Danger|1CF3|Heated Split Shot|40002A6D|Chaos|720003|589C0000|53E|A98000|1B|B328000|0|0|0|0|0|0|0|0|0|0|22088761|37552669|10000|10000|||87.33|85.77|-0.00|-2.20|226428|226428|10000|10000|||102.16|103.72|0.00|-2.45|0000403F|0|1|00||01|1CF3|1CF3|0.600|1C1E|150d019ac3accdcd
264|2026-09-16T21:54:53.2340000-04:00|100D83F9|1CF3|0000403F|0||||-2.451|40002A6D|7e7de155653fb7f3
37|2026-09-16T21:54:53.2790000-04:00|1003AAEE|Enri Haze|0000403B|227550|227550|10000|10000|42||102.75|103.01|0.00|-2.48|2705|0|0|02|22000A53|04|412ADD38|10020C04|23000A35|0|41700000|10020C04|e19b77de6b0b7bba
26|2026-09-16T21:54:53.2790000-04:00|A53|Panhaimatinon|10.68|10020C04|Minda Silva|1003AAEE|Enri Haze|04|227550|204515|3e527cc32f37bf62
26|2026-09-16T21:54:53.2790000-04:00|A35|Panhaima|15.00|10020C04|Minda Silva|1003AAEE|Enri Haze|00|227550|204515|93c5239d465439ad
37|2026-09-16T21:54:53.2790000-04:00|10020C04|Minda Silva|00004034|204515|204515|6650|10000|48||95.54|96.23|0.00|0.85|2806|0|0|01|250004C3|FFF6|41200000|100288BD|d3b79a63f2b3ff7a
26|2026-09-16T21:54:53.2790000-04:00|4C3|Confession|10.00|100288BD|Elie Glory|10020C04|Minda Silva|FFF6|204515|204515|9371c6984d66b9dd
21|2026-09-16T21:54:53.2790000-04:00|100F612E|Mr Toxic|876C|Hammer Motif|100F612E|Mr Toxic|103E|1378000|0|0|0|0|0|0|0|0|0|0|0|0|0|0|205177|205177|9300|10000|||103.11|104.72|-0.00|-2.49|205177|205177|9300|10000|||103.11|104.72|-0.00|-2.49|00004040|0|1|00||01|876C|876C|0.600|1A5C|01419a91f7661242
264|2026-09-16T21:54:53.2790000-04:00|100F612E|876C|00004040|0||||-2.495|100F612E|54a161a5ea1f478c
38|2026-09-16T21:54:53.2790000-04:00|100F612E|Mr Toxic|0064642A|205177|205177|9300|10000|33||103.11|104.72|-0.00|-2.49|0|0|0|29CE0030|4424FD04|100F612E|0A31|41E7126B|10020C04|0|0|0|0B7A|4105D718|10020C04|0|0|0|0|0|0|0751|3F0B84FA|100288BD|0|0|0|0|0|0|0|0|0|0|0|0|0|0|0|0|0|0|0|0|0|0|0|0|0|0|0|0|0|0|0|0|0|0|0|0|0|0|0|0|0|0|0|0|0|0|0|0|0|0|0|0|0|0|0|0|0|0|0|0|0|0|0|0|0|0|0|0|0|0F28|402D3F99|100288BD|0E5B|419CA1B1|100F612E|030E5A|0|100F612E|079F|40E6A80C|100D83F9|0A3A|4105D718|10020C04|050A53|412C4DDC|10020C04|0A35|412C4DDC|10020C04|C4|40A4BC5C|100632C7|0|0|0|0F3F|411049BC|100288BD|FFF604C3|4118DD30|100288BD|6cdfbad9f325ec91
30|2026-09-16T21:54:53.2790000-04:00|A7|Swiftcast|0.00|100F612E|Mr Toxic|100F612E|Mr Toxic|00|205177|205177|9145342772be04c3
38|2026-09-16T21:54:53.2790000-04:00|1003AAEE|Enri Haze|00646427|227550|227550|10000|10000|42||102.75|103.01|0.00|-2.48|0|0|0|29CE0030|441EAF55|1003AAEE|0B7A|4107F7DD|10020C04|0751|3F004168|100288BD|0A31|41E7126B|10020C04|0|0|0|0|0|0|0|0|0|0|0|0|0|0|0|0|0|0|0|0|0|0|0|0|0|0|0|0|0|0|0|0|0|0|0|0|0|0|0|0|0|0|0|0|0|0|0|0|0|0|0|0|0|0|0|0|0|0|0|0|0|0|0|0|0|0|0|0|0|0|0|0|0|0|0|0|0|0|0A1D|424EB16C|1003AAEE|0F3F|411049BC|100288BD|0F28|403E6683|100288BD|0A3A|4107F7DD|10020C04|040A53|412A24E6|10020C04|0A35|416F47AE|10020C04|C4|40A072A1|100632C7|FFF604C3|41148F5D|100288BD|799f41e118fbf9ff
37|2026-09-16T21:54:53.3220000-04:00|100D83F9|Stranjer Danger|0000403B|226428|226428|10000|10000|29||102.16|103.72|0.00|-2.45|1F06|0|0|0|a718d5d1a34b6263
37|2026-09-16T21:54:53.3220000-04:00|100288BD|Elie Glory|00004039|204515|204515|9050|10000|36||102.49|103.53|-0.00|0.72|1800|0|0|01|21000F3F|0|411049BC|100288BD|8693e0291c32c2a8
00|2026-09-16T21:54:53.3460000-04:00|002E||   Elie GloryUltros gains the effect of Divine Caress.|1e04041be63d9891
00|2026-09-16T21:54:53.3460000-04:00|002D||   Elie GloryUltros recovers 8201 HP.|81b9f415dedda592
00|2026-09-16T21:54:53.3460000-04:00|002E||   Elie GloryUltros gains the effect of Eukrasian Prognosis.|cbc182fc0b851a94
261|2026-09-16T21:54:53.3880000-04:00|Change|100B00B3|Heading|0.7983|PosX|100.0527|PosY|103.4832|PosZ|0.0000|8f29be70d6809357
37|2026-09-16T21:54:53.3670000-04:00|1003AAEE|Enri Haze|00004037|227550|227550|10000|10000|42||102.75|103.01|0.00|-2.48|2702|0|0|01|03000A31|0|41E6B84E|10020C04|638613e41a4f79b7
37|2026-09-16T21:54:53.3670000-04:00|10020C04|Minda Silva|0000403B|204515|204515|6650|10000|45||95.54|96.23|0.00|0.85|2807|0|0|0|77d1492c643934bd
270|2026-09-16T21:54:53.3670000-04:00|40002A6D|0.7228|0000|005A|88.9143|87.5715|0.1983|78143d02582536c1
37|2026-09-16T21:54:53.4110000-04:00|1008704E|Arcane Valiance|00004034|325219|325219|3800|10000|22||103.52|104.71|-0.00|-2.38|2007|0|0|01|240004C3|FFF6|41200000|100288BD|94c77f3c6ef03aea
26|2026-09-16T21:54:53.4110000-04:00|4C3|Confession|10.00|100288BD|Elie Glory|1008704E|Arcane Valiance|FFF6|325219|204515|cdd6b11dc731fa99
00|2026-09-16T21:54:53.4480000-04:00|002B||Evil BatusaiDiabolos uses Total Eclipse.|dbbb6cd63f666ef1
261|2026-09-16T21:54:53.4610000-04:00|Change|100288BD|CurrentMP|9050|Heading|0.4678|PosX|100.3556|PosY|101.0729|PosZ|-0.0009|e1199c43d8904e63
00|2026-09-16T21:54:53.4830000-04:00|002E||   Enri HazeSiren gains the effect of Divine Caress.|15f5246fed04c9e8
00|2026-09-16T21:54:53.4830000-04:00|0029||   Critical! Exdeath takes 12917 damage.|2d586ee59f5ebc2c
00|2026-09-16T21:54:53.4830000-04:00|002D||   Mr ToxicDiabolos recovers 8404 HP.|f03a066f89faad3e
00|2026-09-16T21:54:53.4830000-04:00|002E||   Mr ToxicDiabolos gains the effect of Eukrasian Prognosis.|8512b15b75614b86
261|2026-09-16T21:54:53.4780000-04:00|Change|1008704E|Heading|-2.3830|PosX|101.2877|PosY|101.9413|PosZ|-0.0014|1489acb372ede862
261|2026-09-16T21:54:53.4940000-04:00|Change|100632C7|Heading|0.5701|PosX|101.3613|PosY|100.7177|PosZ|0.0000|05a4b952af76706b
37|2026-09-16T21:54:53.4560000-04:00|1003AAEE|Enri Haze|00004039|227550|227550|10000|10000|42||102.24|102.28|0.00|-2.48|2701|0|0|01|1F000F3F|0|410E28F8|100288BD|f88c96c0209c3afe
37|2026-09-16T21:54:53.5010000-04:00|100288BD|Elie Glory|00004037|204515|204515|9050|10000|36||101.03|101.85|-0.00|0.55|1803|0|0|01|03000A31|0|41E5A7EB|10020C04|25ce0a94d6f42ff9
261|2026-09-16T21:54:53.5170000-04:00|Change|100F612E|Heading|-2.4945|PosX|100.0250|PosY|101.3158|PosZ|0.0000|f81b910e3b0d2147
00|2026-09-16T21:54:53.5960000-04:00|002B||You begin casting Dosis III.|694d3fa3e4f1e88d
37|2026-09-16T21:54:53.5460000-04:00|40002A6C|Exdeath|0000403D|25308384||||||106.92|108.93|0.00|-2.73|4fcd809aa309cb97
21|2026-09-16T21:54:53.5460000-04:00|100B00B3|Skyler Phoenix|9057|Winged Glide|40002A6D|Chaos|0|0|0|0|0|0|0|0|0|0|0|0|0|0|0|0|22088761|37552669|10000|10000|||87.64|86.13|-0.00|-1.49|227580|227580|10000|10000|||99.12|102.75|-0.00|0.80|00004041|0|1|00||01|9057|9057|0.600|14F9|fe67800e1922decd
264|2026-09-16T21:54:53.5460000-04:00|100B00B3|9057|00004041|0||||-2.627|40002A6D|c1971e85c42a7071
37|2026-09-16T21:54:53.5900000-04:00|100D83F9|Stranjer Danger|00004039|226428|226428|10000|10000|29||102.05|103.61|-0.00|-2.45|1F02|0|0|01|24000F3F|0|410C041B|100288BD|4ac34a02e35c6c56
261|2026-09-16T21:54:53.6050000-04:00|Change|100B00B3|Heading|-2.6268|NPCTargetID|40002A6D|PCTargetID|40002A6D|PosX|98.0941|PosY|101.9392|PosZ|-0.0153|8386e50f9b77ab7e
00|2026-09-16T21:54:53.6290000-04:00|002E||   Stranjer DangerSiren gains the effect of Divine Caress.|15d4e8c07882613d
00|2026-09-16T21:54:53.6290000-04:00|002D||   Critical! Evil BatusaiDiabolos recovers 13047 HP.|15183ebff1c9722e
00|2026-09-16T21:54:53.6290000-04:00|002E||   Evil BatusaiDiabolos gains the effect of Eukrasian Prognosis.|c94be2f17407c50c
261|2026-09-16T21:54:53.6700000-04:00|Change|1003AAEE|Heading|-2.4752|PosX|99.9731|PosY|99.0606|PosZ|-0.0025|008555f11a212c80
00|2026-09-16T21:54:53.6830000-04:00|0031||Exdeath recovers from the effect of Dia.|cd91443f358d406b
37|2026-09-16T21:54:53.6350000-04:00|100F612E|Mr Toxic|00004037|205177|205177|9300|10000|33||98.55|99.69|-0.00|-2.49|2A04|0|0|01|01000A31|0|41E4957C|10020C04|b2740c8caeae11f7
270|2026-09-16T21:54:53.6790000-04:00|40002A6D|0.7228|0000|005A|90.7759|89.6772|0.1983|3535ba9243d78525
24|2026-09-16T21:54:53.6790000-04:00|40002A6C|Exdeath|DoT|0|4E17|25308384|37552669|10000|10000|||106.92|108.93|0.00|-2.73|1003AAEE|Enri Haze|FFFFFFFF|227550|227550|10000|10000|||100.51|99.82|-0.00|-2.48|0e3658b302fe624b
24|2026-09-16T21:54:53.6790000-04:00|40002A6D|Chaos|DoT|0|7C21|22088761|37552669|10000|10000|||88.14|86.69|-0.00|-0.63|10020C04|Minda Silva|FFFFFFFF|204515|204515|6650|10000|||94.82|95.43|0.00|-2.49|3075b4b2eb9745af
38|2026-09-16T21:54:53.6790000-04:00|40002A6C|Exdeath|00646400|25288393|37552669|10000|10000|0||106.92|108.93|0.00|-2.73|0|0|0|0|0|0|04AB|40FA97AA|1003AAEE|0A9F|410AF5A6|100B00B3|0A38|40995FAF|10020C04|0A0A1A|41B980F2|1003AAEE|f6e198b0deec950d
30|2026-09-16T21:54:53.6790000-04:00|74F|Dia|0.00|100288BD|Elie Glory|40002A6C|Exdeath|00|37552669|204515|321fd46783e26e8b
38|2026-09-16T21:54:53.6790000-04:00|40002A6D|Chaos|00646400|22056984|37552669|10000|10000|0||88.14|86.69|-0.00|-0.63|0|0|0|0A0A1A|41871612|1003AAEE|0|0|0|0|0|0|074F|3FF8D2C4|100288BD|0A38|411C8B04|10020C04|3433d645f9561f40
00|2026-09-16T21:54:53.7760000-04:00|002E||   Mr ToxicDiabolos gains the effect of Divine Caress.|f958756f528c0b57
00|2026-09-16T21:54:53.7760000-04:00|002D||   Skyler PhoenixDiabolos recovers 8373 HP.|21e2b6cfe52ba292
00|2026-09-16T21:54:53.7760000-04:00|002E||   Skyler PhoenixDiabolos gains the effect of Eukrasian Prognosis.|749cf3b848358278
37|2026-09-16T21:54:53.7240000-04:00|100F612E|Mr Toxic|00004039|205177|205177|9300|10000|33||97.85|98.92|-0.00|-2.49|2A03|0|0|01|27000F3F|0|4109E357|100288BD|15e7218b7639d743
20|2026-09-16T21:54:53.7240000-04:00|10020C04|Minda Silva|5EF8|Dosis III|40002A6D|Chaos|1.443|94.82|95.43|0.00|-2.49|ea3e6c2d65d81118
263|2026-09-16T21:54:53.7240000-04:00|10020C04|5EF8|91.051|89.982|0.198|-2.487|13352d26faee3ac2
261|2026-09-16T21:54:53.8010000-04:00|Change|100D83F9|Heading|-2.4515|PosX|98.2757|PosY|99.5059|PosZ|-0.0013|cd9eb00e5f7ff84d
261|2026-09-16T21:54:53.8190000-04:00|Change|100632C7|Heading|0.5701|PosX|98.5588|PosY|96.5754|PosZ|-0.0152|98265920d6dc1a7d
00|2026-09-16T21:54:53.8200000-04:00|002B||Skyler PhoenixDiabolos uses Winged Glide.|6eac70ef285bc353
00|2026-09-16T21:54:53.8200000-04:00|0029||Critical! Stranjer DangerSiren hits Chaos for 9374 damage.|234521dc51f9deeb
00|2026-09-16T21:54:53.8200000-04:00|0030||Elie GloryUltros loses the effect of Temperance.|e3f53512c8b7760b
00|2026-09-16T21:54:53.8200000-04:00|0030||Evil BatusaiDiabolos loses the effect of Temperance.|a53151cf8c158bb4
00|2026-09-16T21:54:53.8200000-04:00|0030||Enri HazeSiren loses the effect of Temperance.|1d7061a3eb976d53
00|2026-09-16T21:54:53.8200000-04:00|0030||Stranjer DangerSiren loses the effect of Temperance.|adb84e03a17a8464
37|2026-09-16T21:54:53.7700000-04:00|100632C7|Evil Batusai|00004037|325133|325133|5300|10000|34||99.44|97.88|-0.01|0.57|1305|0|0|01|06000A31|0|41E3830D|10020C04|ba997197cb49bada
21|2026-09-16T21:54:53.7700000-04:00|100D83F9|Stranjer Danger|08|Shot|40002A6D|Chaos|722003|249E0000|0|0|0|0|0|0|0|0|0|0|0|0|0|0|22056984|37552669|10000|10000|||88.45|87.05|-0.00|-0.33|226428|226428|10000|10000|||100.19|101.59|-0.00|-2.45|00004042|0|1|00||01|08|08|0.100|1C1E|5a62b951294da50b
264|2026-09-16T21:54:53.7700000-04:00|100D83F9|0008|00004042|0||||-2.451|40002A6D|09787b810ee84e3d
38|2026-09-16T21:54:53.8130000-04:00|100288BD|Elie Glory|00646418|204515|204515|9050|10000|36||97.92|98.36|-0.02|0.09|0|0|0|29D20030|4426818E|100288BD|04B4|4128936D|100288BD|0B7A|40F20434|10020C04|0A31|41E2CCC8|10020C04|0|0|0|0|0|0|0|0|0|0|0|0|0|0|0|0|0|0|0|0|0|0|0|0|0|0|0|0|0|0|0|0|0|0|0|0|0|0|0|0|0|0|0|0|0|0|0|0|0|0|0|0|0|0|0|0|0|0|0|0|0|0|0|0|0|0|0|0|0|0|0|0|0|0|0|0|0|0|0F28|3FF3B683|100288BD|079F|40CD063D|100D83F9|0A3A|40F20434|10020C04|0F3F|4107BE7A|100288BD|040A53|411F78E0|10020C04|0A35|41469BAB|10020C04|C4|409C3948|100632C7|FFF604C3|4109DF3E|100288BD|2ccc22581d4dfbb4
30|2026-09-16T21:54:53.8130000-04:00|751|Temperance|0.00|100288BD|Elie Glory|100288BD|Elie Glory|00|204515|204515|c9bfe4d0907f9c44
38|2026-09-16T21:54:53.8130000-04:00|100632C7|Evil Batusai|00646413|325133|325133|5300|10000|31||99.44|97.88|-0.01|0.57|0|0|0|0A2D|42700000|10020C04|29CE0030|44220572|100632C7|4F|0|100632C7|0|0|0|0B7A|40F64DEF|10020C04|0|0|0|0A31|41E2CCC8|10020C04|0|0|0|0|0|0|0|0|0|0|0|0|0|0|0|0|0|0|0|0|0|0|0|0|0|0|0|0|0|0|0|0|0|0|0|0|0|0|0|0|0|0|0|0|0|0|0|0|0|0|0|0|0|0|0|0|0|0|0|0|0|0|0|0|0|0|0|0|0|0F28|402D3F95|100288BD|050A53|4125E777|10020C04|079F|40D14FF8|100D83F9|0A3A|40F64DEF|10020C04|0A35|4125E777|10020C04|C4|4086D903|100632C7|0F3F|4107BE7A|100288BD|FFF604C3|411276CB|100288BD|dc4752fd61090900
26|2026-09-16T21:54:53.8130000-04:00|A2D|Kardion|60.00|10020C04|Minda Silva|100632C7|Evil Batusai|00|325133|204515|e5c1cd776d505fb4
30|2026-09-16T21:54:53.8130000-04:00|751|Temperance|0.00|100288BD|Elie Glory|100632C7|Evil Batusai|00|325133|204515|8c9d4549f00b978c
38|2026-09-16T21:54:53.8130000-04:00|1003AAEE|Enri Haze|00646427|227550|227550|10000|10000|42||99.78|98.79|-0.00|-2.48|0|0|0|29CE0030|441E8D28|1003AAEE|0B7A|40FED936|10020C04|0|0|0|0A31|41E2CCC8|10020C04|0|0|0|0|0|0|0|0|0|0|0|0|0|0|0|0|0|0|0|0|0|0|0|0|0|0|0|0|0|0|0|0|0|0|0|0|0|0|0|0|0|0|0|0|0|0|0|0|0|0|0|0|0|0|0|0|0|0|0|0|0|0|0|0|0|0|0|0|0|0|0|0|0|0|0|0|0|0|0A1D|424C8E9F|1003AAEE|0F3F|4107BE7A|100288BD|0F28|401C3975|100288BD|0A3A|40FED936|10020C04|040A53|412199A4|10020C04|0A35|4166BC6C|10020C04|C4|408F5C17|100632C7|FFF604C3|410C041B|100288BD|ed0cfbf3a9ab35e5
30|2026-09-16T21:54:53.8130000-04:00|751|Temperance|0.00|100288BD|Elie Glory|1003AAEE|Enri Haze|00|227550|204515|495dbd92b84aaf6a
38|2026-09-16T21:54:53.8130000-04:00|100D83F9|Stranjer Danger|0064641F|226428|226428|10000|10000|29||100.19|101.59|-0.00|-2.45|0|0|0|043C|4584A3C9|100D83F9|29CE0030|4518E6EC|100D83F9|0A31|41E2CCC8|10020C04|0B7A|4105DB32|10020C04|0|0|0|0|0|0|0|0|0|0|0|0|0|0|0|0|0|0|0|0|0|0|0|0|0|0|0|0|0|0|0|0|0|0|0|0|0|0|0|0|0|0|0|0|0|0|0|0|0|0|0|0|0|0|0|0|0|0|0|0|0|0|0|0|0|0|0|0|0|0|0|0|0|0|0|0|0|0|0F28|4035D30B|100288BD|079F|40C472C7|100D83F9|0A3A|4105DB32|10020C04|040A53|411D581C|10020C04|0A35|41275402|10020C04|C4|4097E75C|100632C7|0F3F|4107BE7A|100288BD|FFF604C3|410E2D11|100288BD|882c995c6d7e8d1f
30|2026-09-16T21:54:53.8130000-04:00|751|Temperance|0.00|100288BD|Elie Glory|100D83F9|Stranjer Danger|00|226428|204515|1bc5f02b54833573
00|2026-09-16T21:54:53.8620000-04:00|0030||You lose the effect of Temperance.|4b74d891fc4d4eb3
00|2026-09-16T21:54:53.8620000-04:00|0030||Mr ToxicDiabolos loses the effect of Temperance.|b6796c8f638d2e0d
00|2026-09-16T21:54:53.8620000-04:00|0030||Arcane ValianceJenova loses the effect of Temperance.|5a8784ec1793b4cf
00|2026-09-16T21:54:53.8620000-04:00|0030||Skyler PhoenixDiabolos loses the effect of Temperance.|f503c64c7354bed7
37|2026-09-16T21:54:53.8580000-04:00|100632C7|Evil Batusai|00004039|325133|325133|5300|10000|31||98.56|96.58|-0.02|0.57|1304|0|0|01|24000F3F|0|4107BE7A|100288BD|352a7a9b138cec74
39|2026-09-16T21:54:53.8580000-04:00|10020C04|Minda Silva|204515|204515|6850|10000|||94.82|95.43|0.00|-2.50|0cb42c22091089d8
38|2026-09-16T21:54:53.8580000-04:00|10020C04|Minda Silva|00646428|204515|204515|6850|10000|45||94.82|95.43|0.00|-2.50|0|0|0|0A0168|41F00000|E0000000|0A2C|42700000|10020C04|29D20030|44E6EB3D|10020C04|04B4|410655FA|10020C04|0A31|41E2709F|10020C04|0B7A|40EC5206|10020C04|0|0|0|0|0|0|0|0|0|0|0|0|0|0|0|0|0|0|0|0|0|0|0|0|0|0|0|0|0|0|0|0|0|0|0|0|0|0|0|0|0|0|0|0|0|0|0|0|0|0|0|0|0|0|0|0|0|0|0|0|0|0|0|0|0|0|0|0|0|0|0|0|0F28|3FFF3B9F|100288BD|079F|40C75410|100D83F9|0A3A|40EC5206|10020C04|030A53|411A7AED|10020C04|0A35|41480836|10020C04|C4|409F01FD|100632C7|0F3F|41070628|100288BD|FFF604C3|4116041A|100288BD|e0cf27bf157f86dc
26|2026-09-16T21:54:53.8580000-04:00|A2C|Kardia|60.00|10020C04|Minda Silva|10020C04|Minda Silva|00|204515|204515|14f457992b5a305a
30|2026-09-16T21:54:53.8580000-04:00|751|Temperance|0.00|100288BD|Elie Glory|10020C04|Minda Silva|00|204515|204515|affb19aa08009b10
38|2026-09-16T21:54:53.8580000-04:00|100F612E|Mr Toxic|0064642A|205177|205177|9300|10000|33||96.73|97.67|-0.02|-2.49|0|0|0|29CE0030|4424D7F6|100F612E|0A31|41E2709F|10020C04|0|0|0|0B7A|40F92706|10020C04|0|0|0|0|0|0|0|0|0|0|0|0|0|0|0|0|0|0|0|0|0|0|0|0|0|0|0|0|0|0|0|0|0|0|0|0|0|0|0|0|0|0|0|0|0|0|0|0|0|0|0|0|0|0|0|0|0|0|0|0|0|0|0|0|0|0|0|0|0|0|0|0|0|0|0|0|0|0|0F28|40083143|100288BD|0E5B|4197FFE5|100F612E|030E5A|0|100F612E|079F|40D420DE|100D83F9|0A3A|40F92706|10020C04|050A53|41230A48|10020C04|0A35|41230A48|10020C04|C4|4092352E|100632C7|0|0|0|0F3F|41070628|100288BD|FFF604C3|410F999C|100288BD|a7fdbb516eeb4572
30|2026-09-16T21:54:53.8580000-04:00|751|Temperance|0.00|100288BD|Elie Glory|100F612E|Mr Toxic|00|205177|204515|0cc9fa4ce9997ca6
38|2026-09-16T21:54:53.8580000-04:00|1008704E|Arcane Valiance|00646420|325219|325219|3800|10000|22||99.05|99.20|-0.00|-2.37|0|0|0|0A0168|41F00000|E0000000|0B7A|4100D926|10020C04|1E016C|41F00000|E0000000|29CE0030|44E7AE38|1008704E|02E7|0|1008704E|0|0|0|0A31|41E2709F|10020C04|0|0|0|0|0|0|0|0|0|0|0|0|0|0|0|0|0|0|0|0|0|0|0|0|0|0|0|0|0|0|0|0|0|0|0|0|0|0|0|0|0|0|0|0|0|0|0|0|0|0|0|0|0|0|0|0|0|0|0|0|0|0|0|0|0|0|0|0|0|0F28|4021DB3B|100288BD|0A3A|4100D926|10020C04|050A53|41274FE9|10020C04|0A35|41274FE9|10020C04|C4|4089A9E9|100632C7|0F3F|41070628|100288BD|FFF604C3|411824DE|100288BD|89559230fae1ca49
30|2026-09-16T21:54:53.8580000-04:00|751|Temperance|0.00|100288BD|Elie Glory|1008704E|Arcane Valiance|00|325219|204515|1bb1f6e175b0adfb
38|2026-09-16T21:54:53.8580000-04:00|100B00B3|Skyler Phoenix|00646416|227580|227580|10000|10000|32||96.68|99.86|-0.00|-2.63|0|0|0|29CE0030|45199C6C|100B00B3|0|0|0|0B7A|4103021C|10020C04|0A31|41E2709F|10020C04|0|0|0|0|0|0|0|0|0|0|0|0|0|0|0|0|0|0|0|0|0|0|0|0|0|0|0|0|0|0|0|0|0|0|0|0|0|0|0|0|0|0|0|0|0|0|0|0|0|0|0|0|0|0|0|0|0|0|0|0|0|0|0|0|0|0|0|0|0|0|0|0|0|0|0|0|0|0|0A3A|4103021C|10020C04|0F28|4010B456|100288BD|0AA0|41CBA7E4|100B00B3|040A53|412974C6|10020C04|0A35|41430E5C|10020C04|C4|40A34387|100632C7|0F3F|41070628|100288BD|FFF604C3|4113E356|100288BD|894cc7debc28a66e
30|2026-09-16T21:54:53.8580000-04:00|751|Temperance|0.00|100288BD|Elie Glory|100B00B3|Skyler Phoenix|00|227580|204515|8d85baed07a22454
00|2026-09-16T21:54:53.8780000-04:00|002D||   Arcane ValianceJenova recovers 8446 HP.|c9908c137bacf790
00|2026-09-16T21:54:53.8780000-04:00|002E||   Arcane ValianceJenova gains the effect of Eukrasian Prognosis.|7ea2f64ce55fd926
00|2026-09-16T21:54:53.8930000-04:00|002E||   Evil BatusaiDiabolos gains the effect of Divine Caress.|24a50627c15363ed
261|2026-09-16T21:54:53.9060000-04:00|Change|100288BD|Heading|-0.4526|PosX|96.7350|PosY|97.4425|PosZ|-0.0018|a30e7eba83747eb9
261|2026-09-16T21:54:53.9060000-04:00|Change|100B00B3|Heading|-2.6268|PosX|95.3897|PosY|97.7090|PosZ|-0.0001|7d04f134f33b08cd
37|2026-09-16T21:54:53.9030000-04:00|100B00B3|Skyler Phoenix|00004037|227580|227580|10000|10000|32||96.68|99.86|-0.00|-2.63|1606|0|0|01|03000A31|0|41E2709F|10020C04|9cf5bf767f3250ab
21|2026-09-16T21:54:53.9480000-04:00|40002A6D|Chaos|C252|unknown_c252|1008704E|Arcane Valiance|730003|0|0|0|0|0|0|0|0|0|0|0|0|0|0|0|325219|325219|3800|10000|||99.05|99.20|-0.00|-2.37|22056984|37552669|10000|10000|||89.29|87.99|-0.00|0.05|00004043|0|1|00||01|C252|C252|0.100|9D16|c5a24a426d6e5317
264|2026-09-16T21:54:53.9480000-04:00|40002A6D|C252|00004043|0||||0.714|1008704E|035d9736b8c37d0b
00|2026-09-16T21:54:54.0240000-04:00|002B||Mr ToxicDiabolos casts Hammer Motif.|79d6b7949103f1fc
37|2026-09-16T21:54:53.9920000-04:00|100B00B3|Skyler Phoenix|00004039|227580|227580|10000|10000|32||94.72|96.56|-0.00|-2.63|1605|0|0|01|24000F3F|0|41059584|100288BD|ffc178d187267728
37|2026-09-16T21:54:53.9920000-04:00|40002A6D|Chaos|0000403F|22034300||||||90.08|88.89|-0.00|0.41|8efd623d9099d3b4
270|2026-09-16T21:54:53.9920000-04:00|40002A6D|0.7139|0000|005A|91.7830|90.8369|0.1983|befc7863a8f8190b
37|2026-09-16T21:54:54.0360000-04:00|1008704E|Arcane Valiance|00004037|325219|325219|3800|10000|22||98.52|98.59|-0.00|-2.37|2007|0|0|01|06000A31|0|41E15E30|10020C04|33c7dd1b654fe2ba
00|2026-09-16T21:54:54.0450000-04:00|002B||Stranjer DangerSiren uses Heated Split Shot.|177bddce62456f76
00|2026-09-16T21:54:54.0450000-04:00|0029||   Chaos takes 22684 damage.|c9c419ed6e72df7b
00|2026-09-16T21:54:54.0450000-04:00|002E||   Skyler PhoenixDiabolos gains the effect of Divine Caress.|5236cd26c2595f10
261|2026-09-16T21:54:54.0320000-04:00|Change|1003AAEE|Heading|-2.2995|PosX|96.6005|PosY|95.3519|PosZ|-0.0000|6ccc5f1a7ed4eda0
39|2026-09-16T21:54:54.0810000-04:00|1008704E|Arcane Valiance|325219|325219|4000|10000|||98.29|98.32|-0.02|-2.37|fe685c6611391508
261|2026-09-16T21:54:54.0970000-04:00|Change|1008704E|CurrentMP|4000|Heading|-2.3751|PosX|98.0773|PosY|98.0692|PosZ|-0.0000|0f8bcefc46a5e420
00|2026-09-16T21:54:54.1380000-04:00|002E||   You gain the effect of Divine Caress.|04dce8044820eadb
37|2026-09-16T21:54:54.1260000-04:00|10020C04|Minda Silva|00004039|204515|204515|6850|10000|45||94.82|95.43|0.00|-2.53|2806|0|0|01|24000F3F|0|410374C0|100288BD|44d244d6f2e4ba0e
21|2026-09-16T21:54:54.1260000-04:00|100F612E|Mr Toxic|8770|Clawed Muse|40002A6C|Exdeath|750003|41514001|3D|0|43E|1388000|0|0|0|0|0|0|0|0|0|0|25288393|37552669|10000|10000|||106.92|108.93|0.00|-2.73|205177|205177|9300|10000|||96.73|97.67|-0.00|-2.49|00004044|0|1|00||01|8770|8770|0.600|9DF4|d04396ae179cd905
264|2026-09-16T21:54:54.1260000-04:00|100F612E|8770|00004044|0||||0.735|40002A6C|1cb55d714f06f629
21|2026-09-16T21:54:54.1700000-04:00|100B00B3|Skyler Phoenix|64AC|Chaotic Spring|40002A6D|Chaos|35720003|6CFA0000|17CD0E|A9F0000|11B|64AC8000|0|0|0|0|0|0|0|0|0|0|22034300|37552669|10000|10000|||90.82|89.73|-0.00|0.57|227580|227580|10000|10000|||94.05|95.26|-0.00|-2.63|00004045|0|1|00||01|64AC|64AC|0.600|1173|2087e37096477527
264|2026-09-16T21:54:54.1700000-04:00|100B00B3|64AC|00004045|0||||-2.713|40002A6D|5d667d7a92badc91
20|2026-09-16T21:54:54.1700000-04:00|100288BD|Elie Glory|6503|Glare III|40002A6D|Chaos|1.450|95.89|96.79|-0.00|-0.79|07c4ae9e688f294e
263|2026-09-16T21:54:54.1700000-04:00|100288BD|6503|91.783|90.837|0.198|-2.540|b1f90a89a0fc8f9f
21|2026-09-16T21:54:54.1700000-04:00|1003AAEE|Enri Haze|07|attack|40002A6D|Chaos|710003|234A0000|0|0|0|0|0|0|0|0|0|0|0|0|0|0|22034300|37552669|10000|10000|||90.82|89.73|-0.00|0.57|227550|227550|10000|10000|||95.93|94.76|-0.00|-2.26|00004046|0|1|00||01|07|07|0.100|1FE2|17e0002454a523e3
264|2026-09-16T21:54:54.1700000-04:00|1003AAEE|0007|00004046|0||||-2.359|40002A6D|37c4aca5b625ee83
261|2026-09-16T21:54:54.1640000-04:00|Change|10020C04|CastBuffID|24312|CastDurationCurrent|0.6306|CastDurationMax|1.4430|CastTargetID|40002A6D|CurrentMP|6850|Heading|-2.5308|IsCasting1|1|IsCasting2|1|PosX|94.8185|PosY|95.4293|9b89dcc6ebf2c337
00|2026-09-16T21:54:54.1770000-04:00|002B||Elie GloryUltros begins casting Glare III.|3928c9037cd4d359
261|2026-09-16T21:54:54.2190000-04:00|Change|40002A6D|Heading|0.6166|PosX|91.1106|PosY|90.0671|PosZ|-0.0000|e6a92667f469db71
00|2026-09-16T21:54:54.2640000-04:00|0029||Enri HazeSiren hits Chaos for 9034 damage.|3314d0a594d3475e
21|2026-09-16T21:54:54.2140000-04:00|1003AAEE|Enri Haze|5F3A|Shadow of Death|40002A6D|Chaos|716003|D0300000|0|0|0|0|0|0|0|0|0|0|0|0|0|0|22034300|37552669|10000|10000|||90.82|89.73|-0.00|0.57|227550|227550|10000|10000|||95.93|94.76|-0.00|-2.26|00004047|0|1|00||01|5F3A|5F3A|0.600|2008|f4715050c3dfccbd
264|2026-09-16T21:54:54.2140000-04:00|1003AAEE|5F3A|00004047|0||||-2.355|40002A6D|1a93c1e791c51c35
38|2026-09-16T21:54:54.2140000-04:00|40002A6D|Chaos|00646400|22034300|37552669|10000|10000|0||90.82|89.73|-0.00|0.57|0|0|0|0A0A1A|42396732|1003AAEE|0|0|0|0|0|0|074F|3FB457E4|100288BD|0A38|4113FBA9|10020C04|4241ffceeac48735
26|2026-09-16T21:54:54.2140000-04:00|A1A|Death's Design|46.35|1003AAEE|Enri Haze|40002A6D|Chaos|0A|37552669|227550|9afcc8bce1bf831f
37|2026-09-16T21:54:54.2580000-04:00|1008704E|Arcane Valiance|00004039|325219|325219|4000|10000|22||98.02|98.00|-0.00|-2.38|2007|0|0|01|23000F3F|0|410153FC|100288BD|3080dd7391b731ae
00|2026-09-16T21:54:54.2800000-04:00|002E||   Arcane ValianceJenova gains the effect of Divine Caress.|46aa239c5820b7e9
00|2026-09-16T21:54:54.3340000-04:00|0029||Chaos hits Arcane ValianceJenova for 0 damage.|27683627fb8591cd
261|2026-09-16T21:54:54.3620000-04:00|Change|40002A66|ModelStatus|16384|2c10b577bdb02308
37|2026-09-16T21:54:54.4810000-04:00|1008704E|Arcane Valiance|00004043|325219|325219|4000|10000|23||97.67|97.60|-0.00|-2.38|2000|0|0|02|20000A53|04|411E106E|10020C04|21000A35|0|41700000|10020C04|5f826b20ba08af3b
26|2026-09-16T21:54:54.4810000-04:00|A53|Panhaimatinon|9.88|10020C04|Minda Silva|1008704E|Arcane Valiance|04|325219|204515|82f7e6a4955f5bbe
26|2026-09-16T21:54:54.4810000-04:00|A35|Panhaima|15.00|10020C04|Minda Silva|1008704E|Arcane Valiance|00|325219|204515|2a59a170c7056b25
38|2026-09-16T21:54:54.4810000-04:00|1008704E|Arcane Valiance|00646420|325219|325219|4000|10000|23||97.67|97.60|-0.00|-2.38|0|0|0|0A0168|41F00000|E0000000|0B7A|40EDC2AB|10020C04|1E016C|41F00000|E0000000|29CE0030|44E79A49|1008704E|02E7|0|1008704E|0|0|0|0A31|41DD74B5|10020C04|0|0|0|0|0|0|0|0|0|0|0|0|0|0|0|0|0|0|0|0|0|0|0|0|0|0|0|0|0|0|0|0|0|0|0|0|0|0|0|0|0|0|0|0|0|0|0|0|0|0|0|0|0|0|0|0|0|0|0|0|0|0|0|0|0|0|0|0|0|0F28|3FF3F801|100288BD|0A3A|40EDC2AB|10020C04|040A53|411D581C|10020C04|0A35|416F47AE|10020C04|C4|406B7495|100632C7|0F3F|40FA1CB3|100288BD|FFF604C3|410E2D11|100288BD|6738d21cd5f4973a
37|2026-09-16T21:54:54.5250000-04:00|40002A6D|Chaos|00004042|22024926||||||91.66|90.70|-0.00|0.70|b2e9757d73e1c12a
21|2026-09-16T21:54:54.5250000-04:00|1008704E|Arcane Valiance|E21|Hard Slash|40002A6D|Chaos|710003|54470000|1B|E218000|0|0|0|0|0|0|0|0|0|0|0|0|22034300|37552669|10000|10000|||91.66|90.70|-0.00|0.70|325219|325219|4000|10000|||97.67|97.60|-0.00|-2.38|00004048|0|1|00||01|E21|E21|0.600|1D21|88534922ef2892d0
264|2026-09-16T21:54:54.5250000-04:00|1008704E|0E21|00004048|0||||-2.427|40002A6D|25378c4ddde7a4af
00|2026-09-16T21:54:54.5300000-04:00|002E||Arcane ValianceJenova gains the effect of Panhaima.|17988a721985a528
00|2026-09-16T21:54:54.5300000-04:00|0030||Arcane ValianceJenova loses the effect of Panhaima.|d0a523e23b5a0240
00|2026-09-16T21:54:54.5450000-04:00|002B||Skyler PhoenixDiabolos uses Chaotic Spring.|c597faa88ee9b195
00|2026-09-16T21:54:54.5450000-04:00|0029||   Chaos takes 27898(+53%) damage.|0bac82e6df73732c
00|2026-09-16T21:54:54.5450000-04:00|002F||   Chaos suffers the effect of Chaotic Spring.|5051a6c25eb789f0
00|2026-09-16T21:54:54.6620000-04:00|0029||Critical! Skyler PhoenixDiabolos hits Chaos for 12036 damage.|1c78561b1c13e17d
37|2026-09-16T21:54:54.6150000-04:00|40002A6D|Chaos|00004045|21997028|37552669|10000|10000|0||91.78|90.84|-0.00|0.71|0|0|0|01|01000A9F|0|41C00000|100B00B3|578e61b6e8163159
26|2026-09-16T21:54:54.6150000-04:00|A9F|Chaotic Spring|24.00|100B00B3|Skyler Phoenix|40002A6D|Chaos|00|37552669|227580|371683d978ca96a4
261|2026-09-16T21:54:54.6400000-04:00|Change|40002A65|Heading|3.1416|PosX|100.0000|PosY|120.0000|PosZ|0.0000|9c7ef0d1fdcd5870
271|2026-09-16T21:54:54.6150000-04:00|40002A65|3.1416|00|00|100.0000|120.0000|0.0000|bc3ae71eeeedd312
27|2026-09-16T21:54:54.6150000-04:00|100F612E|Mr Toxic|6AAB486E|0000|0150|100F612E|0000|0000|088bde4fba34a72b
27|2026-09-16T21:54:54.6150000-04:00|100288BD|Elie Glory|6AAB486E|0000|0151|100288BD|0000|0000|78927bfb85925cc0
27|2026-09-16T21:54:54.6150000-04:00|10020C04|Minda Silva|6AAB486E|0000|0152|10020C04|0000|0000|dc5f8ed6d44adbe4
27|2026-09-16T21:54:54.6150000-04:00|100D83F9|Stranjer Danger|6AAB486E|0000|0153|100D83F9|0000|0000|90aeadd3b44f5813
27|2026-09-16T21:54:54.6150000-04:00|100632C7|Evil Batusai|6AAB486E|0000|01B5|100632C7|0000|0000|7657c590d510edee
27|2026-09-16T21:54:54.6150000-04:00|1008704E|Arcane Valiance|6AAB486E|0000|01B6|1008704E|0000|0000|f11846fb462b7ede
27|2026-09-16T21:54:54.6150000-04:00|1003AAEE|Enri Haze|6AAB486E|0000|01B7|1003AAEE|0000|0000|6f1ac124ae130e42
27|2026-09-16T21:54:54.6150000-04:00|100B00B3|Skyler Phoenix|6AAB486E|0000|01B8|100B00B3|0000|0000|1ec2c9b367edbc9a
21|2026-09-16T21:54:54.6150000-04:00|100B00B3|Skyler Phoenix|07|attack|40002A6D|Chaos|722003|2F040000|0|0|0|0|0|0|0|0|0|0|0|0|0|0|22024926|37552669|10000|10000|||91.78|90.84|-0.00|0.71|227580|227580|10000|10000|||93.54|95.14|-0.02|-3.02|00004049|0|1|00||01|07|07|0.157|C0B2|469829f5f5e96eaa
264|2026-09-16T21:54:54.6150000-04:00|100B00B3|0007|00004049|0||||1.588|40002A6D|3d03a9c155bc25f9
24|2026-09-16T21:54:54.6580000-04:00|1003AAEE|Enri Haze|HoT|0|6CD0|227550|227550|10000|10000|||95.63|94.35|-0.00|-2.68|100288BD|Elie Glory|0|204515|204515|9050|10000|||95.47|96.46|-0.00|-1.91|3311a06e81236032
21|2026-09-16T21:54:54.6580000-04:00|10020C04|Minda Silva|5EF8|Dosis III|40002A6D|Chaos|750003|9BA00000|1B|5EF88000|0|0|0|0|0|0|0|0|0|0|0|0|22024926|37552669|10000|10000|||91.78|90.84|-0.00|0.71|204515|204515|6850|10000|||94.82|95.43|0.00|-2.56|0000404A|0|1|00||01|5EF8|5EF8|0.100|1AA9|d0716c12fcae26f5
264|2026-09-16T21:54:54.6580000-04:00|10020C04|5EF8|0000404A|0||||-2.487|40002A6D|c3a222da74ab37b7
38|2026-09-16T21:54:54.6580000-04:00|1003AAEE|Enri Haze|00646427|227550|227550|10000|10000|42||95.63|94.35|-0.00|-2.68|0|0|0|29CE0030|441E5714|1003AAEE|0B7A|40E3CEF4|10020C04|0|0|0|0A31|41DC0A36|10020C04|0|0|0|0|0|0|0|0|0|0|0|0|0|0|0|0|0|0|0|0|0|0|0|0|0|0|0|0|0|0|0|0|0|0|0|0|0|0|0|0|0|0|0|0|0|0|0|0|0|0|0|0|0|0|0|0|0|0|0|0|0|0|0|0|0|0|0|0|0|0|0|0|0|0|0|0|0|0|0A1D|42492D5E|1003AAEE|0F3F|40F472B6|100288BD|0F28|3FCC49F4|100288BD|0A3A|40E3CEF4|10020C04|040A53|41141488|10020C04|0A35|41593750|10020C04|C4|4068A3B0|100632C7|FFF604C3|40FCFDFC|100288BD|1a686218038e5680
261|2026-09-16T21:54:54.6400000-04:00|Change|1008704E|Heading|-2.4266|NPCTargetID|40002A6D|PCTargetID|40002A6D|PosX|97.5376|PosY|97.4428|PosZ|-0.0000|7e014a1cf06b3595
37|2026-09-16T21:54:54.7030000-04:00|40002A6D|Chaos|00004046|21987994||||||91.78|90.84|-0.00|0.71|40566c359ab0cf2f
22|2026-09-16T21:54:54.7030000-04:00|40002A65|Kefka|BAE3|Ultima Blaster|100F612E|Mr Toxic|750003|0|1B|BAE38000|0|0|0|0|0|0|0|0|0|0|0|0|205177|205177|9300|10000|||96.73|97.67|-0.00|0.74|9415000|9415000|10000|10000|||100.00|100.00|0.00|-0.00|0000404B|0|8|00||01|BAE3|BAE3|1.800|FFFF|56afd8f60c3fb311
22|2026-09-16T21:54:54.7030000-04:00|40002A65|Kefka|BAE3|Ultima Blaster|1008704E|Arcane Valiance|750003|0|1B|BAE38000|0|0|0|0|0|0|0|0|0|0|0|0|325219|325219|4000|10000|||97.54|97.45|-0.00|-2.43|9415000|9415000|10000|10000|||100.00|100.00|0.00|-0.00|0000404B|1|8|00||01|BAE3|BAE3|1.800|FFFF|c1ed09bc4b72eafa
22|2026-09-16T21:54:54.7030000-04:00|40002A65|Kefka|BAE3|Ultima Blaster|100632C7|Evil Batusai|EC750005|0|1B|BAE38000|0|0|0|0|0|0|0|0|0|0|0|0|325133|325133|5300|10000|||98.56|96.57|-0.00|0.57|9415000|9415000|10000|10000|||100.00|100.00|0.00|-0.00|0000404B|2|8|00||01|BAE3|BAE3|1.800|FFFF|35f911a708230941
22|2026-09-16T21:54:54.7030000-04:00|40002A65|Kefka|BAE3|Ultima Blaster|100D83F9|Stranjer Danger|750003|0|1B|BAE38000|0|0|0|0|0|0|0|0|0|0|0|0|226428|226428|10000|10000|||95.38|96.36|-0.00|-2.45|9415000|9415000|10000|10000|||100.00|100.00|0.00|-0.00|0000404B|3|8|00||01|BAE3|BAE3|1.800|FFFF|c097d82da9f5f214
22|2026-09-16T21:54:54.7030000-04:00|40002A65|Kefka|BAE3|Ultima Blaster|100288BD|Elie Glory|750003|0|1B|BAE38000|0|0|0|0|0|0|0|0|0|0|0|0|204515|204515|9050|10000|||95.44|96.43|-0.00|-2.03|9415000|9415000|10000|10000|||100.00|100.00|0.00|-0.00|0000404B|4|8|00||01|BAE3|BAE3|1.800|FFFF|c8c3a3391904dcc0
22|2026-09-16T21:54:54.7030000-04:00|40002A65|Kefka|BAE3|Ultima Blaster|1003AAEE|Enri Haze|750003|0|1B|BAE38000|0|0|0|0|0|0|0|0|0|0|0|0|227550|227550|10000|10000|||95.62|94.33|-0.00|-3.12|9415000|9415000|10000|10000|||100.00|100.00|0.00|-0.00|0000404B|5|8|00||01|BAE3|BAE3|1.800|FFFF|6f939bb6646fdcf1
22|2026-09-16T21:54:54.7030000-04:00|40002A65|Kefka|BAE3|Ultima Blaster|10020C04|Minda Silva|750003|0|1B|BAE38000|0|0|0|0|0|0|0|0|0|0|0|0|204515|204515|6850|10000|||94.82|95.43|0.00|-2.56|9415000|9415000|10000|10000|||100.00|100.00|0.00|-0.00|0000404B|6|8|00||01|BAE3|BAE3|1.800|FFFF|61bee8337df92b0e
22|2026-09-16T21:54:54.7030000-04:00|40002A65|Kefka|BAE3|Ultima Blaster|100B00B3|Skyler Phoenix|750003|0|1B|BAE38000|0|0|0|0|0|0|0|0|0|0|0|0|227580|227580|10000|10000|||93.81|95.39|-0.00|2.85|9415000|9415000|10000|10000|||100.00|100.00|0.00|-0.00|0000404B|7|8|00||01|BAE3|BAE3|1.800|FFFF|9f36b45e0a65f17a
264|2026-09-16T21:54:54.7030000-04:00|40002A65|BAE3|0000404B|1|-0.015|-0.015|-0.015|3.142|40002A65|86bd4e6cc3780f67
36|2026-09-16T21:54:54.7030000-04:00|01B8|3|fa6c69abb227863d
261|2026-09-16T21:54:54.7390000-04:00|Change|40002A65|ModelStatus|0|7279c40689082a19
24|2026-09-16T21:54:54.7470000-04:00|10020C04|Minda Silva|HoT|0|9F59|204515|204515|6450|10000|||94.84|95.43|0.00|-2.60|100288BD|Elie Glory|0|204515|204515|9050|10000|||95.37|96.39|-0.00|-2.22|da5cf39d31c7a76b
24|2026-09-16T21:54:54.7470000-04:00|100632C7|Evil Batusai|HoT|0|7107|325133|325133|5300|10000|||98.56|96.57|-0.00|0.57|100288BD|Elie Glory|0|204515|204515|9050|10000|||95.37|96.39|-0.00|-2.22|dc48c63240992fad
38|2026-09-16T21:54:54.7470000-04:00|10020C04|Minda Silva|00646428|204515|204515|7000|10000|45||94.84|95.43|0.00|-2.60|0|0|0|0A0168|41F00000|E0000000|0A2C|42700000|10020C04|29D20030|44E6CECC|10020C04|04B4|40F03943|10020C04|0A31|41DB53F0|10020C04|0B7A|40CFDF51|10020C04|0|0|0|0|0|0|0|0|0|0|0|0|0|0|0|0|0|0|0|0|0|0|0|0|0|0|0|0|0|0|0|0|0|0|0|0|0|0|0|0|0|0|0|0|0|0|0|0|0|0|0|0|0|0|0|0|0|0|0|0|0|0|0|0|0|0|0|0|0|0|0|0|0F28|3F8D70DF|100288BD|079F|40AAE15B|100D83F9|0A3A|40CFDF51|10020C04|030A53|410C4198|10020C04|0A35|4139CEE1|10020C04|C4|40828F48|100632C7|0F3F|40F1999F|100288BD|FFF604C3|4107CAC5|100288BD|11dfc5641aabf158
38|2026-09-16T21:54:54.7470000-04:00|100632C7|Evil Batusai|00646413|325133|325133|5300|10000|31||98.56|96.57|-0.00|0.57|0|0|0|0A2D|42700000|10020C04|29CE0030|4421C9AC|100632C7|4F|0|100632C7|0|0|0|0B7A|40D86A96|10020C04|0|0|0|0A31|41DB53F0|10020C04|0|0|0|0|0|0|0|0|0|0|0|0|0|0|0|0|0|0|0|0|0|0|0|0|0|0|0|0|0|0|0|0|0|0|0|0|0|0|0|0|0|0|0|0|0|0|0|0|0|0|0|0|0|0|0|0|0|0|0|0|0|0|0|0|0|0|0|0|0|0F28|3FE2F1DA|100288BD|050A53|4116F5D0|10020C04|079F|40B36C9F|100D83F9|0A3A|40D86A96|10020C04|0A35|4116F5D0|10020C04|C4|4051EB5E|100632C7|0F3F|40F1999F|100288BD|FFF604C3|41038524|100288BD|609b5ec18d832c8d
24|2026-09-16T21:54:54.8360000-04:00|100F612E|Mr Toxic|HoT|0|AD7A|205177|205177|9300|10000|||96.73|97.67|-0.00|0.74|100288BD|Elie Glory|0|204515|204515|9050|10000|||95.37|96.39|-0.00|-2.22|e660a153c657c997
24|2026-09-16T21:54:54.8360000-04:00|100288BD|Elie Glory|HoT|0|6A5C|204515|204515|9050|10000|||95.37|96.39|-0.00|-2.22|100288BD|Elie Glory|0|204515|204515|9050|10000|||95.37|96.39|-0.00|-2.22|30459dfb944a4df4
38|2026-09-16T21:54:54.8360000-04:00|100F612E|Mr Toxic|0064642A|205177|205177|9300|10000|33||96.73|97.67|-0.00|0.74|0|0|0|29CE0030|4424995F|100F612E|0A31|41DA9DAA|10020C04|0|0|0|0B7A|40D9DB3A|10020C04|0|0|0|0|0|0|0|0|0|0|0|0|0|0|0|0|0|0|0|0|0|0|0|0|0|0|0|0|0|0|0|0|0|0|0|0|0|0|0|0|0|0|0|0|0|0|0|0|0|0|0|0|0|0|0|0|0|0|0|0|0|0|0|0|0|0|0|0|0|0|0|0|0|0|0|0|0|0|0F28|3F93336A|100288BD|0E5B|41902CF0|100F612E|030E5A|0|100F612E|079F|40B4D512|100D83F9|0A3A|40D9DB3A|10020C04|050A53|41136468|10020C04|0A35|41136468|10020C04|C4|4065D2CA|100632C7|0|0|0|0F3F|40EEC088|100288BD|FFF604C3|40FFE777|100288BD|f23ac2a94a71aa95
38|2026-09-16T21:54:54.8360000-04:00|100288BD|Elie Glory|00646418|204515|204515|9600|10000|36||95.37|96.39|-0.00|-2.22|0|0|0|29D20030|44264016|100288BD|04B4|4118353B|100288BD|0B7A|40D147C4|10020C04|0A31|41DA9DAA|10020C04|0|0|0|0|0|0|0|0|0|0|0|0|0|0|0|0|0|0|0|0|0|0|0|0|0|0|0|0|0|0|0|0|0|0|0|0|0|0|0|0|0|0|0|0|0|0|0|0|0|0|0|0|0|0|0|0|0|0|0|0|0|0|0|0|0|0|0|0|0|0|0|0|0|0|0|0|0|0|0F28|3F6189B2|100288BD|079F|40AC49CD|100D83F9|0A3A|40D147C4|10020C04|0F3F|40EEC088|100288BD|040A53|410F1AAE|10020C04|0A35|41363D79|10020C04|C4|4076F9B2|100632C7|FFF604C3|40F30212|100288BD|f73873baf7b1a83d
24|2026-09-16T21:54:54.9260000-04:00|100D83F9|Stranjer Danger|HoT|0|6F68|226428|226428|10000|10000|||95.38|96.36|-0.00|-2.45|100288BD|Elie Glory|0|204515|204515|9600|10000|||95.35|96.37|-0.00|-2.31|b5e221c7ab6ae8c9
38|2026-09-16T21:54:54.9260000-04:00|100D83F9|Stranjer Danger|0064641F|226428|226428|10000|10000|29||95.38|96.36|-0.00|-2.45|0|0|0|043C|45849AE5|100D83F9|29CE0030|4518D524|100D83F9|0A31|41D9E558|10020C04|0B7A|40E818AF|10020C04|0|0|0|0|0|0|0|0|0|0|0|0|0|0|0|0|0|0|0|0|0|0|0|0|0|0|0|0|0|0|0|0|0|0|0|0|0|0|0|0|0|0|0|0|0|0|0|0|0|0|0|0|0|0|0|0|0|0|0|0|0|0|0|0|0|0|0|0|0|0|0|0|0|0|0|0|0|0|0F28|3FDD2F50|100288BD|079F|40A0D50F|100D83F9|0A3A|40E818AF|10020C04|040A53|410B8946|10020C04|0A35|4115852C|10020C04|C4|4068934C|100632C7|0F3F|40EBDF40|100288BD|FFF604C3|40F8BC74|100288BD|849b1872eae7cb55
261|2026-09-16T21:54:54.9190000-04:00|Change|100288BD|CastBuffID|25859|CastDurationCurrent|0.7391|CastDurationMax|1.4500|CastTargetID|40002A6D|CurrentMP|9600|Heading|-2.3912|IsCasting1|1|IsCasting2|1|PosX|95.3192|PosY|96.3441|PosZ|-0.0030|af35bbc09ac2b323
00|2026-09-16T21:54:55.0320000-04:00|002B||Kefka uses Ultima Blaster.|45ad10adce54fb88
00|2026-09-16T21:54:55.0320000-04:00|0029||   Mr ToxicDiabolos takes 0 damage.|05ba05d3daa70ab7
00|2026-09-16T21:54:55.0320000-04:00|0029||   Arcane ValianceJenova takes 0 damage.|60ec5b3f452ea838
00|2026-09-16T21:54:55.0320000-04:00|0029||   Blocked! Evil BatusaiDiabolos takes 0(-20%) damage.|ab32137cf6fc6797
00|2026-09-16T21:54:55.0320000-04:00|0029||   Stranjer DangerSiren takes 0 damage.|18e09e8429e3946e
00|2026-09-16T21:54:55.0320000-04:00|0029||   Elie GloryUltros takes 0 damage.|ce61552e775b75ff
00|2026-09-16T21:54:55.0320000-04:00|0029||   Enri HazeSiren takes 0 damage.|8b218a92634c0fed
00|2026-09-16T21:54:55.0320000-04:00|0029||   You take 0 damage.|3b9502ce05f6bbc2
00|2026-09-16T21:54:55.0320000-04:00|0029||   Skyler PhoenixDiabolos takes 0 damage.|b76cb8f3289af465
00|2026-09-16T21:54:55.0530000-04:00|002B||Arcane ValianceJenova uses Hard Slash.|e565c8cd819c30a0
00|2026-09-16T21:54:55.0530000-04:00|0029||   Chaos takes 21575 damage.|b8772f5bbebc7483
00|2026-09-16T21:54:55.1080000-04:00|002B||Mr ToxicDiabolos uses Clawed Muse.|86c4a31d804a6002
00|2026-09-16T21:54:55.1080000-04:00|0029||   Exdeath takes 82257 damage.|4df18bf1e822e008
37|2026-09-16T21:54:55.0590000-04:00|100F612E|Mr Toxic|0000404B|205177|205177|9300|10000|31||96.73|97.67|-0.00|0.74|2A00|0|0|0|246463a56b1083db
261|2026-09-16T21:54:55.1870000-04:00|Change|100632C7|CurrentMP|5500|PosX|98.5580|PosY|96.5742|PosZ|-0.0000|80f8c13095e41ef5
37|2026-09-16T21:54:55.1040000-04:00|40002A6C|Exdeath|00004044|25206136||||||106.92|108.93|0.00|-2.73|0b02df8f6c32f9bd
37|2026-09-16T21:54:55.1040000-04:00|40002A6D|Chaos|00004048|21966419||||||91.78|90.84|-0.00|0.71|3a04215d847278a9
37|2026-09-16T21:54:55.1040000-04:00|1008704E|Arcane Valiance|0000404B|325219|325219|4000|10000|21||97.43|97.31|1.65|-2.43|2001|0|0|0|bb7019ebeea19e26
270|2026-09-16T21:54:55.1040000-04:00|40002A6C|-2.5470|0000|005A|106.9199|108.9341|0.1678|0bf257501e36f452
39|2026-09-16T21:54:55.1040000-04:00|100632C7|Evil Batusai|325133|325133|5500|10000|||98.56|96.57|-0.00|0.57|db214b6d12f359e3
21|2026-09-16T21:54:55.1040000-04:00|100288BD|Elie Glory|6503|Glare III|40002A6D|Chaos|750003|97440000|1B|65038000|0|0|0|0|0|0|0|0|0|0|0|0|21987994|37552669|10000|10000|||91.78|90.84|-0.00|0.71|204515|204515|9600|10000|||95.28|96.31|-0.01|-2.53|0000404C|0|1|00||01|6503|6503|0.100|187E|6f282e5544796199
264|2026-09-16T21:54:55.1040000-04:00|100288BD|6503|0000404C|0||||-2.540|40002A6D|fe1736a181249167
37|2026-09-16T21:54:55.1490000-04:00|100632C7|Evil Batusai|0000404B|325133|325133|5500|10000|36||98.56|96.57|-0.00|0.57|1302|0|0|02|1F000A53|04|41113F8B|10020C04|22000A35|0|41700000|10020C04|5e1659015133d575
26|2026-09-16T21:54:55.1490000-04:00|A53|Panhaimatinon|9.08|10020C04|Minda Silva|100632C7|Evil Batusai|04|325133|204515|be814f1b37dbd895
26|2026-09-16T21:54:55.1490000-04:00|A35|Panhaima|15.00|10020C04|Minda Silva|100632C7|Evil Batusai|00|325133|204515|ac62494f89baa93b
37|2026-09-16T21:54:55.1490000-04:00|40002A6D|Chaos|00004049|21954383||||||91.78|90.84|-0.00|0.71|b0780b81b83388dc
38|2026-09-16T21:54:55.1490000-04:00|100632C7|Evil Batusai|00646413|325133|325133|5500|10000|36||98.56|96.57|-0.00|0.57|0|0|0|0A2D|42700000|10020C04|29CE0030|4421AFF3|100632C7|4F|0|100632C7|0|0|0|0B7A|40CB8D65|10020C04|0|0|0|0A31|41D81CA3|10020C04|0|0|0|0|0|0|0|0|0|0|0|0|0|0|0|0|0|0|0|0|0|0|0|0|0|0|0|0|0|0|0|0|0|0|0|0|0|0|0|0|0|0|0|0|0|0|0|0|0|0|0|0|0|0|0|0|0|0|0|0|0|0|0|0|0|0|0|0|0|0F28|3FAF7D1F|100288BD|040A53|41108739|10020C04|079F|40A68F6E|100D83F9|0A3A|40CB8D65|10020C04|0A35|416F47AE|10020C04|C4|403830FF|100632C7|0F3F|40E4BC6E|100288BD|FFF604C3|40FA2D18|100288BD|da1a4fed52c32428
00|2026-09-16T21:54:55.1540000-04:00|002E||Evil BatusaiDiabolos gains the effect of Panhaima.|04de22c1fab1d4f7
00|2026-09-16T21:54:55.1540000-04:00|0030||Evil BatusaiDiabolos loses the effect of Panhaima.|3a2d6ba907b5009b
261|2026-09-16T21:54:55.1810000-04:00|Change|10020C04|CastBuffID|0|CastDurationCurrent|0.0000|CastDurationMax|0.0000|CastTargetID|E0000000|CurrentMP|7000|Heading|1.2279|IsCasting1|0|IsCasting2|0|PosX|96.8496|PosY|96.1595|bc7d8ffb0a1724a9
37|2026-09-16T21:54:55.1940000-04:00|100D83F9|Stranjer Danger|0000404B|226428|226428|10000|10000|34||95.38|96.36|-0.00|-1.11|1F03|0|0|02|21000A53|03|4107F7DE|10020C04|22000A35|0|41700000|10020C04|acdd94a005c6a64b
26|2026-09-16T21:54:55.1940000-04:00|A53|Panhaimatinon|8.50|10020C04|Minda Silva|100D83F9|Stranjer Danger|03|226428|204515|fc9c837fb60faa9c
26|2026-09-16T21:54:55.1940000-04:00|A35|Panhaima|15.00|10020C04|Minda Silva|100D83F9|Stranjer Danger|00|226428|204515|6a1dbb792147ce10
21|2026-09-16T21:54:55.1940000-04:00|1003AAEE|Enri Haze|5F54|Arcane Crest|1003AAEE|Enri Haze|FE30F|A258000|0|0|0|0|0|0|0|0|0|0|0|0|0|0|227550|227550|10000|10000|||96.64|95.53|-0.00|-0.35|227550|227550|10000|10000|||96.64|95.53|-0.00|-0.35|0000404D|0|1|00||01|5F54|5F54|0.600|6EC1|714d233a79ae0d50
264|2026-09-16T21:54:55.1940000-04:00|1003AAEE|5F54|0000404D|0||||-0.423|1003AAEE|e195ec7ea2a403a5
38|2026-09-16T21:54:55.1940000-04:00|1003AAEE|Enri Haze|00646427|227550|227550|10000|10000|49||96.64|95.53|-0.00|-0.35|0|0|0|29CE0030|441E34C8|1003AAEE|0B7A|40D2A808|10020C04|0|0|0|0A31|41D7C07A|10020C04|0|0|0|0|0|0|0|0|0|0|0|0|0|0|0|0|0|0|0|0|0|0|0|0|0|0|0|0|0|0|0|0|0|0|0|0|0|0|0|0|0|0|0|0|0|0|0|0|0|0|0|0|0|0|0|0|0|0|0|0|0|0|0|0|0|0|0|0|0|0|0|0|0|0|0|0|0|0|0A1D|42470886|1003AAEE|0F3F|40E34BCA|100288BD|0F28|3F87AE50|100288BD|0A3A|40D2A808|10020C04|040A53|410B8114|10020C04|0A35|4150A3DC|10020C04|C4|404655DC|100632C7|FFF604C3|40EBD710|100288BD|0A25|C0A00000|1003AAEE|8b7116dc34d713ad
26|2026-09-16T21:54:55.1940000-04:00|A25|Crest of Time Borrowed|5.00|1003AAEE|Enri Haze|1003AAEE|Enri Haze|00|227550|227550|359327c5d6ed90f3
38|2026-09-16T21:54:55.1940000-04:00|100D83F9|Stranjer Danger|0064641F|226428|226428|10000|10000|34||95.38|96.36|-0.00|-1.11|0|0|0|043C|458498C1|100D83F9|29CE0030|4518D0DC|100D83F9|0A31|41D7C07A|10020C04|0B7A|40DF8539|10020C04|0|0|0|0|0|0|0|0|0|0|0|0|0|0|0|0|0|0|0|0|0|0|0|0|0|0|0|0|0|0|0|0|0|0|0|0|0|0|0|0|0|0|0|0|0|0|0|0|0|0|0|0|0|0|0|0|0|0|0|0|0|0|0|0|0|0|0|0|0|0|0|0|0|0|0|0|0|0|0F28|3FBAE17E|100288BD|079F|40984199|100D83F9|0A3A|40DF8539|10020C04|030A53|41073F8C|10020C04|0A35|416F47AE|10020C04|C4|40576C62|100632C7|0F3F|40E34BCA|100288BD|FFF604C3|40F028FE|100288BD|03470730a02d3aad
00|2026-09-16T21:54:55.2890000-04:00|002E||Stranjer DangerSiren gains the effect of Panhaima.|7b097bd49d20300e
00|2026-09-16T21:54:55.2890000-04:00|0030||Stranjer DangerSiren loses the effect of Panhaima.|cda7b86d8591b7c6
00|2026-09-16T21:54:55.2890000-04:00|002B||Enri HazeSiren uses Shadow of Death.|bb571c6e7a854657
00|2026-09-16T21:54:55.2890000-04:00|0029||   Critical direct hit! Chaos takes 53296 damage.|9fb2a196732c688a
37|2026-09-16T21:54:55.2380000-04:00|100288BD|Elie Glory|0000404B|204515|204515|9200|10000|33||95.26|96.30|-0.00|-2.54|1804|0|0|0|f1c6de7eebe6caff
37|2026-09-16T21:54:55.2830000-04:00|1003AAEE|Enri Haze|0000404B|227550|227550|10000|10000|49||96.64|95.53|-0.00|-0.35|2705|0|0|01|26000A25|0|C0A00000|1003AAEE|8a5f337e2feec40d
00|2026-09-16T21:54:55.3410000-04:00|002B||Enri HazeSiren uses Arcane Crest.|1b50beed4ffc2847
00|2026-09-16T21:54:55.3410000-04:00|002E||   Enri HazeSiren gains the effect of Crest of Time Borrowed.|04e2286d9c9f4c5d
24|2026-09-16T21:54:55.3280000-04:00|100632C7|Evil Batusai|HoT|A2C|37C2|325133|325133|5500|10000|||98.56|96.57|-0.00|0.57|10020C04|Minda Silva|0|204515|204515|7000|10000|||97.13|96.24|0.00|1.35|ee1566a0d3fda85b
37|2026-09-16T21:54:55.3280000-04:00|40002A6D|Chaos|0000404A|21914543||||||91.78|90.84|-0.00|0.71|87cad3ead1c1e92d
37|2026-09-16T21:54:55.3280000-04:00|10020C04|Minda Silva|0000404B|204515|204515|7000|10000|43||97.13|96.24|0.00|1.35|2806|0|0|0|ddb8723db2732e6d
37|2026-09-16T21:54:55.3280000-04:00|1003AAEE|Enri Haze|0000404D|227550|227550|10000|10000|49||96.67|95.57|-0.00|-0.42|2700|0|0|01|26000A25|0|40A00000|1003AAEE|5d65ab40f68d4e05
38|2026-09-16T21:54:55.3280000-04:00|100632C7|Evil Batusai|00646413|325133|325133|5500|10000|36||98.56|96.57|-0.00|0.57|0|0|0|0A2D|42700000|10020C04|29CE0030|4421A47E|100632C7|4F|0|100632C7|0|0|0|0B7A|40C5D306|10020C04|0|0|0|0A31|41D6AE0B|10020C04|0|0|0|0|0|0|0|0|0|0|0|0|0|0|0|0|0|0|0|0|0|0|0|0|0|0|0|0|0|0|0|0|0|0|0|0|0|0|0|0|0|0|0|0|0|0|0|0|0|0|0|0|0|0|0|0|0|0|0|0|0|0|0|0|0|0|0|0|0|0F28|3F9893A6|100288BD|040A53|410DAA0B|10020C04|079F|40A0D50F|100D83F9|0A3A|40C5D306|10020C04|0A35|416C6A80|10020C04|C4|402CBC43|100632C7|0F3F|40DF020F|100288BD|FFF604C3|40F472B9|100288BD|233aadc6e1687adc
38|2026-09-16T21:54:55.3280000-04:00|1003AAEE|Enri Haze|00646427|227550|227550|10000|10000|49||96.67|95.57|-0.00|-0.42|0|0|0|29CE0030|441E2C34|1003AAEE|0B7A|40CE5E4D|10020C04|0|0|0|0A31|41D6AE0B|10020C04|0|0|0|0|0|0|0|0|0|0|0|0|0|0|0|0|0|0|0|0|0|0|0|0|0|0|0|0|0|0|0|0|0|0|0|0|0|0|0|0|0|0|0|0|0|0|0|0|0|0|0|0|0|0|0|0|0|0|0|0|0|0|0|0|0|0|0|0|0|0|0|0|0|0|0|0|0|0|0A1D|42467F4F|1003AAEE|0F3F|40DF020F|100288BD|0F28|3F6D0ECC|100288BD|0A3A|40CE5E4D|10020C04|040A53|41095C38|10020C04|0A35|414E7F00|10020C04|C4|403DC268|100632C7|FFF604C3|40E78D55|100288BD|0A25|409E978D|1003AAEE|99309b896e459e9f
37|2026-09-16T21:54:55.3720000-04:00|100B00B3|Skyler Phoenix|0000404B|227580|227580|10000|10000|29||96.50|96.89|-0.00|1.46|1607|0|0|0|bbf4c24657290af8
37|2026-09-16T21:54:55.3720000-04:00|40002A6D|Chaos|00004047|21861247||||||91.78|90.84|-0.00|0.71|fe07ffc062d94ead
00|2026-09-16T21:54:55.3830000-04:00|002D||Evil BatusaiDiabolos's Kardia restores 14274 of his HP.|b7cf494137c1e203
270|2026-09-16T21:54:55.4170000-04:00|40002A6C|-2.5470|0000|005A|105.3330|106.6147|0.1678|e9191b46e6683f67
21|2026-09-16T21:54:55.4170000-04:00|100632C7|Evil Batusai|4049|Prominence|40002A6D|Chaos|36712003|5AFE0000|B|3E88000|F|A718000|11B|40498000|0|0|0|0|0|0|0|0|21861247|37552669|10000|10000|||91.78|90.84|-0.00|0.71|325133|325133|5500|10000|||98.56|96.57|-0.00|0.57|0000404E|0|1|00||01|4049|4049|0.600|973A|6d7f21b3a98d7fd4
264|2026-09-16T21:54:55.4170000-04:00|100632C7|4049|0000404E|0||||0.570|100632C7|2bef34a50158d48f
38|2026-09-16T21:54:55.4170000-04:00|100632C7|Evil Batusai|00646413|325133|325133|5500|10000|36||98.56|96.57|-0.00|0.57|0|0|0|0A2D|42700000|10020C04|29CE0030|44219ECC|100632C7|4F|0|100632C7|0|0|0|0B7A|40C2F9EF|10020C04|0|0|0|0A31|41D5F7C5|10020C04|0|0|0|0|0|0|0|0|0|0|0|0|0|0|0|0|0|0|0|0|0|0|0|0|0|0|0|0|0|0|0|0|0|0|0|0|0|0|0|0|0|0|0|0|0|0|0|0|0|0|0|0|0|0|0|0|0|0|0|0|0|0|0|0|0|0|0|0|0|0F28|3F8D2F4C|100288BD|040A53|410C3D80|10020C04|079F|409DFBF8|100D83F9|0A3A|40C2F9EF|10020C04|0A35|416AFDF5|10020C04|C4|40270A16|100632C7|0F3F|40DC28F8|100288BD|FFF604C3|40F199A2|100288BD|0A71|C1F00000|100632C7|5cba2124b3d39854
26|2026-09-16T21:54:55.4170000-04:00|A71|Divine Might|30.00|100632C7|Evil Batusai|100632C7|Evil Batusai|00|325133|325133|a8ea6f748a77d2c2
24|2026-09-16T21:54:55.5060000-04:00|1008704E|Arcane Valiance|HoT|0|6F6D|325219|325219|4000|10000|||97.37|97.25|0.71|-2.47|100288BD|Elie Glory|0|204515|204515|9200|10000|||95.26|96.30|-0.00|-1.92|22f7d25f644efff1
24|2026-09-16T21:54:55.5060000-04:00|100B00B3|Skyler Phoenix|HoT|0|6DEA|227580|227580|10000|10000|||96.73|96.63|-0.02|2.05|100288BD|Elie Glory|0|204515|204515|9200|10000|||95.26|96.30|-0.00|-1.92|7c5003e8aace08a2
38|2026-09-16T21:54:55.5060000-04:00|1008704E|Arcane Valiance|00646420|325219|325219|4000|10000|21||97.37|97.25|0.71|-2.47|0|0|0|0A0168|41F00000|E0000000|0B7A|40CCEDA8|10020C04|1E016C|41F00000|E0000000|29CE0030|44E77974|1008704E|02E7|0|1008704E|0|0|0|0A31|41D53F73|10020C04|0|0|0|0|0|0|0|0|0|0|0|0|0|0|0|0|0|0|0|0|0|0|0|0|0|0|0|0|0|0|0|0|0|0|0|0|0|0|0|0|0|0|0|0|0|0|0|0|0|0|0|0|0|0|0|0|0|0|0|0|0|0|0|0|0|0|0|0|0|0F28|3F614813|100288BD|0A3A|40CCEDA8|10020C04|040A53|410CEDA0|10020C04|0A35|415EDD32|10020C04|C4|4029CA99|100632C7|0F3F|40D947B0|100288BD|FFF604C3|40FB8529|100288BD|cca7552c2746fcf8
38|2026-09-16T21:54:55.5060000-04:00|100B00B3|Skyler Phoenix|00646416|227580|227580|10000|10000|29||96.73|96.63|-0.02|2.05|0|0|0|29CE0030|45198214|100B00B3|0|0|0|0B7A|40D13F96|10020C04|0A31|41D53F73|10020C04|0|0|0|0|0|0|0|0|0|0|0|0|0|0|0|0|0|0|0|0|0|0|0|0|0|0|0|0|0|0|0|0|0|0|0|0|0|0|0|0|0|0|0|0|0|0|0|0|0|0|0|0|0|0|0|0|0|0|0|0|0|0|0|0|0|0|0|0|0|0|0|0|0|0|0|0|0|0|0A3A|40D13F96|10020C04|0F28|3F1CAC79|100288BD|0AA0|41BE76B8|100B00B3|040A53|410F127D|10020C04|0A35|4128AC13|10020C04|C4|405CFDCB|100632C7|0F3F|40D947B0|100288BD|FFF604C3|40F30215|100288BD|283e7bb1b87fbfad
00|2026-09-16T21:54:55.6160000-04:00|002B||You cast Dosis III.|6d29adf3e663d84c
00|2026-09-16T21:54:55.6160000-04:00|0029||   Chaos takes 39840 damage.|ee6e336e2b902a46
39|2026-09-16T21:54:55.5960000-04:00|100288BD|Elie Glory|204515|204515|9400|10000|||95.26|96.30|-0.00|-1.47|f3700c106f1c6bfa
21|2026-09-16T21:54:55.6400000-04:00|1008704E|Arcane Valiance|07|attack|40002A6D|Chaos|712003|2B250000|0|0|0|0|0|0|0|0|0|0|0|0|0|0|21861247|37552669|10000|10000|||91.78|90.84|-0.00|0.71|325219|325219|4000|10000|||97.37|97.25|-0.00|-2.48|0000404F|0|1|00||01|07|07|0.100|19D2|ba98e4903eafe84c
264|2026-09-16T21:54:55.6400000-04:00|1008704E|0007|0000404F|0||||-2.508|40002A6D|b7bab420bbe6b163
38|2026-09-16T21:54:55.6400000-04:00|40002A6D|Chaos|00646400|21861247|37552669|10000|10000|0||91.78|90.84|-0.00|0.71|0|0|0|0A0A1A|4233B304|1003AAEE|0A9F|41B76E95|100B00B3|0|0|0|0|0|0|0A38|40FA558E|10020C04|e5a71ec11daae890
30|2026-09-16T21:54:55.6400000-04:00|74F|Dia|0.00|100288BD|Elie Glory|40002A6D|Chaos|00|37552669|204515|d6604093ec2c028c
00|2026-09-16T21:54:55.6450000-04:00|0031||Chaos recovers from the effect of Dia.|1a39e58bd5579e4c
00|2026-09-16T21:54:55.6450000-04:00|0029||Critical! Arcane ValianceJenova hits Chaos for 11045 damage.|d5bf7455aa7f6d50
270|2026-09-16T21:54:55.7300000-04:00|40002A6C|-2.5470|0000|005A|103.7766|104.2648|0.1678|1f00f21eda7a4083
271|2026-09-16T21:54:55.7300000-04:00|40002784|-0.0000|00|00|109.8995|109.8995|-0.0000|dfd1fc58e8e029e5
261|2026-09-16T21:54:55.7660000-04:00|Change|40002783|Heading|-0.0000|PosX|109.8995|PosY|109.8995|PosZ|0.0000|3a181788d68f6477
271|2026-09-16T21:54:55.7300000-04:00|40002783|-0.0000|00|00|109.8995|109.8995|-0.0000|aa0fb2550cc356c0
261|2026-09-16T21:54:55.7660000-04:00|Change|40002782|Heading|-0.0000|PosX|109.8995|PosY|109.8995|PosZ|0.0000|75adc5ec3baccb2b
271|2026-09-16T21:54:55.7300000-04:00|40002782|-0.0000|00|00|109.8995|109.8995|-0.0000|9ecf4755413f5c37
261|2026-09-16T21:54:55.7660000-04:00|Change|40002781|Heading|-0.0000|PosX|109.8995|PosY|109.8995|PosZ|0.0000|bbe51078488663ee
271|2026-09-16T21:54:55.7300000-04:00|40002781|-0.0000|00|00|109.8995|109.8995|-0.0000|39055b434059d9de
261|2026-09-16T21:54:55.7660000-04:00|Change|40002780|BNpcNameID|1E0B|Heading|-0.0000|Name|Chaos|PosX|109.8995|PosY|109.8995|PosZ|0.0000|59879e32eecb61a7
271|2026-09-16T21:54:55.7300000-04:00|40002780|-0.0000|00|00|109.8995|109.8995|-0.0000|102dba09e9c43f65
261|2026-09-16T21:54:55.7660000-04:00|Change|4000277F|BNpcNameID|1E0B|Heading|-0.0000|Name|Chaos|PosX|109.8995|PosY|109.8995|PosZ|0.0000|9541ddaadc82c539
271|2026-09-16T21:54:55.7300000-04:00|4000277F|-0.0000|00|00|109.8995|109.8995|-0.0000|21ec930b50404aee
261|2026-09-16T21:54:55.7660000-04:00|Change|4000277E|BNpcNameID|1E0B|Heading|-0.0000|Name|Chaos|PosX|109.8995|PosY|109.8995|PosZ|0.0000|e020beda9bf3d3a1
271|2026-09-16T21:54:55.7300000-04:00|4000277E|-0.0000|00|00|109.8995|109.8995|-0.0000|b81bc70ff70184ce
261|2026-09-16T21:54:55.7660000-04:00|Change|4000277D|BNpcNameID|1E0B|Heading|-0.0000|Name|Chaos|PosX|109.8995|PosY|109.8995|PosZ|0.0000|65f98f7f36182462
271|2026-09-16T21:54:55.7300000-04:00|4000277D|-0.0000|00|00|109.8995|109.8995|-0.0000|eb326a90b3f0d26b
21|2026-09-16T21:54:55.7300000-04:00|100D83F9|Stranjer Danger|1CF4|Heated Slug Shot|40002A6D|Chaos|38724003|94290000|53E|A98000|11B|B348000|0|0|0|0|0|0|0|0|0|0|21861247|37552669|10000|10000|||91.78|90.84|-0.00|0.71|226428|226428|10000|10000|||95.68|96.66|-0.00|0.98|00004050|0|1|00||01|1CF4|1CF4|0.600|1DDB|e8b5b7fb6321f915
264|2026-09-16T21:54:55.7300000-04:00|100D83F9|1CF4|00004050|0||||-2.409|40002A6D|4d9965942d36fffb
38|2026-09-16T21:54:55.7300000-04:00|100288BD|Elie Glory|00646418|204515|204515|9400|10000|33||95.27|96.31|-0.02|-1.37|0|0|0|29D20030|442606F1|100288BD|04B4|4109EB83|100288BD|0B7A|40B4B44B|10020C04|0A31|41D378CA|10020C04|0|0|0|0|0|0|0|0|0|0|0|0|0|0|0|0|0|0|0|0|0|0|0|0|0|0|0|0|0|0|0|0|0|0|0|0|0|0|0|0|0|0|0|0|0|0|0|0|0|0|0|0|0|0|0|0|0|0|0|0|0|0|0|0|0|0|0|0|0|0|0|0|0|0|0|0|0|0|0|0|0|079F|408FB654|100D83F9|0A3A|40B4B44B|10020C04|0F3F|40D22D0F|100288BD|040A53|4100D0F6|10020C04|0A35|4127F3C1|10020C04|C4|403DD2C8|100632C7|FFF604C3|40D66E99|100288BD|7f9148c05111cc33
30|2026-09-16T21:54:55.7300000-04:00|F28|Medica III|0.00|100288BD|Elie Glory|100288BD|Elie Glory|00|204515|204515|b9b909602bac4d45
00|2026-09-16T21:54:55.7880000-04:00|0030||Elie GloryUltros loses the effect of Medica III.|556122a939c3dad4
22|2026-09-16T21:54:55.8180000-04:00|40002780|Kefka|BAF8|Cyclone|100288BD|Elie Glory|350003|0|FF0E|41C0000|1B|BAF88000|0|0|0|0|0|0|0|0|0|0|204515|204515|9400|10000|||95.27|96.31|-0.02|-1.37|44|44|0|10000|||91.34|115.00|0.00|-0.00|00004051|0|8|00||01|BAF8|BAF8|1.100|7FFF|96e8dd1e63ad2353
22|2026-09-16T21:54:55.8180000-04:00|40002780|Kefka|BAF8|Cyclone|100F612E|Mr Toxic|350003|0|FF0E|41C0000|1B|BAF88000|0|0|0|0|0|0|0|0|0|0|205177|205177|9300|10000|||96.72|97.64|-0.00|3.06|44|44|0|10000|||91.34|115.00|0.00|-0.00|00004051|1|8|00||01|BAF8|BAF8|1.100|7FFF|b55cae0722b4c950
22|2026-09-16T21:54:55.8180000-04:00|40002780|Kefka|BAF8|Cyclone|1008704E|Arcane Valiance|350003|0|FF0E|41C0000|1B|BAF88000|0|0|0|0|0|0|0|0|0|0|325219|325219|4000|10000|||97.37|97.25|-0.00|-2.49|44|44|0|10000|||91.34|115.00|0.00|-0.00|00004051|2|8|00||01|BAF8|BAF8|1.100|7FFF|6580f6b670e14a2f
22|2026-09-16T21:54:55.8180000-04:00|40002780|Kefka|BAF8|Cyclone|100D83F9|Stranjer Danger|350003|0|FF0E|41C0000|1B|BAF88000|0|0|0|0|0|0|0|0|0|0|226428|226428|10000|10000|||95.68|96.66|-0.00|0.98|44|44|0|10000|||91.34|115.00|0.00|-0.00|00004051|3|8|00||01|BAF8|BAF8|1.100|7FFF|99616fba9b0232b4
22|2026-09-16T21:54:55.8180000-04:00|40002780|Kefka|BAF8|Cyclone|1003AAEE|Enri Haze|350003|0|FF0E|41C0000|1B|BAF88000|0|0|0|0|0|0|0|0|0|0|227550|227550|10000|10000|||96.62|95.67|-0.00|-0.41|44|44|0|10000|||91.34|115.00|0.00|-0.00|00004051|4|8|00||01|BAF8|BAF8|1.100|7FFF|4a4a5a1f507de9ae
22|2026-09-16T21:54:55.8180000-04:00|40002780|Kefka|BAF8|Cyclone|100B00B3|Skyler Phoenix|350003|0|FF0E|41C0000|1B|BAF88000|0|0|0|0|0|0|0|0|0|0|227580|227580|10000|10000|||97.34|95.63|-0.00|2.40|44|44|0|10000|||91.34|115.00|0.00|-0.00|00004051|5|8|00||01|BAF8|BAF8|1.100|7FFF|b9c910d24127769f
22|2026-09-16T21:54:55.8180000-04:00|40002780|Kefka|BAF8|Cyclone|10020C04|Minda Silva|350003|0|FF0E|41C0000|1B|BAF88000|0|0|0|0|0|0|0|0|0|0|204515|204515|7000|10000|||98.21|97.45|0.00|-0.06|44|44|0|10000|||91.34|115.00|0.00|-0.00|00004051|6|8|00||01|BAF8|BAF8|1.100|7FFF|d4d2916ee8833a82
22|2026-09-16T21:54:55.8180000-04:00|40002780|Kefka|BAF8|Cyclone|100632C7|Evil Batusai|350003|0|FF0E|41C0000|1B|BAF88000|0|0|0|0|0|0|0|0|0|0|325133|325133|5500|10000|||98.55|96.54|-0.02|0.25|44|44|0|10000|||91.34|115.00|0.00|-0.00|00004051|7|8|00||01|BAF8|BAF8|1.100|7FFF|27a35006234ba7b5
264|2026-09-16T21:54:55.8180000-04:00|40002780|BAF8|00004051|1|-0.015|-0.015|-0.015|-0.000|100288BD|06b758c3556e27cd
36|2026-09-16T21:54:55.8180000-04:00|02E4|3|eacb57b97d197847
36|2026-09-16T21:54:55.8180000-04:00|0410|3|7e4e4aed201be3fa
36|2026-09-16T21:54:55.8180000-04:00|053C|3|54b86cc396a74a17
22|2026-09-16T21:54:55.8180000-04:00|40002781|Chaos|BAF8|Cyclone|100F612E|Mr Toxic|350003|0|FF000014|41C0000|1B|BAF88000|0|0|0|0|0|0|0|0|0|0|205177|205177|9300|10000|||96.72|97.64|-0.00|3.06|44|44|0|10000|||90.10|109.90|0.00|-0.00|00004052|0|8|00||01|BAF8|BAF8|1.100|7FFF|148a6560fb380cda
22|2026-09-16T21:54:55.8180000-04:00|40002781|Chaos|BAF8|Cyclone|100288BD|Elie Glory|350003|0|FF000014|41C0000|1B|BAF88000|0|0|0|0|0|0|0|0|0|0|204515|204515|9400|10000|||95.27|96.31|-0.02|-1.37|44|44|0|10000|||90.10|109.90|0.00|-0.00|00004052|1|8|00||01|BAF8|BAF8|1.100|7FFF|4fd2b0b7cf603597
22|2026-09-16T21:54:55.8180000-04:00|40002781|Chaos|BAF8|Cyclone|1008704E|Arcane Valiance|350003|0|FF000014|41C0000|1B|BAF88000|0|0|0|0|0|0|0|0|0|0|325219|325219|4000|10000|||97.37|97.25|-0.00|-2.49|44|44|0|10000|||90.10|109.90|0.00|-0.00|00004052|2|8|00||01|BAF8|BAF8|1.100|7FFF|871b914dc45a26fd
22|2026-09-16T21:54:55.8180000-04:00|40002781|Chaos|BAF8|Cyclone|100D83F9|Stranjer Danger|350003|0|FF000014|41C0000|1B|BAF88000|0|0|0|0|0|0|0|0|0|0|226428|226428|10000|10000|||95.68|96.66|-0.00|0.98|44|44|0|10000|||90.10|109.90|0.00|-0.00|00004052|3|8|00||01|BAF8|BAF8|1.100|7FFF|1132b7610da6b1ad
22|2026-09-16T21:54:55.8180000-04:00|40002781|Chaos|BAF8|Cyclone|10020C04|Minda Silva|350003|0|FF000014|41C0000|1B|BAF88000|0|0|0|0|0|0|0|0|0|0|204515|204515|7000|10000|||98.21|97.45|0.00|-0.06|44|44|0|10000|||90.10|109.90|0.00|-0.00|00004052|4|8|00||01|BAF8|BAF8|1.100|7FFF|03076895b9b65795
22|2026-09-16T21:54:55.8180000-04:00|40002781|Chaos|BAF8|Cyclone|1003AAEE|Enri Haze|350003|0|FF000014|41C0000|1B|BAF88000|0|0|0|0|0|0|0|0|0|0|227550|227550|10000|10000|||96.62|95.67|-0.00|-0.41|44|44|0|10000|||90.10|109.90|0.00|-0.00|00004052|5|8|00||01|BAF8|BAF8|1.100|7FFF|e0004828cd03e113
22|2026-09-16T21:54:55.8180000-04:00|40002781|Chaos|BAF8|Cyclone|100632C7|Evil Batusai|350003|0|FF000014|41C0000|1B|BAF88000|0|0|0|0|0|0|0|0|0|0|325133|325133|5500|10000|||98.55|96.54|-0.02|0.25|44|44|0|10000|||90.10|109.90|0.00|-0.00|00004052|6|8|00||01|BAF8|BAF8|1.100|7FFF|ebb8ce93380ea844
22|2026-09-16T21:54:55.8180000-04:00|40002781|Chaos|BAF8|Cyclone|100B00B3|Skyler Phoenix|350003|0|FF000014|41C0000|1B|BAF88000|0|0|0|0|0|0|0|0|0|0|227580|227580|10000|10000|||97.34|95.63|-0.00|2.40|44|44|0|10000|||90.10|109.90|0.00|-0.00|00004052|7|8|00||01|BAF8|BAF8|1.100|7FFF|cf5cbcb8fe9312cc
264|2026-09-16T21:54:55.8180000-04:00|40002781|BAF8|00004052|1|-0.015|-0.015|-0.015|-0.000|100F612E|95429d65b81ed683
36|2026-09-16T21:54:55.8180000-04:00|0668|3|2a9ee41675d82285
22|2026-09-16T21:54:55.8180000-04:00|40002782|Chaos|BAF8|Cyclone|1008704E|Arcane Valiance|350003|0|FF000014|41C0000|1B|BAF88000|0|0|0|0|0|0|0|0|0|0|325219|325219|4000|10000|||97.37|97.25|-0.00|-2.49|44|44|0|10000|||90.10|109.90|0.00|-0.00|00004053|0|8|00||01|BAF8|BAF8|1.100|7FFF|d880665914aec9bc
22|2026-09-16T21:54:55.8180000-04:00|40002782|Chaos|BAF8|Cyclone|100F612E|Mr Toxic|350003|0|FF000014|41C0000|1B|BAF88000|0|0|0|0|0|0|0|0|0|0|205177|205177|9300|10000|||96.72|97.64|-0.00|3.06|44|44|0|10000|||90.10|109.90|0.00|-0.00|00004053|1|8|00||01|BAF8|BAF8|1.100|7FFF|fe0f2ae426eadf81
22|2026-09-16T21:54:55.8180000-04:00|40002782|Chaos|BAF8|Cyclone|10020C04|Minda Silva|350003|0|FF000014|41C0000|1B|BAF88000|0|0|0|0|0|0|0|0|0|0|204515|204515|7000|10000|||98.21|97.45|0.00|-0.06|44|44|0|10000|||90.10|109.90|0.00|-0.00|00004053|2|8|00||01|BAF8|BAF8|1.100|7FFF|549961a26e5942fd
22|2026-09-16T21:54:55.8180000-04:00|40002782|Chaos|BAF8|Cyclone|100288BD|Elie Glory|350003|0|FF000014|41C0000|1B|BAF88000|0|0|0|0|0|0|0|0|0|0|204515|204515|9400|10000|||95.27|96.31|-0.02|-1.37|44|44|0|10000|||90.10|109.90|0.00|-0.00|00004053|3|8|00||01|BAF8|BAF8|1.100|7FFF|25fbc55cb7f5035d
22|2026-09-16T21:54:55.8180000-04:00|40002782|Chaos|BAF8|Cyclone|100D83F9|Stranjer Danger|350003|0|FF000014|41C0000|1B|BAF88000|0|0|0|0|0|0|0|0|0|0|226428|226428|10000|10000|||95.68|96.66|-0.00|0.98|44|44|0|10000|||90.10|109.90|0.00|-0.00|00004053|4|8|00||01|BAF8|BAF8|1.100|7FFF|f473c00f6de33790
22|2026-09-16T21:54:55.8180000-04:00|40002782|Chaos|BAF8|Cyclone|100632C7|Evil Batusai|350003|0|FF000014|41C0000|1B|BAF88000|0|0|0|0|0|0|0|0|0|0|325133|325133|5500|10000|||98.55|96.54|-0.02|0.25|44|44|0|10000|||90.10|109.90|0.00|-0.00|00004053|5|8|00||01|BAF8|BAF8|1.100|7FFF|1cf71d08260c8953
22|2026-09-16T21:54:55.8180000-04:00|40002782|Chaos|BAF8|Cyclone|1003AAEE|Enri Haze|350003|0|FF000014|41C0000|1B|BAF88000|0|0|0|0|0|0|0|0|0|0|227550|227550|10000|10000|||96.62|95.67|-0.00|-0.41|44|44|0|10000|||90.10|109.90|0.00|-0.00|00004053|6|8|00||01|BAF8|BAF8|1.100|7FFF|36ffed6ee07512bf
22|2026-09-16T21:54:55.8180000-04:00|40002782|Chaos|BAF8|Cyclone|100B00B3|Skyler Phoenix|350003|2C030000|FF000014|41C0000|1B|BAF88000|0|0|0|0|0|0|0|0|0|0|227580|227580|10000|10000|||97.34|95.63|-0.00|2.40|44|44|0|10000|||90.10|109.90|0.00|-0.00|00004053|7|8|00||01|BAF8|BAF8|1.100|7FFF|2f371b6f595b4bef
264|2026-09-16T21:54:55.8180000-04:00|40002782|BAF8|00004053|1|-0.015|-0.015|-0.015|-0.000|1008704E|a03a187afcd3f593
36|2026-09-16T21:54:55.8180000-04:00|0794|3|8cea98e73e2bfc95
22|2026-09-16T21:54:55.8180000-04:00|40002783|Chaos|BAF8|Cyclone|10020C04|Minda Silva|350003|E650000|FF000014|41C0000|1B|BAF88000|0|0|0|0|0|0|0|0|0|0|204515|204515|7000|10000|||98.21|97.45|0.00|-0.06|44|44|0|10000|||84.00|106.68|0.00|1.65|00004054|0|8|00||01|BAF8|BAF8|1.100|7FFF|baf038c4b401a5cb
22|2026-09-16T21:54:55.8180000-04:00|40002783|Chaos|BAF8|Cyclone|100632C7|Evil Batusai|350003|0|FF000014|41C0000|1B|BAF88000|0|0|0|0|0|0|0|0|0|0|325133|325133|5500|10000|||98.55|96.54|-0.02|0.25|44|44|0|10000|||84.00|106.68|0.00|1.65|00004054|1|8|00||01|BAF8|BAF8|1.100|7FFF|b777e726e5172367
22|2026-09-16T21:54:55.8180000-04:00|40002783|Chaos|BAF8|Cyclone|1008704E|Arcane Valiance|350003|0|FF000014|41C0000|1B|BAF88000|0|0|0|0|0|0|0|0|0|0|325219|325219|4000|10000|||97.37|97.25|-0.00|-2.49|44|44|0|10000|||84.00|106.68|0.00|1.65|00004054|2|8|00||01|BAF8|BAF8|1.100|7FFF|0a9e73aae213191b
22|2026-09-16T21:54:55.8180000-04:00|40002783|Chaos|BAF8|Cyclone|100F612E|Mr Toxic|350003|70890000|FF000014|41C0000|1B|BAF88000|0|0|0|0|0|0|0|0|0|0|205177|205177|9300|10000|||96.72|97.64|-0.00|3.06|44|44|0|10000|||84.00|106.68|0.00|1.65|00004054|3|8|00||01|BAF8|BAF8|1.100|7FFF|e51ddd39f61832b4
22|2026-09-16T21:54:55.8180000-04:00|40002783|Chaos|BAF8|Cyclone|100288BD|Elie Glory|350003|4B530000|FF000014|41C0000|1B|BAF88000|0|0|0|0|0|0|0|0|0|0|204515|204515|9400|10000|||95.27|96.31|-0.02|-1.37|44|44|0|10000|||84.00|106.68|0.00|1.65|00004054|4|8|00||01|BAF8|BAF8|1.100|7FFF|8da6d09b55b0613e
22|2026-09-16T21:54:55.8180000-04:00|40002783|Chaos|BAF8|Cyclone|100D83F9|Stranjer Danger|350003|4A520000|FF000014|41C0000|1B|BAF88000|0|0|0|0|0|0|0|0|0|0|226428|226428|10000|10000|||95.68|96.66|-0.00|0.98|44|44|0|10000|||84.00|106.68|0.00|1.65|00004054|5|8|00||01|BAF8|BAF8|1.100|7FFF|2270295183f1e583
22|2026-09-16T21:54:55.8180000-04:00|40002783|Chaos|BAF8|Cyclone|1003AAEE|Enri Haze|350003|15230000|FF000014|41C0000|1B|BAF88000|0|0|0|0|0|0|0|0|0|0|227550|227550|10000|10000|||96.62|95.67|-0.00|-0.41|44|44|0|10000|||84.00|106.68|0.00|1.65|00004054|6|8|00||01|BAF8|BAF8|1.100|7FFF|17a1a8a271efff87
22|2026-09-16T21:54:55.8180000-04:00|40002783|Chaos|BAF8|Cyclone|100B00B3|Skyler Phoenix|350003|8F000000|FF000014|41C0000|1B|BAF88000|0|0|0|0|0|0|0|0|0|0|227580|227580|10000|10000|||97.34|95.63|-0.00|2.40|44|44|0|10000|||84.00|106.68|0.00|1.65|00004054|7|8|00||01|BAF8|BAF8|1.100|7FFF|79df3f3356709a6c
264|2026-09-16T21:54:55.8180000-04:00|40002783|BAF8|00004054|1|-0.015|-0.015|-0.015|-0.000|10020C04|8cb2eda8eece0218
36|2026-09-16T21:54:55.8180000-04:00|08C0|3|6bcff6a27b6f9a07
36|2026-09-16T21:54:55.8180000-04:00|09EC|3|a875f5faf0e90f9c
03|2026-09-16T21:54:55.8680000-04:00|40002780|Chaos|00|1|0000|00||7691|9020|44|44|0|10000|||109.90|109.90|0.00|-0.00|99f0cedbc8ae2fe6
03|2026-09-16T21:54:55.8680000-04:00|4000277F|Chaos|00|1|0000|00||7691|9020|44|44|0|10000|||109.90|109.90|0.00|-0.00|153edc1dbc6b8f44
03|2026-09-16T21:54:55.8680000-04:00|4000277E|Chaos|00|1|0000|00||7691|9020|44|44|0|10000|||109.90|109.90|0.00|-0.00|63c6aa2c3ac28862
03|2026-09-16T21:54:55.8680000-04:00|4000277D|Chaos|00|1|0000|00||7691|9020|44|44|0|10000|||109.90|109.90|0.00|-0.00|32e51da025d05f00
36|2026-09-16T21:54:55.8200000-04:00|0B18|3|040318b886432e2e
22|2026-09-16T21:54:55.8200000-04:00|40002784|Chaos|BAF8|Cyclone|100632C7|Evil Batusai|350003|0|FF000014|41C0000|1B|BAF88000|0|0|0|0|0|0|0|0|0|0|325133|325133|5500|10000|||98.53|96.54|-0.00|-0.73|44|44|0|10000|||109.90|109.90|0.00|-0.00|00004055|0|8|00||01|BAF8|BAF8|1.100|7FFF|2b0db8443ebe2074
22|2026-09-16T21:54:55.8200000-04:00|40002784|Chaos|BAF8|Cyclone|10020C04|Minda Silva|350003|6FBB0000|FF000014|41C0000|1B|BAF88000|0|0|0|0|0|0|0|0|0|0|204515|204515|7000|10000|||97.89|97.42|0.00|-1.49|44|44|0|10000|||109.90|109.90|0.00|-0.00|00004055|1|8|00||01|BAF8|BAF8|1.100|7FFF|b1ae5a3779cda890
22|2026-09-16T21:54:55.8200000-04:00|40002784|Chaos|BAF8|Cyclone|1008704E|Arcane Valiance|350003|4D7A0000|FF000014|41C0000|1B|BAF88000|0|0|0|0|0|0|0|0|0|0|325219|325219|4000|10000|||97.37|97.25|0.92|-2.50|44|44|0|10000|||109.90|109.90|0.00|-0.00|00004055|2|8|00||01|BAF8|BAF8|1.100|7FFF|b9dbd5278eae492b
22|2026-09-16T21:54:55.8200000-04:00|40002784|Chaos|BAF8|Cyclone|100D83F9|Stranjer Danger|350003|741D0000|FF000014|41C0000|1B|BAF88000|0|0|0|0|0|0|0|0|0|0|226428|226428|10000|10000|||95.76|96.73|-0.01|-2.41|44|44|0|10000|||109.90|109.90|0.00|-0.00|00004055|3|8|00||01|BAF8|BAF8|1.100|7FFF|ce10be0acf947ec9
22|2026-09-16T21:54:55.8200000-04:00|40002784|Chaos|BAF8|Cyclone|1003AAEE|Enri Haze|350003|8C140000|FF000014|41C0000|1B|BAF88000|0|0|0|0|0|0|0|0|0|0|227550|227550|10000|10000|||96.61|95.72|-0.00|-0.11|44|44|0|10000|||109.90|109.90|0.00|-0.00|00004055|4|8|00||01|BAF8|BAF8|1.100|7FFF|3bfd154381bbb7f7
22|2026-09-16T21:54:55.8200000-04:00|40002784|Chaos|BAF8|Cyclone|100F612E|Mr Toxic|350003|6F1F0000|FF000014|41C0000|1B|BAF88000|0|0|0|0|0|0|0|0|0|0|205177|205177|9300|10000|||96.72|97.64|-0.00|-2.92|44|44|0|10000|||109.90|109.90|0.00|-0.00|00004055|5|8|00||01|BAF8|BAF8|1.100|7FFF|4348e16b1fbe553e
22|2026-09-16T21:54:55.8200000-04:00|40002784|Chaos|BAF8|Cyclone|100288BD|Elie Glory|350003|6F6E0000|FF000014|41C0000|1B|BAF88000|0|0|0|0|0|0|0|0|0|0|204515|204515|9400|10000|||95.47|96.54|-0.00|-1.22|44|44|0|10000|||109.90|109.90|0.00|-0.00|00004055|6|8|00||01|BAF8|BAF8|1.100|7FFF|1460aafb6bffe289
22|2026-09-16T21:54:55.8200000-04:00|40002784|Chaos|BAF8|Cyclone|100B00B3|Skyler Phoenix|350003|860B0000|FF000014|41C0000|1B|BAF88000|0|0|0|0|0|0|0|0|0|0|227580|227580|10000|10000|||97.70|95.06|-0.01|2.60|44|44|0|10000|||109.90|109.90|0.00|-0.00|00004055|7|8|00||01|BAF8|BAF8|1.100|7FFF|24dfa3bec96d6b50
264|2026-09-16T21:54:55.8200000-04:00|40002784|BAF8|00004055|1|-0.015|-0.015|-0.015|-0.000|100632C7|12bbdfded5233422
36|2026-09-16T21:54:55.8200000-04:00|0C44|3|b55a1fa31abf091b
22|2026-09-16T21:54:55.8200000-04:00|4000277F|Chaos|BAF8|Cyclone|100B00B3|Skyler Phoenix|350003|867D0000|FF000014|41C0000|1B|BAF88000|0|0|0|0|0|0|0|0|0|0|227580|227580|10000|10000|||97.70|95.06|-0.01|2.60|44|44|0|10000|||109.90|109.90|0.00|-0.00|00004056|0|8|00||01|BAF8|BAF8|1.100|7FFF|f3ea9555f97c8761
22|2026-09-16T21:54:55.8200000-04:00|4000277F|Chaos|BAF8|Cyclone|1003AAEE|Enri Haze|350003|89B10000|FF000014|41C0000|1B|BAF88000|0|0|0|0|0|0|0|0|0|0|227550|227550|10000|10000|||96.61|95.72|-0.00|-0.11|44|44|0|10000|||109.90|109.90|0.00|-0.00|00004056|1|8|00||01|BAF8|BAF8|1.100|7FFF|22c43c8edf2174cb
22|2026-09-16T21:54:55.8200000-04:00|4000277F|Chaos|BAF8|Cyclone|100D83F9|Stranjer Danger|350003|73D70000|FF000014|41C0000|1B|BAF88000|0|0|0|0|0|0|0|0|0|0|226428|226428|10000|10000|||95.76|96.73|-0.01|-2.41|44|44|0|10000|||109.90|109.90|0.00|-0.00|00004056|2|8|00||01|BAF8|BAF8|1.100|7FFF|e26d06e11a6e4b8d
22|2026-09-16T21:54:55.8200000-04:00|4000277F|Chaos|BAF8|Cyclone|100288BD|Elie Glory|350003|6A180000|FF000014|41C0000|1B|BAF88000|0|0|0|0|0|0|0|0|0|0|204515|204515|9400|10000|||95.47|96.54|-0.00|-1.22|44|44|0|10000|||109.90|109.90|0.00|-0.00|00004056|3|8|00||01|BAF8|BAF8|1.100|7FFF|a3461bc10331a08c
22|2026-09-16T21:54:55.8200000-04:00|4000277F|Chaos|BAF8|Cyclone|100F612E|Mr Toxic|350003|6C050000|FF000014|41C0000|1B|BAF88000|0|0|0|0|0|0|0|0|0|0|205177|205177|9300|10000|||96.72|97.64|-0.00|-2.92|44|44|0|10000|||109.90|109.90|0.00|-0.00|00004056|4|8|00||01|BAF8|BAF8|1.100|7FFF|ec294dab2533cfd9
22|2026-09-16T21:54:55.8200000-04:00|4000277F|Chaos|BAF8|Cyclone|1008704E|Arcane Valiance|350003|51B40000|FF000014|41C0000|1B|BAF88000|0|0|0|0|0|0|0|0|0|0|325219|325219|4000|10000|||97.37|97.25|0.92|-2.50|44|44|0|10000|||109.90|109.90|0.00|-0.00|00004056|5|8|00||01|BAF8|BAF8|1.100|7FFF|67926481390568ef
22|2026-09-16T21:54:55.8200000-04:00|4000277F|Chaos|BAF8|Cyclone|100632C7|Evil Batusai|350003|0|FF000014|41C0000|1B|BAF88000|0|0|0|0|0|0|0|0|0|0|325133|325133|5500|10000|||98.53|96.54|-0.00|-0.73|44|44|0|10000|||109.90|109.90|0.00|-0.00|00004056|6|8|00||01|BAF8|BAF8|1.100|7FFF|22486c49f5bb11b8
22|2026-09-16T21:54:55.8200000-04:00|4000277F|Chaos|BAF8|Cyclone|10020C04|Minda Silva|350003|70FF0000|FF000014|41C0000|1B|BAF88000|0|0|0|0|0|0|0|0|0|0|204515|204515|7000|10000|||97.89|97.42|0.00|-1.49|44|44|0|10000|||109.90|109.90|0.00|-0.00|00004056|7|8|00||01|BAF8|BAF8|1.100|7FFF|88304869ebaaf9d6
264|2026-09-16T21:54:55.8200000-04:00|4000277F|BAF8|00004056|1|-0.015|-0.015|-0.015|-0.000|100B00B3|63d3ee2145874d36
36|2026-09-16T21:54:55.8200000-04:00|0D70|3|36b83751bc3d2099
36|2026-09-16T21:54:55.8200000-04:00|0E9C|3|5cb342c8dd263e38
22|2026-09-16T21:54:55.8200000-04:00|4000277D|Chaos|BAF8|Cyclone|1003AAEE|Enri Haze|350003|8DBE0000|FF000014|41C0000|1B|BAF88000|0|0|0|0|0|0|0|0|0|0|227550|227550|10000|10000|||96.61|95.72|-0.00|-0.11|44|44|0|10000|||109.90|109.90|0.00|-0.00|00004057|0|8|00||01|BAF8|BAF8|1.100|7FFF|e692a36a691438b7
22|2026-09-16T21:54:55.8200000-04:00|4000277D|Chaos|BAF8|Cyclone|100D83F9|Stranjer Danger|350003|74A30000|FF000014|41C0000|1B|BAF88000|0|0|0|0|0|0|0|0|0|0|226428|226428|10000|10000|||95.76|96.73|-0.01|-2.41|44|44|0|10000|||109.90|109.90|0.00|-0.00|00004057|1|8|00||01|BAF8|BAF8|1.100|7FFF|54bc28bc773e2159
22|2026-09-16T21:54:55.8200000-04:00|4000277D|Chaos|BAF8|Cyclone|100B00B3|Skyler Phoenix|350003|8FF80000|FF000014|41C0000|1B|BAF88000|0|0|0|0|0|0|0|0|0|0|227580|227580|10000|10000|||97.70|95.06|-0.01|2.60|44|44|0|10000|||109.90|109.90|0.00|-0.00|00004057|2|8|00||01|BAF8|BAF8|1.100|7FFF|3a6a7044f4cda081
22|2026-09-16T21:54:55.8200000-04:00|4000277D|Chaos|BAF8|Cyclone|1008704E|Arcane Valiance|350003|50B90000|FF000014|41C0000|1B|BAF88000|0|0|0|0|0|0|0|0|0|0|325219|325219|4000|10000|||97.37|97.25|0.92|-2.50|44|44|0|10000|||109.90|109.90|0.00|-0.00|00004057|3|8|00||01|BAF8|BAF8|1.100|7FFF|85c5b7e499614c9a
22|2026-09-16T21:54:55.8200000-04:00|4000277D|Chaos|BAF8|Cyclone|100288BD|Elie Glory|350003|726C0000|FF000014|41C0000|1B|BAF88000|0|0|0|0|0|0|0|0|0|0|204515|204515|9400|10000|||95.47|96.54|-0.00|-1.22|44|44|0|10000|||109.90|109.90|0.00|-0.00|00004057|4|8|00||01|BAF8|BAF8|1.100|7FFF|32ce53356bde8b28
22|2026-09-16T21:54:55.8200000-04:00|4000277D|Chaos|BAF8|Cyclone|100F612E|Mr Toxic|350003|6EB40000|FF000014|41C0000|1B|BAF88000|0|0|0|0|0|0|0|0|0|0|205177|205177|9300|10000|||96.72|97.64|-0.00|-2.92|44|44|0|10000|||109.90|109.90|0.00|-0.00|00004057|5|8|00||01|BAF8|BAF8|1.100|7FFF|626ec61375104195
22|2026-09-16T21:54:55.8200000-04:00|4000277D|Chaos|BAF8|Cyclone|100632C7|Evil Batusai|350003|0|FF000014|41C0000|1B|BAF88000|0|0|0|0|0|0|0|0|0|0|325133|325133|5500|10000|||98.53|96.54|-0.00|-0.73|44|44|0|10000|||109.90|109.90|0.00|-0.00|00004057|6|8|00||01|BAF8|BAF8|1.100|7FFF|f0ad8d775c7223c4
22|2026-09-16T21:54:55.8200000-04:00|4000277D|Chaos|BAF8|Cyclone|10020C04|Minda Silva|350003|6B7C0000|FF000014|41C0000|1B|BAF88000|0|0|0|0|0|0|0|0|0|0|204515|204515|7000|10000|||97.89|97.42|0.00|-1.49|44|44|0|10000|||109.90|109.90|0.00|-0.00|00004057|7|8|00||01|BAF8|BAF8|1.100|7FFF|57aeef81bd484235
264|2026-09-16T21:54:55.8200000-04:00|4000277D|BAF8|00004057|1|-0.015|-0.015|-0.015|-0.000|1003AAEE|cff151cf22e8c4d0
36|2026-09-16T21:54:55.8200000-04:00|0FC8|3|6e169691f97488b6
36|2026-09-16T21:54:55.8200000-04:00|10F4|3|70b32b50ede84f5c
36|2026-09-16T21:54:55.8200000-04:00|1220|3|c133ce522789a922
22|2026-09-16T21:54:55.8200000-04:00|4000277E|Chaos|BAF8|Cyclone|100D83F9|Stranjer Danger|350003|71B80000|FF000014|41C0000|1B|BAF88000|0|0|0|0|0|0|0|0|0|0|226428|226428|10000|10000|||95.76|96.73|-0.01|-2.41|44|44|0|10000|||109.90|109.90|0.00|-0.00|00004058|0|8|00||01|BAF8|BAF8|1.100|7FFF|e42908ad302b0292
22|2026-09-16T21:54:55.8200000-04:00|4000277E|Chaos|BAF8|Cyclone|1003AAEE|Enri Haze|350003|91A70000|FF000014|41C0000|1B|BAF88000|0|0|0|0|0|0|0|0|0|0|227550|227550|10000|10000|||96.61|95.72|-0.00|-0.11|44|44|0|10000|||109.90|109.90|0.00|-0.00|00004058|1|8|00||01|BAF8|BAF8|1.100|7FFF|d57c5af22e6b2941
22|2026-09-16T21:54:55.8200000-04:00|4000277E|Chaos|BAF8|Cyclone|100B00B3|Skyler Phoenix|350003|8AFA0000|FF000014|41C0000|1B|BAF88000|0|0|0|0|0|0|0|0|0|0|227580|227580|10000|10000|||97.70|95.06|-0.01|2.60|44|44|0|10000|||109.90|109.90|0.00|-0.00|00004058|2|8|00||01|BAF8|BAF8|1.100|7FFF|7cef48bf2868869b
22|2026-09-16T21:54:55.8200000-04:00|4000277E|Chaos|BAF8|Cyclone|1008704E|Arcane Valiance|350003|52640000|FF000014|41C0000|1B|BAF88000|0|0|0|0|0|0|0|0|0|0|325219|325219|4000|10000|||97.37|97.25|0.92|-2.50|44|44|0|10000|||109.90|109.90|0.00|-0.00|00004058|3|8|00||01|BAF8|BAF8|1.100|7FFF|2d9c6f087efdbb7c
22|2026-09-16T21:54:55.8200000-04:00|4000277E|Chaos|BAF8|Cyclone|100288BD|Elie Glory|350003|6E360000|FF000014|41C0000|1B|BAF88000|0|0|0|0|0|0|0|0|0|0|204515|204515|9400|10000|||95.47|96.54|-0.00|-1.22|44|44|0|10000|||109.90|109.90|0.00|-0.00|00004058|4|8|00||01|BAF8|BAF8|1.100|7FFF|8ecd7a15703b6911
22|2026-09-16T21:54:55.8200000-04:00|4000277E|Chaos|BAF8|Cyclone|100F612E|Mr Toxic|350003|70180000|FF000014|41C0000|1B|BAF88000|0|0|0|0|0|0|0|0|0|0|205177|205177|9300|10000|||96.72|97.64|-0.00|-2.92|44|44|0|10000|||109.90|109.90|0.00|-0.00|00004058|5|8|00||01|BAF8|BAF8|1.100|7FFF|ecb63ce4265b63a9
22|2026-09-16T21:54:55.8200000-04:00|4000277E|Chaos|BAF8|Cyclone|100632C7|Evil Batusai|350003|447A0000|FF000014|41C0000|1B|BAF88000|0|0|0|0|0|0|0|0|0|0|325133|325133|5500|10000|||98.53|96.54|-0.00|-0.73|44|44|0|10000|||109.90|109.90|0.00|-0.00|00004058|6|8|00||01|BAF8|BAF8|1.100|7FFF|cb461516b79b5822
22|2026-09-16T21:54:55.8200000-04:00|4000277E|Chaos|BAF8|Cyclone|10020C04|Minda Silva|350003|6B6E0000|FF000014|41C0000|1B|BAF88000|0|0|0|0|0|0|0|0|0|0|204515|204515|7000|10000|||97.89|97.42|0.00|-1.49|44|44|0|10000|||109.90|109.90|0.00|-0.00|00004058|7|8|00||01|BAF8|BAF8|1.100|7FFF|e4921e3574ba1e29
264|2026-09-16T21:54:55.8200000-04:00|4000277E|BAF8|00004058|1|-0.015|-0.015|-0.015|-0.000|100D83F9|5724d443b40ba652
38|2026-09-16T21:54:55.8200000-04:00|10020C04|Minda Silva|00646428|204515|204515|7000|10000|40||97.89|97.42|0.00|-1.49|0|0|0|0A0168|41F00000|E0000000|0A2C|42700000|10020C04|29D20030|44E6AC8F|10020C04|04B4|40CDFBCD|10020C04|0A31|41D2C490|10020C04|0B7A|40ADA1DB|10020C04|041C|3F74BC6A|40002780|0|0|0|0|0|0|0|0|0|0|0|0|0|0|0|0|0|0|0|0|0|0|0|0|0|0|0|0|0|0|0|0|0|0|0|0|0|0|0|0|0|0|0|0|0|0|0|0|0|0|0|0|0|0|0|0|0|0|0|0|0|0|0|0|0|0|0|0|0|0F28|3D0F6354|100288BD|079F|4088A3E5|100D83F9|0A3A|40ADA1DB|10020C04|030A53|40F645C1|10020C04|0A35|4128B02C|10020C04|C4|4040A3AF|100632C7|0F3F|40CF5C29|100288BD|FFF604C3|40ED5817|100288BD|67456d48988204a2
26|2026-09-16T21:54:55.8200000-04:00|41C|Wind Resistance Down II|0.96|40002780|Chaos|10020C04|Minda Silva|00|204515|44|806b04374f8f669f
38|2026-09-16T21:54:55.8200000-04:00|100F612E|Mr Toxic|0064642A|205177|205177|9300|10000|28||96.72|97.64|-0.00|-2.92|0|0|0|29CE0030|44245A98|100F612E|0A31|41D2C490|10020C04|041C|3F74BC6A|40002780|0B7A|40BA76DB|10020C04|0|0|0|0|0|0|0|0|0|0|0|0|0|0|0|0|0|0|0|0|0|0|0|0|0|0|0|0|0|0|0|0|0|0|0|0|0|0|0|0|0|0|0|0|0|0|0|0|0|0|0|0|0|0|0|0|0|0|0|0|0|0|0|0|0|0|0|0|0|0|0|0|0|0|0|0|0|0|0F28|3E2D1002|100288BD|0E5B|418853D6|100F612E|030E5A|0|100F612E|079F|409570B3|100D83F9|0A3A|40BA76DB|10020C04|050A53|4103B23E|10020C04|0A35|4103B23E|10020C04|C4|40270A16|100632C7|0|0|0|0F3F|40CF5C29|100288BD|FFF604C3|40E08318|100288BD|6a2215113f87fe03
26|2026-09-16T21:54:55.8200000-04:00|41C|Wind Resistance Down II|0.96|40002780|Chaos|100F612E|Mr Toxic|00|205177|44|6ad76300e6d03a8a
38|2026-09-16T21:54:55.8200000-04:00|1008704E|Arcane Valiance|00646420|325219|325219|4000|10000|20||97.37|97.25|0.92|-2.50|0|0|0|0A0168|41F00000|E0000000|0B7A|40C30221|10020C04|1E016C|41F00000|E0000000|29CE0030|44E76F8A|1008704E|02E7|0|1008704E|041C|3F74BC6A|40002780|0A31|41D2C490|10020C04|0|0|0|0|0|0|0|0|0|0|0|0|0|0|0|0|0|0|0|0|0|0|0|0|0|0|0|0|0|0|0|0|0|0|0|0|0|0|0|0|0|0|0|0|0|0|0|0|0|0|0|0|0|0|0|0|0|0|0|0|0|0|0|0|0|0|0|0|0|0F28|3F11EBEA|100288BD|0A3A|40C30221|10020C04|040A53|4107F7DF|10020C04|0A35|4159E771|10020C04|C4|4015F390|100632C7|0F3F|40CF5C29|100288BD|FFF604C3|40F199A2|100288BD|e86bdb3ff0097c81
26|2026-09-16T21:54:55.8200000-04:00|41C|Wind Resistance Down II|0.96|40002780|Chaos|1008704E|Arcane Valiance|00|325219|44|b379ffe2bbf9eb66
38|2026-09-16T21:54:55.8200000-04:00|100B00B3|Skyler Phoenix|00646416|227580|227580|10000|10000|26||97.70|95.06|-0.01|2.60|0|0|0|29CE0030|45197D20|100B00B3|041C|3F74BC6A|40002780|0B7A|40C7540F|10020C04|0A31|41D2C490|10020C04|0|0|0|0|0|0|0|0|0|0|0|0|0|0|0|0|0|0|0|0|0|0|0|0|0|0|0|0|0|0|0|0|0|0|0|0|0|0|0|0|0|0|0|0|0|0|0|0|0|0|0|0|0|0|0|0|0|0|0|0|0|0|0|0|0|0|0|0|0|0|0|0|0|0|0|0|0|0|0A3A|40C7540F|10020C04|0F28|3E9AA0A1|100288BD|0AA0|41BBFBD5|100B00B3|040A53|410A1CBC|10020C04|0A35|4123B652|10020C04|C4|404926C2|100632C7|0F3F|40CF5C29|100288BD|FFF604C3|40E9168E|100288BD|5c08d03e5d00a9d5
26|2026-09-16T21:54:55.8200000-04:00|41C|Wind Resistance Down II|0.96|40002780|Chaos|100B00B3|Skyler Phoenix|00|227580|44|ff1de79141f1743e
00|2026-09-16T21:54:55.8690000-04:00|0030||You lose the effect of Medica III.|a99f2997ddf53d03
38|2026-09-16T21:54:55.8200000-04:00|100288BD|Elie Glory|00646418|204515|204515|9400|10000|30||95.47|96.54|-0.00|-1.22|0|0|0|29D20030|4426014F|100288BD|04B4|41088311|100288BD|0B7A|40B1E365|10020C04|0A31|41D2C490|10020C04|041C|3F74BC6A|40002780|0|0|0|0|0|0|0|0|0|0|0|0|0|0|0|0|0|0|0|0|0|0|0|0|0|0|0|0|0|0|0|0|0|0|0|0|0|0|0|0|0|0|0|0|0|0|0|0|0|0|0|0|0|0|0|0|0|0|0|0|0|0|0|0|0|0|0|0|0|0|0|0|0|0|0|0|0|0|079F|408CE56E|100D83F9|0A3A|40B1E365|10020C04|0F3F|40CF5C29|100288BD|040A53|40FED107|10020C04|0A35|41268B4F|10020C04|C4|403830FE|100632C7|FFF604C3|40D39DB3|100288BD|bd8fd7354b9077d8
26|2026-09-16T21:54:55.8200000-04:00|41C|Wind Resistance Down II|0.96|40002780|Chaos|100288BD|Elie Glory|00|204515|44|82651cf7229f938f
38|2026-09-16T21:54:55.8200000-04:00|100632C7|Evil Batusai|00646413|325133|325133|5500|10000|34||98.53|96.54|-0.00|-0.73|0|0|0|0A2D|42700000|10020C04|29CE0030|44218533|100632C7|4F|0|100632C7|041C|3F74BC6A|40002780|0B7A|40B62D20|10020C04|0|0|0|0A31|41D2C490|10020C04|0|0|0|0|0|0|0|0|0|0|0|0|0|0|0|0|0|0|0|0|0|0|0|0|0|0|0|0|0|0|0|0|0|0|0|0|0|0|0|0|0|0|0|0|0|0|0|0|0|0|0|0|0|0|0|0|0|0|0|0|0|0|0|0|0|0|0|0|0|0F28|3F33F832|100288BD|040A53|4105D71B|10020C04|079F|40912F29|100D83F9|0A3A|40B62D20|10020C04|0A35|41649790|10020C04|C4|400D707D|100632C7|0F3F|40CF5C29|100288BD|FFF604C3|40E4CCD3|100288BD|0A71|C1F00000|100632C7|86749c7495730fe3
26|2026-09-16T21:54:55.8200000-04:00|A2D|Kardion|60.00|10020C04|Minda Silva|100632C7|Evil Batusai|00|325133|204515|41bea701cb761503
26|2026-09-16T21:54:55.8200000-04:00|41C|Wind Resistance Down II|0.96|40002780|Chaos|100632C7|Evil Batusai|00|325133|44|cdfd687a379d436f
38|2026-09-16T21:54:55.8200000-04:00|1003AAEE|Enri Haze|00646427|227550|227550|10000|10000|45||96.61|95.72|-0.00|-0.11|0|0|0|29CE0030|441E0CE9|1003AAEE|0B7A|40BEB867|10020C04|041C|3F74BC6A|40002780|0A31|41D2C490|10020C04|0|0|0|0|0|0|0|0|0|0|0|0|0|0|0|0|0|0|0|0|0|0|0|0|0|0|0|0|0|0|0|0|0|0|0|0|0|0|0|0|0|0|0|0|0|0|0|0|0|0|0|0|0|0|0|0|0|0|0|0|0|0|0|0|0|0|0|0|0|0|0|0|0|0|0|0|0|0|0A1D|42448A97|1003AAEE|0F3F|40CF5C29|100288BD|0F28|3EDFBF62|100288BD|0A3A|40BEB867|10020C04|040A53|41018948|10020C04|0A35|4146AC10|10020C04|C4|401E76A2|100632C7|FFF604C3|40D7E76F|100288BD|0A25|408EF1A7|1003AAEE|d7378364fd8c8764
26|2026-09-16T21:54:55.8200000-04:00|41C|Wind Resistance Down II|0.96|40002780|Chaos|1003AAEE|Enri Haze|00|227550|44|e374ec0e85d8271e
38|2026-09-16T21:54:55.8200000-04:00|100D83F9|Stranjer Danger|0064641F|226428|226428|10000|10000|31||95.76|96.73|-0.01|-2.41|0|0|0|043C|458493C7|100D83F9|29CE0030|4518C6E8|100D83F9|0A31|41D2C490|10020C04|0B7A|40CB9598|10020C04|041C|3F74BC6A|40002780|0|0|0|0|0|0|0|0|0|0|0|0|0|0|0|0|0|0|0|0|0|0|0|0|0|0|0|0|0|0|0|0|0|0|0|0|0|0|0|0|0|0|0|0|0|0|0|0|0|0|0|0|0|0|0|0|0|0|0|0|0|0|0|0|0|0|0|0|0|0|0|0|0|0|0|0F28|3F56460E|100288BD|079F|408451F8|100D83F9|0A3A|40CB9598|10020C04|030A53|40FA8F7D|10020C04|0A35|41654FE2|10020C04|C4|402F8D28|100632C7|0F3F|40CF5C29|100288BD|FFF604C3|40DC395D|100288BD|9dc2dfd98c318925
26|2026-09-16T21:54:55.8200000-04:00|41C|Wind Resistance Down II|0.96|40002780|Chaos|100D83F9|Stranjer Danger|00|226428|44|1258923bc071fd1c
38|2026-09-16T21:54:55.8620000-04:00|10020C04|Minda Silva|00646428|204515|204515|7000|10000|40||97.89|97.42|0.00|-1.49|0|0|0|0A0168|41F00000|E0000000|0A2C|42700000|10020C04|29D20030|44E6AB1E|10020C04|04B4|40CC8B29|10020C04|0A31|41D26867|10020C04|0B7A|40AC3137|10020C04|041C|3F69374B|40002780|0|0|0|0|0|0|0|0|0|0|0|0|0|0|0|0|0|0|0|0|0|0|0|0|0|0|0|0|0|0|0|0|0|0|0|0|0|0|0|0|0|0|0|0|0|0|0|0|0|0|0|0|0|0|0|0|0|0|0|0|0|0|0|0|0|0|0|0|0|0|0|0|079F|40873341|100D83F9|0A3A|40AC3137|10020C04|030A53|40F4D51D|10020C04|0A35|4127F7DA|10020C04|C4|403DC267|100632C7|0F3F|40CDEB85|100288BD|FFF604C3|40EBE773|100288BD|35a842020b7f7b3b
26|2026-09-16T21:54:55.8620000-04:00|A2C|Kardia|60.00|10020C04|Minda Silva|10020C04|Minda Silva|00|204515|204515|7734c37acfa2f270
30|2026-09-16T21:54:55.8620000-04:00|F28|Medica III|0.00|100288BD|Elie Glory|10020C04|Minda Silva|00|204515|204515|92f1a3a60da47b2c
261|2026-09-16T21:54:55.9280000-04:00|Change|100288BD|CastBuffID|0|CastDurationCurrent|0.0000|CastDurationMax|0.0000|CastTargetID|E0000000|CurrentMP|9400|Heading|-1.1317|IsCasting1|0|IsCasting2|0|PosX|95.6731|PosY|96.7511|PosZ|-0.0000|f5f9142f81dde0b2
39|2026-09-16T21:54:55.9950000-04:00|100F612E|Mr Toxic|205177|205177|9500|10000|||96.72|97.64|-0.00|-2.80|ed9d27327601aa32
261|2026-09-16T21:54:56.0490000-04:00|Change|100F612E|CurrentMP|9500|Heading|-2.5757|PosX|96.7258|PosY|97.6423|PosZ|-0.0058|c9ccfde443039721
38|2026-09-16T21:54:55.9950000-04:00|100F612E|Mr Toxic|0064642A|205177|205177|9500|10000|28||96.72|97.64|-0.00|-2.80|0|0|0|29CE0030|44244F34|100F612E|0A31|41D15804|10020C04|041C|3F472B01|40002780|0B7A|40B4C4AD|10020C04|0|0|0|0|0|0|0|0|0|0|0|0|0|0|0|0|0|0|0|0|0|0|0|0|0|0|0|0|0|0|0|0|0|0|0|0|0|0|0|0|0|0|0|0|0|0|0|0|0|0|0|0|0|0|0|0|0|0|0|0|0|0|0|0|0|0|0|0|0|0|0|0|0|0|0|0|0|0|0|0|0|0E5B|4186E74A|100F612E|030E5A|0|100F612E|079F|408FBE85|100D83F9|0A3A|40B4C4AD|10020C04|050A53|4100D928|10020C04|0A35|4100D928|10020C04|C4|401BA5BC|100632C7|0|0|0|0F3F|40C9A9FB|100288BD|FFF604C3|40DAD0EA|100288BD|6c998bf5dbd86df2
30|2026-09-16T21:54:55.9950000-04:00|F28|Medica III|0.00|100288BD|Elie Glory|100F612E|Mr Toxic|00|205177|204515|e1771dc1c60ad7b1
270|2026-09-16T21:54:56.0390000-04:00|40002A6C|-2.5470|0000|005A|102.2201|101.9760|0.1678|a58196793cb3bc5c
00|2026-09-16T21:54:56.0480000-04:00|002B||Evil BatusaiDiabolos uses Prominence.|0ffe38c948f99425
00|2026-09-16T21:54:56.0480000-04:00|0030||Mr ToxicDiabolos loses the effect of Medica III.|8565a436a2caa28e
00|2026-09-16T21:54:56.0820000-04:00|0029||   Critical! Chaos takes 23294(+54%) damage.|eef2a205781754f7
00|2026-09-16T21:54:56.0820000-04:00|002D||   Evil BatusaiDiabolos recovers 1000 MP.|87d9ba2e76ddb145
00|2026-09-16T21:54:56.0820000-04:00|002E||   Evil BatusaiDiabolos gains the effect of Divine Might.|4f3622033747a87f
261|2026-09-16T21:54:56.1250000-04:00|Change|40002A6C|Heading|-2.5513|PosX|103.9694|PosY|104.5652|PosZ|0.0000|f5c523473b3fb0fa
261|2026-09-16T21:54:56.1580000-04:00|Change|100632C7|CurrentMP|6500|Heading|-1.7340|PosX|98.0895|PosY|96.2267|PosZ|-0.0153|e03992f9e42e70f2
37|2026-09-16T21:54:56.0840000-04:00|40002A6D|Chaos|0000404E|21837953||||||91.78|90.84|-0.00|0.71|b54e74d25fb47afb
37|2026-09-16T21:54:56.0840000-04:00|100632C7|Evil Batusai|0000404E|325133|325133|6500|10000|34||98.16|96.28|-0.00|-1.65|1300|0|0|01|26000A71|0|41F00000|100632C7|75984cc9be1c37dd
38|2026-09-16T21:54:56.0840000-04:00|100632C7|Evil Batusai|00646413|325133|325133|6500|10000|34||98.16|96.28|-0.00|-1.65|0|0|0|0A2D|42700000|10020C04|29CE0030|4421741D|100632C7|4F|0|100632C7|041C|3F30624D|40002780|0B7A|40ADA1DB|10020C04|0|0|0|0A31|41D0A1BE|10020C04|0|0|0|0|0|0|0|0|0|0|0|0|0|0|0|0|0|0|0|0|0|0|0|0|0|0|0|0|0|0|0|0|0|0|0|0|0|0|0|0|0|0|0|0|0|0|0|0|0|0|0|0|0|0|0|0|0|0|0|0|0|0|0|0|0|0|0|0|0|0F28|3EDF3C2A|100288BD|040A53|4101917A|10020C04|079F|4088A3E4|100D83F9|0A3A|40ADA1DB|10020C04|0A35|416051EF|10020C04|C4|3FF8B3EC|100632C7|0F3F|40C6D0E4|100288BD|FFF604C3|40DC418E|100288BD|0A71|41EFA3D7|100632C7|c6f32735a436b8c8
38|2026-09-16T21:54:56.1280000-04:00|10020C04|Minda Silva|00646428|204515|204515|7000|10000|40||97.60|97.09|0.00|-2.35|0|0|0|0A0168|41F00000|E0000000|0A2C|42700000|10020C04|29D20030|44E6A29C|10020C04|04B4|40C40815|10020C04|0A31|41D047A1|10020C04|0B7A|40A3AE23|10020C04|041C|3F251EB8|40002780|0|0|0|0|0|0|0|0|0|0|0|0|0|0|0|0|0|0|0|0|0|0|0|0|0|0|0|0|0|0|0|0|0|0|0|0|0|0|0|0|0|0|0|0|0|0|0|0|0|0|0|0|0|0|0|0|0|0|0|0|0|0|0|0|0|0|0|0|0|0A2E|0|10020C04|079F|407D605B|100D83F9|0A3A|40A3AE23|10020C04|030A53|40EC5209|10020C04|0A35|4123B652|10020C04|C4|402CBC43|100632C7|0F3F|40C56871|100288BD|FFF604C3|40E3645F|100288BD|147056bb9cfca0c2
26|2026-09-16T21:54:56.1280000-04:00|A2E|Eukrasia|9999.00|10020C04|Minda Silva|10020C04|Minda Silva|00|204515|204515|5270fba80fa3d070
21|2026-09-16T21:54:56.1280000-04:00|10020C04|Minda Silva|5EE2|Eukrasia|10020C04|Minda Silva|3E|1068000|0|0|0|0|0|0|0|0|0|0|0|0|0|0|204515|204515|7000|10000|||97.60|97.09|0.00|-2.35|204515|204515|7000|10000|||97.60|97.09|0.00|-2.35|00004059|0|1|00||01|5EE2|5EE2|0.600|235D|fcca1ba01a799087
264|2026-09-16T21:54:56.1280000-04:00|10020C04|5EE2|00004059|0||||-2.274|10020C04|b6decf1c01a18f20
38|2026-09-16T21:54:56.1280000-04:00|100B00B3|Skyler Phoenix|00646416|227580|227580|10000|10000|26||95.28|95.56|-0.00|-2.21|0|0|0|29CE0030|45197828|100B00B3|041C|3F251EB8|40002780|0B7A|40BD6057|10020C04|0A31|41D047A1|10020C04|0|0|0|0|0|0|0|0|0|0|0|0|0|0|0|0|0|0|0|0|0|0|0|0|0|0|0|0|0|0|0|0|0|0|0|0|0|0|0|0|0|0|0|0|0|0|0|0|0|0|0|0|0|0|0|0|0|0|0|0|0|0|0|0|0|0|0|0|0|0|0|0|0|0|0|0|0|0|0A3A|40BD6057|10020C04|0|0|0|0AA0|41B97EE6|100B00B3|040A53|410522E2|10020C04|0A35|411EBC78|10020C04|C4|40353F56|100632C7|0F3F|40C56871|100288BD|FFF604C3|40DF22D6|100288BD|d47a8f42e34916a9
30|2026-09-16T21:54:56.1280000-04:00|F28|Medica III|0.00|100288BD|Elie Glory|100B00B3|Skyler Phoenix|00|227580|204515|137b923006eca5bd
31|2026-09-16T21:54:56.1280000-04:00|10020C04|32F70028|10302|00|00|d2d0286ec512e0ff
37|2026-09-16T21:54:56.1710000-04:00|40002A6D|Chaos|0000404F|21826908||||||91.78|90.84|-0.00|0.71|af8c53ec1f2d4da2
21|2026-09-16T21:54:56.1720000-04:00|40002A6C|Exdeath|C250|unknown_c250|100632C7|Evil Batusai|EC710005|249F0000|0|0|0|0|0|0|0|0|0|0|0|0|0|0|325133|325133|5500|10000|||98.16|96.28|-0.00|-1.65|25206136|37552669|10000|10000|||104.06|104.70|0.00|-2.55|0000405A|0|1|00||01|C250|C250|0.100|1A8B|28963dd6fc0bfeae
264|2026-09-16T21:54:56.1720000-04:00|40002A6C|C250|0000405A|0||||-2.490|100632C7|f8d438395033696a
00|2026-09-16T21:54:56.1810000-04:00|0030||Skyler PhoenixDiabolos loses the effect of Medica III.|f80160d250683903
00|2026-09-16T21:54:56.1810000-04:00|002E||You gain the effect of Eukrasia.|543ae2a431023c7c
00|2026-09-16T21:54:56.2670000-04:00|0030||Enri HazeSiren loses the effect of Medica III.|8885da00063f53c9
38|2026-09-16T21:54:56.2620000-04:00|1003AAEE|Enri Haze|00646427|227550|227550|10000|10000|45||96.63|95.76|-0.02|0.75|0|0|0|29CE0030|441DF06F|1003AAEE|0B7A|40B07AF4|10020C04|041C|3F02D0E4|40002780|0A31|41CF3532|10020C04|0|0|0|0|0|0|0|0|0|0|0|0|0|0|0|0|0|0|0|0|0|0|0|0|0|0|0|0|0|0|0|0|0|0|0|0|0|0|0|0|0|0|0|0|0|0|0|0|0|0|0|0|0|0|0|0|0|0|0|0|0|0|0|0|0|0|0|0|0|0|0|0|0|0|0|0|0|0|0A1D|4242C2ED|1003AAEE|0F3F|40C11EB6|100288BD|0|0|0|0A3A|40B07AF4|10020C04|040A53|40F4D51E|10020C04|0A35|413F8D59|10020C04|C4|4001FBC1|100632C7|FFF604C3|40C9A9FC|100288BD|0A25|4080B434|1003AAEE|c7c2333d8116add8
30|2026-09-16T21:54:56.2620000-04:00|F28|Medica III|0.00|100288BD|Elie Glory|1003AAEE|Enri Haze|00|227550|204515|dcdabb94e1aae70c
270|2026-09-16T21:54:56.3510000-04:00|40002A6C|-2.4901|0000|005A|101.4267|100.8773|0.1678|57d55d5bd15bdcbd
00|2026-09-16T21:54:56.3700000-04:00|002B||Chaos uses Cyclone.|3f56f6dd94315916
00|2026-09-16T21:54:56.3700000-04:00|0029||   You take 3685 damage.|dcbfe9e9b3815ace
00|2026-09-16T21:54:56.3700000-04:00|002A||   You are unaffected.|da89cc7c47ed589b
00|2026-09-16T21:54:56.3700000-04:00|0029||   Evil BatusaiDiabolos takes 0 damage.|1ed900da2fe73595
00|2026-09-16T21:54:56.3700000-04:00|002A||   Evil BatusaiDiabolos is unaffected.|c314abd2b132cf95
00|2026-09-16T21:54:56.3700000-04:00|0029||   Arcane ValianceJenova takes 0 damage.|f7d03714018bebc1
00|2026-09-16T21:54:56.3700000-04:00|002A||   Arcane ValianceJenova is unaffected.|d913a01f77d6c128
00|2026-09-16T21:54:56.3700000-04:00|0029||   Mr ToxicDiabolos takes 28809 damage.|0d33707504701004
00|2026-09-16T21:54:56.3700000-04:00|002A||   Mr ToxicDiabolos is unaffected.|f0beff2352c23660
00|2026-09-16T21:54:56.3990000-04:00|0029||   Elie GloryUltros takes 19283 damage.|8c6aef4f96be7a35
00|2026-09-16T21:54:56.3990000-04:00|002A||   Elie GloryUltros is unaffected.|ca2d90d5b06ec799
00|2026-09-16T21:54:56.3990000-04:00|0029||   Stranjer DangerSiren takes 19026 damage.|b3c3af1e5f6766c5
00|2026-09-16T21:54:56.3990000-04:00|002A||   Stranjer DangerSiren is unaffected.|29842478a4757483
00|2026-09-16T21:54:56.3990000-04:00|0029||   Enri HazeSiren takes 5411 damage.|69dfbefb262b82ce
00|2026-09-16T21:54:56.3990000-04:00|002A||   Enri HazeSiren is unaffected.|5ed2cab761e7ad09
00|2026-09-16T21:54:56.3990000-04:00|0029||   Skyler PhoenixDiabolos takes 36608 damage.|93ed209bc2c4e2c4
00|2026-09-16T21:54:56.3990000-04:00|002A||   Skyler PhoenixDiabolos is unaffected.|7dd4313cecfdba19
00|2026-09-16T21:54:56.3990000-04:00|002B||Chaos uses Cyclone.|aac39950f7bd89b5
00|2026-09-16T21:54:56.4160000-04:00|0029||   Arcane ValianceJenova takes 0 damage.|4635ac8b1b32547c
00|2026-09-16T21:54:56.4160000-04:00|002A||   Arcane ValianceJenova is unaffected.|98c6eecca0eb7cfb
00|2026-09-16T21:54:56.4160000-04:00|0029||   Mr ToxicDiabolos takes 0 damage.|71e6b93715727616
00|2026-09-16T21:54:56.4160000-04:00|002A||   Mr ToxicDiabolos is unaffected.|5d4a3661b03103a2
00|2026-09-16T21:54:56.4160000-04:00|0029||   You take 0 damage.|6659994677741ec7
00|2026-09-16T21:54:56.4160000-04:00|002A||   You are unaffected.|9a9fef500d3849bb
00|2026-09-16T21:54:56.4160000-04:00|0029||   Elie GloryUltros takes 0 damage.|a937fa68ca264619
00|2026-09-16T21:54:56.4160000-04:00|002A||   Elie GloryUltros is unaffected.|a226922a09aef163
00|2026-09-16T21:54:56.4160000-04:00|0029||   Stranjer DangerSiren takes 0 damage.|4a38d31eb6496719
00|2026-09-16T21:54:56.4460000-04:00|002A||   Stranjer DangerSiren is unaffected.|08e9359a3fafb331
00|2026-09-16T21:54:56.4460000-04:00|0029||   Evil BatusaiDiabolos takes 0 damage.|f1a5db82a8990bd4
00|2026-09-16T21:54:56.4460000-04:00|002A||   Evil BatusaiDiabolos is unaffected.|cd614d9901a32f74
00|2026-09-16T21:54:56.4460000-04:00|0029||   Enri HazeSiren takes 0 damage.|6c45dd261a50fa40
00|2026-09-16T21:54:56.4460000-04:00|002A||   Enri HazeSiren is unaffected.|f0da66a8c38b5615
00|2026-09-16T21:54:56.4460000-04:00|0029||   Skyler PhoenixDiabolos takes 11267 damage.|6526851d1ce67526
00|2026-09-16T21:54:56.4460000-04:00|002A||   Skyler PhoenixDiabolos is unaffected.|04dd4274118224f6
00|2026-09-16T21:54:56.4470000-04:00|002B||Chaos uses Cyclone.|5afe911f9cf4f8ba
00|2026-09-16T21:54:56.4470000-04:00|0029||   Mr ToxicDiabolos takes 0 damage.|6b8dc06aba136444
261|2026-09-16T21:54:56.4280000-04:00|Change|40002A65|ModelStatus|16384|73ca1c4a47b61de4
37|2026-09-16T21:54:56.3960000-04:00|40002A6D|Chaos|0000404C|21788184||||||91.78|90.84|-0.00|0.71|fdb2912ca9569b22
38|2026-09-16T21:54:56.3960000-04:00|1008704E|Arcane Valiance|00646420|325219|325219|4000|10000|20||97.37|97.25|1.18|-3.08|0|0|0|0A0168|41F00000|E0000000|0B7A|40B07AF3|10020C04|1E016C|41F00000|E0000000|29CE0030|44E75D03|1008704E|02E7|0|1008704E|041C|3EC10621|40002780|0A31|41CE22C3|10020C04|0|0|0|0|0|0|0|0|0|0|0|0|0|0|0|0|0|0|0|0|0|0|0|0|0|0|0|0|0|0|0|0|0|0|0|0|0|0|0|0|0|0|0|0|0|0|0|0|0|0|0|0|0|0|0|0|0|0|0|0|0|0|0|0|0|0|0|0|0|0|0|0|0A3A|40B07AF3|10020C04|040A53|40FD6895|10020C04|0A35|4150A3DD|10020C04|C4|3FE1CA76|100632C7|0F3F|40BCD4FB|100288BD|FFF604C3|40DF1274|100288BD|04636ff07ad97530
30|2026-09-16T21:54:56.3960000-04:00|F28|Medica III|0.00|100288BD|Elie Glory|1008704E|Arcane Valiance|00|325219|204515|962623fc5eed82b2
38|2026-09-16T21:54:56.4400000-04:00|100288BD|Elie Glory|00646418|204515|204515|9400|10000|0||96.30|97.43|-0.00|-0.86|0|0|0|29D20030|4425DC42|100288BD|04B4|40FE7EF9|100288BD|0B7A|409F5C37|10020C04|0|0|0|041C|3EC10621|40002780|0|0|0|0|0|0|0|0|0|0|0|0|0|0|0|0|0|0|0|0|0|0|0|0|0|0|0|0|0|0|0|0|0|0|0|0|0|0|0|0|0|0|0|0|0|0|0|0|0|0|0|0|0|0|0|0|0|0|0|0|0|0|0|0|0|0|0|0|0|0|0|0|0|0|0|0F40|41700000|100288BD|079F|4074BC81|100D83F9|0A3A|409F5C37|10020C04|0|0|0|040A53|40EC49D9|10020C04|0A35|411D47BB|10020C04|C4|401322A8|100632C7|FFF604C3|40C11685|100288BD|33473b7bbc7e1cb9
30|2026-09-16T21:54:56.4400000-04:00|A31|Eukrasian Prognosis|0.00|10020C04|Minda Silva|100288BD|Elie Glory|00|204515|204515|96651fcb8144ddce
26|2026-09-16T21:54:56.4400000-04:00|F40|Divine Aura|15.00|100288BD|Elie Glory|100288BD|Elie Glory|00|204515|204515|e7e95a2abfc50ef5
30|2026-09-16T21:54:56.4400000-04:00|F3F|Divine Caress|0.00|100288BD|Elie Glory|100288BD|Elie Glory|00|204515|204515|f5c5a55a1fe3fd36
00|2026-09-16T21:54:56.4650000-04:00|002A||   Mr ToxicDiabolos is unaffected.|6a54460891a039c0
00|2026-09-16T21:54:56.4650000-04:00|0029||   Elie GloryUltros takes 0 damage.|e6ac640358c0852d
00|2026-09-16T21:54:56.4650000-04:00|002A||   Elie GloryUltros is unaffected.|c01bbe5c3c881b25
00|2026-09-16T21:54:56.4650000-04:00|0029||   Arcane ValianceJenova takes 0 damage.|e52a0c41c20018ad
00|2026-09-16T21:54:56.4660000-04:00|002A||   Arcane ValianceJenova is unaffected.|7e395bc2647f31c9
00|2026-09-16T21:54:56.4660000-04:00|0029||   Stranjer DangerSiren takes 0 damage.|9675bb97c9137f6a
00|2026-09-16T21:54:56.4660000-04:00|002A||   Stranjer DangerSiren is unaffected.|eb8ba1bd53d6088f
00|2026-09-16T21:54:56.4660000-04:00|0029||   You take 0 damage.|31a91f1c8ebe7b8c
00|2026-09-16T21:54:56.4660000-04:00|002A||   You are unaffected.|a55ba973d6115f44
00|2026-09-16T21:54:56.4830000-04:00|0029||   Enri HazeSiren takes 0 damage.|128c271d34b8bb89
00|2026-09-16T21:54:56.4830000-04:00|002A||   Enri HazeSiren is unaffected.|e868a6afeaaa165c
00|2026-09-16T21:54:56.4830000-04:00|0029||   Evil BatusaiDiabolos takes 0 damage.|ead41ca451a6168a
00|2026-09-16T21:54:56.4830000-04:00|002A||   Evil BatusaiDiabolos is unaffected.|8ff5e2c9823043b7
00|2026-09-16T21:54:56.4830000-04:00|0029||   Skyler PhoenixDiabolos takes 0 damage.|4e71c3c05ba723ba
00|2026-09-16T21:54:56.4830000-04:00|002A||   Skyler PhoenixDiabolos is unaffected.|61050ba0d73653d3
00|2026-09-16T21:54:56.4830000-04:00|002B||Chaos uses Cyclone.|7ccda051c6283be8
00|2026-09-16T21:54:56.4830000-04:00|0029||   Elie GloryUltros takes 0 damage.|c27f133668c9d9d1
00|2026-09-16T21:54:56.4830000-04:00|002F||   Elie GloryUltros suffers the effect of Wind Resistance Down II.|8f5778e460b10abc
37|2026-09-16T21:54:56.4440000-04:00|100288BD|Elie Glory|00004051|204515|204515|9400|10000|8||96.30|97.43|-0.00|-0.86|1800|0|0|04|03000000|0|0|E0000000|0400041C|0|3EC10621|40002780|1E000F40|0|41700000|100288BD|21000A35|0|41700000|10020C04|d966e5176f015de0
26|2026-09-16T21:54:56.4440000-04:00|A35|Panhaima|15.00|10020C04|Minda Silva|100288BD|Elie Glory|00|204515|204515|886690401f2823bc
38|2026-09-16T21:54:56.4440000-04:00|100F612E|Mr Toxic|0064642A|205177|205177|9500|10000|8||96.73|97.64|-0.00|-2.49|0|0|0|29CE0030|4424358B|100F612E|0|0|0|041C|3EC10621|40002780|0B7A|40A7EFAD|10020C04|0|0|0|0|0|0|0|0|0|0|0|0|0|0|0|0|0|0|0|0|0|0|0|0|0|0|0|0|0|0|0|0|0|0|0|0|0|0|0|0|0|0|0|0|0|0|0|0|0|0|0|0|0|0|0|0|0|0|0|0|0|0|0|0|0|0|0|0|0|0|0|0|0|0|0|0|0|0|0A35|41700000|10020C04|0E5B|4183B209|100F612E|030E5A|0|100F612E|079F|4082E985|100D83F9|0A3A|40A7EFAD|10020C04|040A53|40F4DD51|10020C04|0F40|41700000|100288BD|C4|4001FBC0|100632C7|0|0|0|0|0|0|FFF604C3|40CDFBEA|100288BD|49eea7b46683e912
30|2026-09-16T21:54:56.4440000-04:00|A31|Eukrasian Prognosis|0.00|10020C04|Minda Silva|100F612E|Mr Toxic|00|205177|204515|e919fc35c9b362f0
26|2026-09-16T21:54:56.4440000-04:00|A35|Panhaima|15.00|10020C04|Minda Silva|100F612E|Mr Toxic|00|205177|204515|7d16c53f30350d28
26|2026-09-16T21:54:56.4440000-04:00|A53|Panhaimatinon|7.65|10020C04|Minda Silva|100F612E|Mr Toxic|04|205177|204515|bc04dbd4df71f6fd
30|2026-09-16T21:54:56.4440000-04:00|A35|Panhaima|0.00|10020C04|Minda Silva|100F612E|Mr Toxic|00|205177|204515|f093975a237f7f43
26|2026-09-16T21:54:56.4440000-04:00|F40|Divine Aura|15.00|100288BD|Elie Glory|100F612E|Mr Toxic|00|205177|204515|0c0166af3d1f5761
30|2026-09-16T21:54:56.4440000-04:00|F3F|Divine Caress|0.00|100288BD|Elie Glory|100F612E|Mr Toxic|00|205177|204515|b3eddc83565cb573
37|2026-09-16T21:54:56.4440000-04:00|100F612E|Mr Toxic|00004052|205177|205177|9500|10000|8||96.73|97.64|-0.00|-2.49|2A00|0|0|04|01000000|0|0|E0000000|1E000A35|0|41700000|10020C04|23000A53|04|40F4DD51|10020C04|24000F40|0|41700000|100288BD|d5592fc06b8e85a4
38|2026-09-16T21:54:56.4440000-04:00|1008704E|Arcane Valiance|00646420|325219|325219|4000|10000|5||97.37|97.25|1.18|-3.08|0|0|0|0A0168|41F00000|E0000000|0B7A|40B07AF3|10020C04|1E016C|41F00000|E0000000|29CE0030|44E75D03|1008704E|02E7|0|1008704E|041C|3EC10621|40002780|0|0|0|0|0|0|0|0|0|0|0|0|0|0|0|0|0|0|0|0|0|0|0|0|0|0|0|0|0|0|0|0|0|0|0|0|0|0|0|0|0|0|0|0|0|0|0|0|0|0|0|0|0|0|0|0|0|0|0|0|0|0|0|0|0|0|0|0|0|0|0|0|0A35|41700000|10020C04|0A3A|40B07AF3|10020C04|030A53|40FD6895|10020C04|0F40|41700000|100288BD|C4|3FE1CA76|100632C7|0|0|0|FFF604C3|40DF1274|100288BD|3c5ed680c6f9df7b
30|2026-09-16T21:54:56.4440000-04:00|A31|Eukrasian Prognosis|0.00|10020C04|Minda Silva|1008704E|Arcane Valiance|00|325219|204515|5a628c8017705097
26|2026-09-16T21:54:56.4440000-04:00|A35|Panhaima|15.00|10020C04|Minda Silva|1008704E|Arcane Valiance|00|325219|204515|53357bb16a9127f8
26|2026-09-16T21:54:56.4440000-04:00|A53|Panhaimatinon|7.92|10020C04|Minda Silva|1008704E|Arcane Valiance|03|325219|204515|a87bb65154659ec2
30|2026-09-16T21:54:56.4440000-04:00|A35|Panhaima|0.00|10020C04|Minda Silva|1008704E|Arcane Valiance|00|325219|204515|3fa5a34111fc36d4
26|2026-09-16T21:54:56.4440000-04:00|F40|Divine Aura|15.00|100288BD|Elie Glory|1008704E|Arcane Valiance|00|325219|204515|81a636dd99b6f59b
30|2026-09-16T21:54:56.4440000-04:00|F3F|Divine Caress|0.00|100288BD|Elie Glory|1008704E|Arcane Valiance|00|325219|204515|d91ac2febf137af7
37|2026-09-16T21:54:56.4440000-04:00|1008704E|Arcane Valiance|00004053|325219|325219|4000|10000|5||97.37|97.25|1.18|-3.08|2000|0|0|04|06000000|0|0|E0000000|1E000A35|0|41700000|10020C04|20000A53|03|40FD6895|10020C04|21000F40|0|41700000|100288BD|7ba05a777c2a16e8
38|2026-09-16T21:54:56.4440000-04:00|10020C04|Minda Silva|00646428|204515|204515|7000|10000|8||97.60|97.09|0.00|-2.35|0|0|0|0A0168|41F00000|E0000000|0A2C|42700000|10020C04|29D20030|44E69A08|10020C04|04B4|40BB749F|10020C04|0|0|0|0B7A|409B1AAD|10020C04|041C|3EC10621|40002780|0|0|0|0|0|0|0|0|0|0|0|0|0|0|0|0|0|0|0|0|0|0|0|0|0|0|0|0|0|0|0|0|0|0|0|0|0|0|0|0|0|0|0|0|0|0|0|0|0|0|0|0|0|0|0|0|0|0|0|0|0|0|0|0|0|0|0|0|0|0A2E|0|10020C04|079F|406C3971|100D83F9|0A3A|409B1AAD|10020C04|020A53|40E3BE93|10020C04|0A35|41700000|10020C04|C4|401B9559|100632C7|0F40|41700000|100288BD|FFF604C3|40DAD0E9|100288BD|b8133e9d33eaf644
30|2026-09-16T21:54:56.4440000-04:00|A31|Eukrasian Prognosis|0.00|10020C04|Minda Silva|10020C04|Minda Silva|00|204515|204515|6d2a8d60c9b3e890
26|2026-09-16T21:54:56.4440000-04:00|A53|Panhaimatinon|7.12|10020C04|Minda Silva|10020C04|Minda Silva|02|204515|204515|f8cee65126f1ced3
26|2026-09-16T21:54:56.4440000-04:00|A35|Panhaima|15.00|10020C04|Minda Silva|10020C04|Minda Silva|00|204515|204515|791d7a363dff1d46
30|2026-09-16T21:54:56.4440000-04:00|F3F|Divine Caress|0.00|100288BD|Elie Glory|10020C04|Minda Silva|00|204515|204515|d01dd01fc19ea46b
26|2026-09-16T21:54:56.4440000-04:00|F40|Divine Aura|15.00|100288BD|Elie Glory|10020C04|Minda Silva|00|204515|204515|89c1b36490160949
37|2026-09-16T21:54:56.4440000-04:00|10020C04|Minda Silva|00004054|200830|204515|7000|10000|8||97.60|97.09|0.00|-2.35|2800|0|0|04|04000000|0|0|E0000000|21000A53|02|40E3BE93|10020C04|22000A35|0|41700000|10020C04|24000F40|0|41700000|100288BD|d26ff0b7f1ce8258
38|2026-09-16T21:54:56.4440000-04:00|100632C7|Evil Batusai|00646413|325133|325133|6500|10000|5||97.91|96.09|-0.00|-1.93|0|0|0|0A2D|42700000|10020C04|29CE0030|44216026|100632C7|4F|0|100632C7|041C|3EC10621|40002780|0B7A|40A3A5F2|10020C04|0|0|0|0|0|0|0|0|0|0|0|0|0|0|0|0|0|0|0|0|0|0|0|0|0|0|0|0|0|0|0|0|0|0|0|0|0|0|0|0|0|0|0|0|0|0|0|0|0|0|0|0|0|0|0|0|0|0|0|0|0|0|0|0|0|0|0|0|0|0|0|0|0|0|0|0F28|3DFDF6C8|100288BD|030A53|40F9270D|10020C04|079F|407D4FF7|100D83F9|0A3A|40A3A5F2|10020C04|0A35|41700000|10020C04|C4|3FD0C44F|100632C7|0F40|41700000|100288BD|FFF604C3|40D245A5|100288BD|0A71|41ED24DC|100632C7|bd30c1e1f0817e46
30|2026-09-16T21:54:56.4440000-04:00|A31|Eukrasian Prognosis|0.00|10020C04|Minda Silva|100632C7|Evil Batusai|00|325133|204515|fa1fb200421eefb3
26|2026-09-16T21:54:56.4440000-04:00|A53|Panhaimatinon|7.79|10020C04|Minda Silva|100632C7|Evil Batusai|03|325133|204515|56fefa12f843aace
30|2026-09-16T21:54:56.4440000-04:00|F3F|Divine Caress|0.00|100288BD|Elie Glory|100632C7|Evil Batusai|00|325133|204515|e235a503cbf769dd
26|2026-09-16T21:54:56.4440000-04:00|F40|Divine Aura|15.00|100288BD|Elie Glory|100632C7|Evil Batusai|00|325133|204515|95b2bc91616c3f6b
37|2026-09-16T21:54:56.4440000-04:00|100632C7|Evil Batusai|00004055|325133|325133|6500|10000|5||97.91|96.09|-0.00|-1.93|1300|0|0|04|06000000|0|0|E0000000|1F000A53|03|40F9270D|10020C04|22000A35|0|41700000|10020C04|24000F40|0|41700000|100288BD|37a3e04bfbbb8ea9
00|2026-09-16T21:54:56.4560000-04:00|0029||   Mr ToxicDiabolos takes 0 damage.|0238beb8a995f93f
00|2026-09-16T21:54:56.4560000-04:00|002F||   Mr ToxicDiabolos suffers the effect of Wind Resistance Down II.|2ece969db688d19d
00|2026-09-16T21:54:56.4560000-04:00|0029||   Arcane ValianceJenova takes 0 damage.|1ba98c9f14da5636
00|2026-09-16T21:54:56.4560000-04:00|002F||   Arcane ValianceJenova suffers the effect of Wind Resistance Down II.|52578502dfe38cc3
00|2026-09-16T21:54:56.4560000-04:00|0029||   Stranjer DangerSiren takes 0 damage.|7670084e0a73ed04
00|2026-09-16T21:54:56.4570000-04:00|002F||   Stranjer DangerSiren suffers the effect of Wind Resistance Down II.|9a05add5df93f44a
00|2026-09-16T21:54:56.4570000-04:00|0029||   Enri HazeSiren takes 0 damage.|ba0b4d76e2f68470
00|2026-09-16T21:54:56.4570000-04:00|002F||   Enri HazeSiren suffers the effect of Wind Resistance Down II.|4908c0276d16852c
00|2026-09-16T21:54:56.4570000-04:00|0029||   Skyler PhoenixDiabolos takes 0 damage.|2f6e36acddeae734
38|2026-09-16T21:54:56.4440000-04:00|100B00B3|Skyler Phoenix|00646416|227580|227580|10000|10000|7||95.19|96.91|-0.00|-1.08|0|0|0|29CE0030|451973E0|100B00B3|041C|3EC10621|40002780|0B7A|40B4CCE1|10020C04|0|0|0|0|0|0|0|0|0|0|0|0|0|0|0|0|0|0|0|0|0|0|0|0|0|0|0|0|0|0|0|0|0|0|0|0|0|0|0|0|0|0|0|0|0|0|0|0|0|0|0|0|0|0|0|0|0|0|0|0|0|0|0|0|0|0|0|0|0|0|0|0|0|0|0|0|0|0|0|0|0|0A3A|40B4CCE1|10020C04|0A35|41700000|10020C04|0AA0|41B75A08|100B00B3|030A53|4100D928|10020C04|0F40|41700000|100288BD|C4|4024186C|100632C7|0|0|0|FFF604C3|40D68F60|100288BD|b1f8d0bd1e897825
30|2026-09-16T21:54:56.4440000-04:00|A31|Eukrasian Prognosis|0.00|10020C04|Minda Silva|100B00B3|Skyler Phoenix|00|227580|204515|209a52159cc285a6
26|2026-09-16T21:54:56.4440000-04:00|A35|Panhaima|15.00|10020C04|Minda Silva|100B00B3|Skyler Phoenix|00|227580|204515|c3c1db7ff66890d9
26|2026-09-16T21:54:56.4440000-04:00|A53|Panhaimatinon|8.05|10020C04|Minda Silva|100B00B3|Skyler Phoenix|03|227580|204515|a8ab4199deb85e1d
30|2026-09-16T21:54:56.4440000-04:00|A35|Panhaima|0.00|10020C04|Minda Silva|100B00B3|Skyler Phoenix|00|227580|204515|94ce71e5ad833ad7
26|2026-09-16T21:54:56.4440000-04:00|F40|Divine Aura|15.00|100288BD|Elie Glory|100B00B3|Skyler Phoenix|00|227580|204515|a2150a7a58951214
30|2026-09-16T21:54:56.4440000-04:00|F3F|Divine Caress|0.00|100288BD|Elie Glory|100B00B3|Skyler Phoenix|00|227580|204515|5a54dda7fde72619
37|2026-09-16T21:54:56.4440000-04:00|100B00B3|Skyler Phoenix|00004056|193151|227580|10000|10000|7||95.19|96.91|-0.00|-1.08|1600|0|0|04|03000000|0|0|E0000000|1F000A35|0|41700000|10020C04|21000A53|03|4100D928|10020C04|22000F40|0|41700000|100288BD|195a5827e9cfab23
38|2026-09-16T21:54:56.4440000-04:00|1003AAEE|Enri Haze|00646427|227550|227550|10000|10000|0||96.63|95.81|-0.00|0.63|0|0|0|29CE0030|441DE7DC|1003AAEE|0B7A|40AC3139|10020C04|041C|3EC10621|40002780|0|0|0|0|0|0|0|0|0|0|0|0|0|0|0|0|0|0|0|0|0|0|0|0|0|0|0|0|0|0|0|0|0|0|0|0|0|0|0|0|0|0|0|0|0|0|0|0|0|0|0|0|0|0|0|0|0|0|0|0|0|0|0|0|0|0|0|0|0|0|0|0|0|0|0|0|0|0|0|0|0|0A1D|424239B7|1003AAEE|0F40|41700000|100288BD|0|0|0|0A3A|40AC3139|10020C04|040A53|40F08B63|10020C04|0A35|413D687C|10020C04|C4|3FF2D099|100632C7|FFF604C3|40C56041|100288BD|0A25|4078D4F3|1003AAEE|b10efebe11d1d59d
30|2026-09-16T21:54:56.4440000-04:00|A31|Eukrasian Prognosis|0.00|10020C04|Minda Silva|1003AAEE|Enri Haze|00|227550|204515|b3482ccb4950de6d
30|2026-09-16T21:54:56.4440000-04:00|F3F|Divine Caress|0.00|100288BD|Elie Glory|1003AAEE|Enri Haze|00|227550|204515|655e233917e50a17
26|2026-09-16T21:54:56.4440000-04:00|F40|Divine Aura|15.00|100288BD|Elie Glory|1003AAEE|Enri Haze|00|227550|204515|2552587963d55036
37|2026-09-16T21:54:56.4440000-04:00|1003AAEE|Enri Haze|00004057|191264|227550|10000|10000|7||96.63|95.81|-0.00|0.63|2700|0|0|04|03000000|0|0|E0000000|1F000F40|0|41700000|100288BD|20000A35|0|41700000|10020C04|22000A53|03|40F08B63|10020C04|fd8a268b1a605e24
26|2026-09-16T21:54:56.4440000-04:00|A35|Panhaima|15.00|10020C04|Minda Silva|1003AAEE|Enri Haze|00|227550|204515|1e4d8c971b6d5228
26|2026-09-16T21:54:56.4440000-04:00|A53|Panhaimatinon|7.52|10020C04|Minda Silva|1003AAEE|Enri Haze|03|227550|204515|0ff3591feabc20dc
38|2026-09-16T21:54:56.4440000-04:00|100D83F9|Stranjer Danger|0064641F|226428|226428|10000|10000|7||95.75|96.98|-0.00|-1.56|0|0|0|043C|45848F27|100D83F9|29CE0030|4518BDA8|100D83F9|0|0|0|0B7A|40B90E6A|10020C04|041C|3EC10621|40002780|0|0|0|0|0|0|0|0|0|0|0|0|0|0|0|0|0|0|0|0|0|0|0|0|0|0|0|0|0|0|0|0|0|0|0|0|0|0|0|0|0|0|0|0|0|0|0|0|0|0|0|0|0|0|0|0|0|0|0|0|0|0|0|0|0|0|0|0|0|0|0|0|0|0|0|0F28|3E84196B|100288BD|079F|40639598|100D83F9|0A3A|40B90E6A|10020C04|020A53|40E8084F|10020C04|0A35|41700000|10020C04|C4|400A7ED2|100632C7|0F40|41700000|100288BD|FFF604C3|40C9B22F|100288BD|0A26|41700000|1003AAEE|c02b2b96de00c1c4
30|2026-09-16T21:54:56.4440000-04:00|A31|Eukrasian Prognosis|0.00|10020C04|Minda Silva|100D83F9|Stranjer Danger|00|226428|204515|2cd184c975a32dcd
26|2026-09-16T21:54:56.4440000-04:00|A53|Panhaimatinon|7.25|10020C04|Minda Silva|100D83F9|Stranjer Danger|02|226428|204515|6c90674c7d5b75c3
30|2026-09-16T21:54:56.4440000-04:00|F3F|Divine Caress|0.00|100288BD|Elie Glory|100D83F9|Stranjer Danger|00|226428|204515|33653483cce9fb4c
26|2026-09-16T21:54:56.4440000-04:00|F40|Divine Aura|15.00|100288BD|Elie Glory|100D83F9|Stranjer Danger|00|226428|204515|44886c5fb54c7466
26|2026-09-16T21:54:56.4440000-04:00|A26|Crest of Time Returned|15.00|1003AAEE|Enri Haze|100D83F9|Stranjer Danger|00|226428|227550|61d46173d33943cd
37|2026-09-16T21:54:56.4440000-04:00|100D83F9|Stranjer Danger|00004058|197316|226428|10000|10000|7||95.75|96.98|-0.00|-1.56|1F00|0|0|04|02000000|0|0|E0000000|21000A53|02|40E8084F|10020C04|22000A35|0|41700000|10020C04|24000F40|0|41700000|100288BD|101a1f37219ac8c6
21|2026-09-16T21:54:56.4440000-04:00|100D83F9|Stranjer Danger|08|Shot|40002A6D|Chaos|720003|17800000|0|0|0|0|0|0|0|0|0|0|0|0|0|0|21826908|37552669|10000|10000|||91.78|90.84|-0.00|0.71|226428|226428|10000|10000|||95.75|96.98|-0.00|-1.56|0000405B|0|1|00||01|08|08|0.100|B5C1|a92c79cd7002cfec
264|2026-09-16T21:54:56.4440000-04:00|100D83F9|0008|0000405B|0||||1.319|40002A6D|9232a83ea2f37ee9
38|2026-09-16T21:54:56.4440000-04:00|10020C04|Minda Silva|00646428|200830|204515|7000|10000|8||97.60|97.09|0.00|-2.35|0|0|0|0A0168|41F00000|E0000000|0A2C|42700000|10020C04|29D20030|44E6987F|10020C04|04B4|40B9EB68|10020C04|0|0|0|0B7A|40999176|10020C04|041C|3EA872AC|40002780|0|0|0|0|0|0|0|0|0|0|0|0|0|0|0|0|0|0|0|0|0|0|0|0|0|0|0|0|0|0|0|0|0|0|0|0|0|0|0|0|0|0|0|0|0|0|0|0|0|0|0|0|0|0|0|0|0|0|0|0|0|0|0|0|0|0|0|0|0|0A2E|0|10020C04|079F|40692702|100D83F9|0A3A|40999176|10020C04|020A53|40E2355C|10020C04|0A35|416F3B64|10020C04|C4|401882EA|100632C7|0F40|416F3B64|100288BD|FFF604C3|40D947B2|100288BD|0A26|416F3B64|1003AAEE|5b7b26f8a3056fd3
26|2026-09-16T21:54:56.4440000-04:00|A26|Crest of Time Returned|14.95|1003AAEE|Enri Haze|10020C04|Minda Silva|00|204515|227550|4818c1723698aa4c
38|2026-09-16T21:54:56.4440000-04:00|100F612E|Mr Toxic|0064642A|205177|205177|9500|10000|8||96.73|97.64|-0.00|-2.49|0|0|0|29CE0030|44243279|100F612E|0|0|0|041C|3EA872AC|40002780|0B7A|40A66676|10020C04|0|0|0|0|0|0|0|0|0|0|0|0|0|0|0|0|0|0|0|0|0|0|0|0|0|0|0|0|0|0|0|0|0|0|0|0|0|0|0|0|0|0|0|0|0|0|0|0|0|0|0|0|0|0|0|0|0|0|0|0|0|0|0|0|0|0|0|0|0|0|0|0|0|0|0|0|0|0|0A35|416F3B64|10020C04|0E5B|41834FBB|100F612E|030E5A|0|100F612E|079F|4081604E|100D83F9|0A3A|40A66676|10020C04|040A53|40F3541A|10020C04|0F40|416F3B64|100288BD|C4|3FFDD2A3|100632C7|0A26|416F3B64|1003AAEE|0|0|0|FFF604C3|40CC72B3|100288BD|dbf6738b7c1ba108
26|2026-09-16T21:54:56.4440000-04:00|A26|Crest of Time Returned|14.95|1003AAEE|Enri Haze|100F612E|Mr Toxic|00|205177|227550|51233a66b01bd4ff
38|2026-09-16T21:54:56.4440000-04:00|1008704E|Arcane Valiance|00646420|325219|325219|4000|10000|5||97.37|97.25|1.18|-3.08|0|0|0|0A0168|41F00000|E0000000|0B7A|40AEF1BC|10020C04|1E016C|41F00000|E0000000|29CE0030|44E75B7A|1008704E|02E7|0|1008704E|041C|3EA872AC|40002780|0|0|0|0|0|0|0|0|0|0|0|0|0|0|0|0|0|0|0|0|0|0|0|0|0|0|0|0|0|0|0|0|0|0|0|0|0|0|0|0|0|0|0|0|0|0|0|0|0|0|0|0|0|0|0|0|0|0|0|0|0|0|0|0|0|0|0|0|0|0|0|0|0A35|416F3B64|10020C04|0A3A|40AEF1BC|10020C04|030A53|40FBDF5E|10020C04|0F40|416F3B64|100288BD|C4|3FDBA599|100632C7|0A26|416F3B64|1003AAEE|FFF604C3|40DD893D|100288BD|9b968bfd8e6279b5
26|2026-09-16T21:54:56.4440000-04:00|A26|Crest of Time Returned|14.95|1003AAEE|Enri Haze|1008704E|Arcane Valiance|00|325219|227550|e85f3a678c260be5
38|2026-09-16T21:54:56.4440000-04:00|100B00B3|Skyler Phoenix|00646416|193151|227580|10000|10000|7||95.19|96.91|-0.00|-1.08|0|0|0|29CE0030|4519731B|100B00B3|041C|3EA872AC|40002780|0B7A|40B343AA|10020C04|0|0|0|0|0|0|0|0|0|0|0|0|0|0|0|0|0|0|0|0|0|0|0|0|0|0|0|0|0|0|0|0|0|0|0|0|0|0|0|0|0|0|0|0|0|0|0|0|0|0|0|0|0|0|0|0|0|0|0|0|0|0|0|0|0|0|0|0|0|0|0|0|0|0|0|0|0|0|0|0|0|0A3A|40B343AA|10020C04|0A35|416F3B64|10020C04|0AA0|41B6F7BA|100B00B3|030A53|4100148C|10020C04|0F40|416F3B64|100288BD|C4|402105FD|100632C7|0A26|416F3B64|1003AAEE|FFF604C3|40D50629|100288BD|d05cab2a881b0c82
26|2026-09-16T21:54:56.4440000-04:00|A26|Crest of Time Returned|14.95|1003AAEE|Enri Haze|100B00B3|Skyler Phoenix|00|227580|227550|935d0636e222fe2c
38|2026-09-16T21:54:56.4440000-04:00|100288BD|Elie Glory|00646418|204515|204515|9400|10000|8||96.30|97.43|-0.00|-0.86|0|0|0|29D20030|4425D930|100288BD|04B4|40FCF5C2|100288BD|0B7A|409DD300|10020C04|0|0|0|041C|3EA872AC|40002780|0|0|0|0|0|0|0|0|0|0|0|0|0|0|0|0|0|0|0|0|0|0|0|0|0|0|0|0|0|0|0|0|0|0|0|0|0|0|0|0|0|0|0|0|0|0|0|0|0|0|0|0|0|0|0|0|0|0|0|0|0|0|0|0|0|0|0|0|0|0|0|0|0|0|0|0F40|416F3B64|100288BD|079F|4071AA12|100D83F9|0A3A|409DD300|10020C04|0A35|416F3B64|10020C04|030A53|40EAC0A2|10020C04|0A26|416F3B64|1003AAEE|C4|40101039|100632C7|FFF604C3|40BF8D4E|100288BD|bfb130c46088fb58
26|2026-09-16T21:54:56.4440000-04:00|A53|Panhaimatinon|7.34|10020C04|Minda Silva|100288BD|Elie Glory|03|204515|204515|cc433b92b10599b2
30|2026-09-16T21:54:56.4440000-04:00|A35|Panhaima|0.00|10020C04|Minda Silva|100288BD|Elie Glory|00|204515|204515|ef8fc33972667b09
26|2026-09-16T21:54:56.4440000-04:00|A26|Crest of Time Returned|14.95|1003AAEE|Enri Haze|100288BD|Elie Glory|00|204515|227550|1097824fb20c563c
38|2026-09-16T21:54:56.4440000-04:00|100632C7|Evil Batusai|00646413|325133|325133|6500|10000|5||97.91|96.09|-0.00|-1.93|0|0|0|0A2D|42700000|10020C04|29CE0030|44215D14|100632C7|4F|0|100632C7|041C|3EA872AC|40002780|0B7A|40A21CBB|10020C04|0|0|0|0|0|0|0|0|0|0|0|0|0|0|0|0|0|0|0|0|0|0|0|0|0|0|0|0|0|0|0|0|0|0|0|0|0|0|0|0|0|0|0|0|0|0|0|0|0|0|0|0|0|0|0|0|0|0|0|0|0|0|0|0|0|0|0|0|0|0|0|0|0|0|0|0F28|3D9BA8F5|100288BD|030A53|40F79DD6|10020C04|079F|407A3D88|100D83F9|0A3A|40A21CBB|10020C04|0A35|416F3B64|10020C04|C4|3FCA9F72|100632C7|0F40|416F3B64|100288BD|FFF604C3|40D0BC6E|100288BD|0A71|41ECC28E|100632C7|0A26|416F3B64|1003AAEE|f1f689c822e5129f
26|2026-09-16T21:54:56.4440000-04:00|A26|Crest of Time Returned|14.95|1003AAEE|Enri Haze|100632C7|Evil Batusai|00|325133|227550|aa79b817a6b7f9a4
38|2026-09-16T21:54:56.4440000-04:00|1003AAEE|Enri Haze|00646427|191264|227550|10000|10000|7||96.63|95.81|-0.00|0.63|0|0|0|29CE0030|441DE4CA|1003AAEE|0B7A|40AAA802|10020C04|041C|3EA872AC|40002780|0|0|0|0|0|0|0|0|0|0|0|0|0|0|0|0|0|0|0|0|0|0|0|0|0|0|0|0|0|0|0|0|0|0|0|0|0|0|0|0|0|0|0|0|0|0|0|0|0|0|0|0|0|0|0|0|0|0|0|0|0|0|0|0|0|0|0|0|0|0|0|0|0|0|0|0|0|0|0|0|0|0A1D|42420890|1003AAEE|0F40|416F3B64|100288BD|0A35|416F3B64|10020C04|0A3A|40AAA802|10020C04|030A53|40EF022C|10020C04|0A26|416F3B64|1003AAEE|C4|3FECABBC|100632C7|FFF604C3|40C3D70A|100288BD|a2ec9b37d0542188
30|2026-09-16T21:54:56.4440000-04:00|A35|Panhaima|0.00|10020C04|Minda Silva|1003AAEE|Enri Haze|00|227550|204515|5a5cbac4a033b8f7
26|2026-09-16T21:54:56.4440000-04:00|A26|Crest of Time Returned|14.95|1003AAEE|Enri Haze|1003AAEE|Enri Haze|00|227550|227550|192bc7548843558e
30|2026-09-16T21:54:56.4440000-04:00|A25|Crest of Time Borrowed|0.00|1003AAEE|Enri Haze|1003AAEE|Enri Haze|00|227550|227550|1a0bcbf45d57a3a2
00|2026-09-16T21:54:56.4710000-04:00|002F||   Skyler PhoenixDiabolos suffers the effect of Wind Resistance Down II.|70fa1ddae48ecd08
00|2026-09-16T21:54:56.4710000-04:00|0029||   You take 0 damage.|24c5c803e1b93ad8
00|2026-09-16T21:54:56.4710000-04:00|002F||   You suffer the effect of Wind Resistance Down II.|4497b910bd524d6b
00|2026-09-16T21:54:56.4710000-04:00|0029||   Evil BatusaiDiabolos takes 0 damage.|7cf3be1d57d33927
00|2026-09-16T21:54:56.4710000-04:00|002F||   Evil BatusaiDiabolos suffers the effect of Wind Resistance Down II.|c89acb9c2355b4fe
00|2026-09-16T21:54:56.4710000-04:00|002B||Chaos uses Cyclone.|ad47e6f19a66aacf
00|2026-09-16T21:54:56.4710000-04:00|0029||   Evil BatusaiDiabolos takes 0 damage.|295bb1635e40a7f3
00|2026-09-16T21:54:56.4710000-04:00|002A||   Evil BatusaiDiabolos is unaffected.|c824bf85ffe02498
00|2026-09-16T21:54:56.4710000-04:00|0029||   You take 28603 damage.|295bc1bbb2e4d243
38|2026-09-16T21:54:56.4860000-04:00|100D83F9|Stranjer Danger|0064641F|197316|226428|10000|10000|7||95.26|97.50|-0.00|-0.90|0|0|0|043C|45848EC5|100D83F9|29CE0030|4518BCE3|100D83F9|0|0|0|0B7A|40B78533|10020C04|041C|3EA872AC|40002780|0|0|0|0|0|0|0|0|0|0|0|0|0|0|0|0|0|0|0|0|0|0|0|0|0|0|0|0|0|0|0|0|0|0|0|0|0|0|0|0|0|0|0|0|0|0|0|0|0|0|0|0|0|0|0|0|0|0|0|0|0|0|0|0|0|0|0|0|0|0|0|0|0|0|0|0F28|3E570BEC|100288BD|079F|40608329|100D83F9|0A3A|40B78533|10020C04|020A53|40E67F18|10020C04|0A35|416F3B64|10020C04|C4|40076C63|100632C7|0F40|416F3B64|100288BD|FFF604C3|40C828F8|100288BD|0A26|416F3B64|1003AAEE|071775409f8078d3
37|2026-09-16T21:54:56.4860000-04:00|100F612E|Mr Toxic|00004051|205177|205177|9500|10000|8||96.73|97.64|-0.00|-2.49|2A01|0|0|01|0200041C|0|3EA872AC|40002780|9e70a5b173b7c79c
37|2026-09-16T21:54:56.4860000-04:00|10020C04|Minda Silva|00004055|172227||||||97.60|97.09|0.00|-2.35|a52bd0e130f39262
37|2026-09-16T21:54:56.4860000-04:00|1003AAEE|Enri Haze|00004056|156015||||||96.65|95.91|-0.00|0.42|0915718846b900ae
37|2026-09-16T21:54:56.4860000-04:00|100D83F9|Stranjer Danger|00004057|167457||||||95.26|97.50|-0.00|-0.90|298c7a569ea1e118
37|2026-09-16T21:54:56.4860000-04:00|1003AAEE|Enri Haze|00004058|118728||||||96.65|95.91|-0.00|0.42|af952b954caf5ba1
00|2026-09-16T21:54:56.4890000-04:00|002A||   You are unaffected.|48c12315e042d02a
00|2026-09-16T21:54:56.4890000-04:00|0029||   Arcane ValianceJenova takes 19834 damage.|181c0b5a6b1f30cc
00|2026-09-16T21:54:56.4900000-04:00|002A||   Arcane ValianceJenova is unaffected.|53335f620aae1164
00|2026-09-16T21:54:56.4900000-04:00|0029||   Stranjer DangerSiren takes 29725 damage.|8b162e32701b732c
00|2026-09-16T21:54:56.4900000-04:00|002A||   Stranjer DangerSiren is unaffected.|0af9f776683f5d48
00|2026-09-16T21:54:56.4900000-04:00|0029||   Enri HazeSiren takes 35860 damage.|1b3cb44c7601c264
00|2026-09-16T21:54:56.4900000-04:00|002A||   Enri HazeSiren is unaffected.|de08a27788803acd
00|2026-09-16T21:54:56.4900000-04:00|0029||   Mr ToxicDiabolos takes 28447 damage.|431ca34c45f42cdb
00|2026-09-16T21:54:56.4900000-04:00|002A||   Mr ToxicDiabolos is unaffected.|3d6340c185a30bf7
00|2026-09-16T21:54:56.5060000-04:00|0029||   Elie GloryUltros takes 28526 damage.|df8ae04fa8342049
00|2026-09-16T21:54:56.5060000-04:00|002A||   Elie GloryUltros is unaffected.|03f1a93fb1b5912b
00|2026-09-16T21:54:56.5060000-04:00|0029||   Skyler PhoenixDiabolos takes 34315 damage.|91c325a418ae9a5f
00|2026-09-16T21:54:56.5060000-04:00|002A||   Skyler PhoenixDiabolos is unaffected.|603f76fa64524110
00|2026-09-16T21:54:56.5060000-04:00|002B||Chaos uses Cyclone.|3b605abd39d79e95
00|2026-09-16T21:54:56.5060000-04:00|0029||   Skyler PhoenixDiabolos takes 34429 damage.|a10aab9c8b7924a8
00|2026-09-16T21:54:56.5060000-04:00|002A||   Skyler PhoenixDiabolos is unaffected.|8cdb4bfa9d27c808
00|2026-09-16T21:54:56.5060000-04:00|0029||   Enri HazeSiren takes 35249 damage.|c14da620ae1e265c
00|2026-09-16T21:54:56.5060000-04:00|002A||   Enri HazeSiren is unaffected.|ae011812dd53461d
00|2026-09-16T21:54:56.5230000-04:00|0029||   Stranjer DangerSiren takes 29655 damage.|517dd3b28a4bae8f
00|2026-09-16T21:54:56.5230000-04:00|002A||   Stranjer DangerSiren is unaffected.|c37528e90bcc0c4f
00|2026-09-16T21:54:56.5230000-04:00|0029||   Elie GloryUltros takes 27160 damage.|222eefc8deb7ed30
00|2026-09-16T21:54:56.5230000-04:00|002A||   Elie GloryUltros is unaffected.|fa7421ef97853fbc
00|2026-09-16T21:54:56.5230000-04:00|0029||   Mr ToxicDiabolos takes 27653 damage.|94e937b4208fc815
00|2026-09-16T21:54:56.5230000-04:00|002A||   Mr ToxicDiabolos is unaffected.|87ac37d62404f267
00|2026-09-16T21:54:56.5230000-04:00|0029||   Arcane ValianceJenova takes 20916 damage.|24bf6cf7b71a6242
00|2026-09-16T21:54:56.5230000-04:00|002A||   Arcane ValianceJenova is unaffected.|88cb543c5f007840
00|2026-09-16T21:54:56.5230000-04:00|0029||   Evil BatusaiDiabolos takes 0 damage.|73ab881746840281
00|2026-09-16T21:54:56.5380000-04:00|002A||   Evil BatusaiDiabolos is unaffected.|bb2ea97768ba42c9
00|2026-09-16T21:54:56.5380000-04:00|0029||   You take 28927 damage.|0d1b7c526f1c6b2a
00|2026-09-16T21:54:56.5380000-04:00|002A||   You are unaffected.|028701724db2e2a9
00|2026-09-16T21:54:56.5380000-04:00|002B||Chaos uses Cyclone.|51a45dc7b9221b8f
00|2026-09-16T21:54:56.5380000-04:00|0029||   Stranjer DangerSiren takes 29112 damage.|765d705e7b9d2497
00|2026-09-16T21:54:56.5380000-04:00|002A||   Stranjer DangerSiren is unaffected.|82fcddf2a909f6c5
00|2026-09-16T21:54:56.5380000-04:00|0029||   Enri HazeSiren takes 37287 damage.|60b097977f1142ea
00|2026-09-16T21:54:56.5380000-04:00|002A||   Enri HazeSiren is unaffected.|8b24478c8c78b941
00|2026-09-16T21:54:56.5380000-04:00|0029||   Skyler PhoenixDiabolos takes 35578 damage.|d9ec8d235a8c4829
37|2026-09-16T21:54:56.5310000-04:00|1008704E|Arcane Valiance|00004051|325219|325219|4000|10000|5||97.37|97.25|-0.00|2.68|2002|0|0|01|0500041C|0|3E92F1A6|40002780|30b72b2ec5d8d346
37|2026-09-16T21:54:56.5310000-04:00|1008704E|Arcane Valiance|00004055|305385||||||97.37|97.25|-0.00|2.68|eccc816760c75c82
37|2026-09-16T21:54:56.5310000-04:00|100D83F9|Stranjer Danger|00004056|137802||||||95.26|97.50|-0.00|-0.90|21de1757c0f17128
37|2026-09-16T21:54:56.5310000-04:00|100B00B3|Skyler Phoenix|00004057|156295||||||95.34|97.90|-0.00|-0.34|ce21a50e350e961a
00|2026-09-16T21:54:56.5840000-04:00|002A||   Skyler PhoenixDiabolos is unaffected.|235183b0d619c281
37|2026-09-16T21:54:56.5310000-04:00|100B00B3|Skyler Phoenix|00004058|120717||||||95.34|97.90|-0.00|-0.34|6ca393305a431811
00|2026-09-16T21:54:56.5840000-04:00|0029||   Arcane ValianceJenova takes 21092 damage.|b64b8f2d29b8a706
00|2026-09-16T21:54:56.5840000-04:00|002A||   Arcane ValianceJenova is unaffected.|5a637704fea8f1be
00|2026-09-16T21:54:56.5840000-04:00|0029||   Elie GloryUltros takes 28214 damage.|d57989c10cb5f69a
00|2026-09-16T21:54:56.5840000-04:00|002A||   Elie GloryUltros is unaffected.|d12c57a4790fa46c
00|2026-09-16T21:54:56.5840000-04:00|0029||   Mr ToxicDiabolos takes 28696 damage.|bee6bc7735faa7a7
00|2026-09-16T21:54:56.5850000-04:00|002A||   Mr ToxicDiabolos is unaffected.|e5c64be5be34087c
00|2026-09-16T21:54:56.5850000-04:00|0029||   Evil BatusaiDiabolos takes 17530 damage.|e56bb0e349f6ba84
00|2026-09-16T21:54:56.5850000-04:00|002A||   Evil BatusaiDiabolos is unaffected.|c7950845861afde2
37|2026-09-16T21:54:56.5310000-04:00|40002A6D|Chaos|00004050|21750255||||||91.78|90.84|-0.00|0.71|9b7accad1383ac14
38|2026-09-16T21:54:56.5310000-04:00|100632C7|Evil Batusai|00646413|325133|325133|6500|10000|5||97.79|96.00|-0.00|-1.56|0|0|0|0A2D|42700000|10020C04|29CE0030|44215793|100632C7|4F|0|100632C7|041C|3E78D4F6|40002780|0B7A|409F5C38|10020C04|0|0|0|0|0|0|0|0|0|0|0|0|0|0|0|0|0|0|0|0|0|0|0|0|0|0|0|0|0|0|0|0|0|0|0|0|0|0|0|0|0|0|0|0|0|0|0|0|0|0|0|0|0|0|0|0|0|0|0|0|0|0|0|0|0|0|0|0|0|0|0|0|0|0|0|0|0|0|030A53|40F4DD53|10020C04|079F|4074BC82|100D83F9|0A3A|409F5C38|10020C04|0A35|416DDB23|10020C04|C4|3FBF9D65|100632C7|0F40|416DDB23|100288BD|FFF604C3|40CDFBEB|100288BD|0A71|41EC126D|100632C7|0A26|416DDB23|1003AAEE|2c4564d1cf670d4f
30|2026-09-16T21:54:56.5310000-04:00|F28|Medica III|0.00|100288BD|Elie Glory|100632C7|Evil Batusai|00|325133|204515|e02b77111e27a687
37|2026-09-16T21:54:56.5750000-04:00|100D83F9|Stranjer Danger|00004051|137802|226428|10000|10000|7||95.26|97.50|-0.00|-0.90|1F03|0|0|01|0400041C|0|3E78D4F6|40002780|e625cde2b889a17c
37|2026-09-16T21:54:56.5750000-04:00|100F612E|Mr Toxic|00004054|176368||||||96.73|97.64|-0.00|-2.49|35165f6f00ba5dd5
37|2026-09-16T21:54:56.5750000-04:00|100D83F9|Stranjer Danger|00004055|108077||||||95.26|97.50|-0.00|-0.90|acce79cc3008c9be
37|2026-09-16T21:54:56.5750000-04:00|100288BD|Elie Glory|00004056|177355||||||96.30|97.43|-0.00|-0.86|b5ca2f865c52af8b
37|2026-09-16T21:54:56.5750000-04:00|1008704E|Arcane Valiance|00004057|284720||||||97.37|97.25|-0.00|2.68|16303da1a040f5ac
37|2026-09-16T21:54:56.5750000-04:00|1008704E|Arcane Valiance|00004058|263628||||||97.37|97.25|-0.00|2.68|730c011ec2ed7ca2
20|2026-09-16T21:54:56.5750000-04:00|100288BD|Elie Glory|9092|Medica III|100288BD|Elie Glory|1.934|96.30|97.43|-0.00|-0.86|f341db7227038939
263|2026-09-16T21:54:56.5750000-04:00|100288BD|9092|96.300|97.429|-0.015|-0.862|85a3508a4f9e0a42
00|2026-09-16T21:54:56.6010000-04:00|0029||   You take 27502 damage.|f1f5b658d2a6ef92
00|2026-09-16T21:54:56.6010000-04:00|002A||   You are unaffected.|cb3ef6a04610ecfb
00|2026-09-16T21:54:56.6010000-04:00|002B||Chaos uses Cyclone.|97a0ad670bdfe691
00|2026-09-16T21:54:56.6010000-04:00|0029||   Enri HazeSiren takes 36286 damage.|d0b62b6344961838
00|2026-09-16T21:54:56.6010000-04:00|002A||   Enri HazeSiren is unaffected.|3a5f4d6e96b87c16
00|2026-09-16T21:54:56.6010000-04:00|0029||   Stranjer DangerSiren takes 29859 damage.|2043766ec756e4ce
00|2026-09-16T21:54:56.6010000-04:00|002A||   Stranjer DangerSiren is unaffected.|a1a91ba83dac619f
00|2026-09-16T21:54:56.6010000-04:00|0029||   Skyler PhoenixDiabolos takes 36856 damage.|6036a9a0c61d75bd
00|2026-09-16T21:54:56.6010000-04:00|002A||   Skyler PhoenixDiabolos is unaffected.|3011d01e3db68317
00|2026-09-16T21:54:56.6140000-04:00|0029||   Arcane ValianceJenova takes 20665 damage.|304b7a75fd54ad51
00|2026-09-16T21:54:56.6140000-04:00|002A||   Arcane ValianceJenova is unaffected.|d46fcd9da6b8835f
00|2026-09-16T21:54:56.6140000-04:00|0029||   Elie GloryUltros takes 29292 damage.|6ea2bb03fc65d71a
00|2026-09-16T21:54:56.6140000-04:00|002A||   Elie GloryUltros is unaffected.|66a7874a3d50ddb5
00|2026-09-16T21:54:56.6140000-04:00|0029||   Mr ToxicDiabolos takes 28340 damage.|2aee7fa2a06b789d
00|2026-09-16T21:54:56.6140000-04:00|002A||   Mr ToxicDiabolos is unaffected.|096efaa674f11503
00|2026-09-16T21:54:56.6140000-04:00|0029||   Evil BatusaiDiabolos takes 0 damage.|e56e40bd5783b09f
00|2026-09-16T21:54:56.6140000-04:00|002A||   Evil BatusaiDiabolos is unaffected.|ee78103c2dd24303
00|2026-09-16T21:54:56.6140000-04:00|0029||   You take 27516 damage.|d2da5c48e2e9bb41
00|2026-09-16T21:54:56.6330000-04:00|002A||   You are unaffected.|fae749daf2e18732
00|2026-09-16T21:54:56.6330000-04:00|002B||Elie GloryUltros casts Glare III.|0f46ff9116b52042
00|2026-09-16T21:54:56.6330000-04:00|0029||   Chaos takes 38724 damage.|ec34be09dfd7e2a7
00|2026-09-16T21:54:56.6330000-04:00|002B||You cast Eukrasia.|f5d46172f40469ed
00|2026-09-16T21:54:56.6330000-04:00|0030||Arcane ValianceJenova loses the effect of Medica III.|241d742f4059f5f2
00|2026-09-16T21:54:56.6330000-04:00|0030||Elie GloryUltros loses the effect of Eukrasian Prognosis.|ce3af1b6a3b07c89
00|2026-09-16T21:54:56.6330000-04:00|002E||Elie GloryUltros gains the effect of Divine Aura.|5ae2bd0c4f3152b5
00|2026-09-16T21:54:56.6330000-04:00|0030||Elie GloryUltros loses the effect of Divine Caress.|1a3935cd3b929007
00|2026-09-16T21:54:56.6330000-04:00|002E||Elie GloryUltros gains the effect of Panhaima.|0f2159382334de8f
00|2026-09-16T21:54:56.6500000-04:00|0030||Elie GloryUltros loses the effect of Panhaima.|2e47c4fb0a13b334
00|2026-09-16T21:54:56.6500000-04:00|0030||Mr ToxicDiabolos loses the effect of Eukrasian Prognosis.|f2b5d98f853c94ec
00|2026-09-16T21:54:56.6500000-04:00|002E||Mr ToxicDiabolos gains the effect of Panhaima.|087b3febc3b7363b
00|2026-09-16T21:54:56.6500000-04:00|0030||Mr ToxicDiabolos loses the effect of Panhaima.|ae672f7692fabd53
00|2026-09-16T21:54:56.6500000-04:00|002E||Mr ToxicDiabolos gains the effect of Divine Aura.|57eec8ba28be9979
00|2026-09-16T21:54:56.6500000-04:00|0030||Mr ToxicDiabolos loses the effect of Divine Caress.|a66934d1bd207c06
00|2026-09-16T21:54:56.6500000-04:00|0030||Arcane ValianceJenova loses the effect of Eukrasian Prognosis.|7bf39dd5d9f915b2
00|2026-09-16T21:54:56.6500000-04:00|002E||Arcane ValianceJenova gains the effect of Panhaima.|6f1449b2e90f3a49
00|2026-09-16T21:54:56.6500000-04:00|0030||Arcane ValianceJenova loses the effect of Panhaima.|cacc721732c1b08d
261|2026-09-16T21:54:56.6590000-04:00|Change|40002A64|Heading|2.3562|PosX|85.8579|PosY|114.1421|PosZ|0.0000|630da3d6a73f337a
00|2026-09-16T21:54:56.6710000-04:00|002E||Arcane ValianceJenova gains the effect of Divine Aura.|9962c8197e5b5123
00|2026-09-16T21:54:56.6710000-04:00|0030||Arcane ValianceJenova loses the effect of Divine Caress.|e580fa5463d377ad
00|2026-09-16T21:54:56.6710000-04:00|0030||You lose the effect of Eukrasian Prognosis.|66c88cbb1047953d
00|2026-09-16T21:54:56.6710000-04:00|002E||You gain the effect of Panhaima.|23c2d520b4bebcf1
00|2026-09-16T21:54:56.6710000-04:00|0030||You lose the effect of Panhaima.|dde294caca485963
00|2026-09-16T21:54:56.6710000-04:00|002E||You gain the effect of Divine Aura.|01ba77ee5eee1607
00|2026-09-16T21:54:56.6710000-04:00|0030||You lose the effect of Divine Caress.|afc5b2ac4cfb77c7
00|2026-09-16T21:54:56.6710000-04:00|0030||Evil BatusaiDiabolos loses the effect of Eukrasian Prognosis.|822bc96007855401
00|2026-09-16T21:54:56.6710000-04:00|002E||Evil BatusaiDiabolos gains the effect of Panhaima.|40391277739f2ccd
37|2026-09-16T21:54:56.6190000-04:00|1003AAEE|Enri Haze|00004051|118728|227550|10000|10000|7||96.65|95.95|-0.00|0.32|2704|0|0|01|0200041C|0|3E4AC07B|40002780|df71c3cb8bf4ea8e
37|2026-09-16T21:54:56.6190000-04:00|100288BD|Elie Glory|00004054|158072||||||96.30|97.43|-0.00|-0.86|d55ba4eee05faa49
37|2026-09-16T21:54:56.6190000-04:00|1003AAEE|Enri Haze|00004055|82868||||||96.65|95.95|-0.00|0.32|9e8e19ebc115f308
37|2026-09-16T21:54:56.6190000-04:00|100F612E|Mr Toxic|00004056|148715||||||96.73|97.64|-0.00|-2.49|eaf882d978e760ba
37|2026-09-16T21:54:56.6190000-04:00|100288BD|Elie Glory|00004057|128780||||||96.30|97.43|-0.00|-0.86|fdf1cbb152be7f6f
37|2026-09-16T21:54:56.6190000-04:00|100288BD|Elie Glory|00004058|100566||||||96.30|97.43|-0.00|-0.86|0d0632d278bf70fb
271|2026-09-16T21:54:56.6190000-04:00|40002A64|2.3562|00|00|85.8579|114.1421|0.0000|186fd4fdbf76a7a0
37|2026-09-16T21:54:56.6650000-04:00|100B00B3|Skyler Phoenix|00004051|120717|227580|10000|10000|7||95.72|98.00|-0.02|0.01|1605|0|0|01|0100041C|0|3E1DB225|40002780|77af3f9a0eaf28dd
37|2026-09-16T21:54:56.6650000-04:00|100D83F9|Stranjer Danger|00004054|89051||||||95.41|97.53|-0.02|-0.46|c532804e1efb2df7
37|2026-09-16T21:54:56.6650000-04:00|100F612E|Mr Toxic|00004055|120268||||||96.73|97.64|-0.00|-2.49|e60b70c0a41bd393
37|2026-09-16T21:54:56.6650000-04:00|1008704E|Arcane Valiance|00004056|242712||||||97.37|97.25|-0.00|2.44|9a4824101097dcd4
37|2026-09-16T21:54:56.6650000-04:00|100F612E|Mr Toxic|00004057|91928||||||96.73|97.64|-0.00|-2.49|8607ce2a2e4b2226
37|2026-09-16T21:54:56.6650000-04:00|100F612E|Mr Toxic|00004058|63232||||||96.73|97.64|-0.00|-2.49|81a93739c4555e2c
24|2026-09-16T21:54:56.6650000-04:00|40002A6C|Exdeath|DoT|0|4A77|25206136|37552669|10000|10000|||102.15|101.91|0.00|-2.52|1003AAEE|Enri Haze|FFFFFFFF|118728|227550|10000|10000|||96.65|95.95|-0.00|0.32|561f1f6726e11d9c
24|2026-09-16T21:54:56.6650000-04:00|40002A6D|Chaos|DoT|0|533D|21788184|37552669|10000|10000|||91.78|90.84|-0.00|0.71|10020C04|Minda Silva|FFFFFFFF|172227|204515|7000|10000|||97.60|97.09|0.00|-2.35|affcce507dd13347
21|2026-09-16T21:54:56.6650000-04:00|1003AAEE|Enri Haze|5F36|Waxing Slice|40002A6D|Chaos|30716003|55444001|A3E|1008000|11B|5F368000|0|0|0|0|0|0|0|0|0|0|21788184|37552669|10000|10000|||91.78|90.84|-0.00|0.71|118728|227550|10000|10000|||96.65|95.95|-0.00|0.32|0000405C|0|1|00||01|5F36|5F36|0.600|1DE6|2f03e6ac221f54fc
264|2026-09-16T21:54:56.6650000-04:00|1003AAEE|5F36|0000405C|0||||-2.408|40002A6D|097a3b88318e369b
38|2026-09-16T21:54:56.6650000-04:00|40002A6C|Exdeath|00646400|25187073|37552669|10000|10000|0||102.15|101.91|0.00|-2.52|0|0|0|0|0|0|04AB|409B127D|1003AAEE|0A9F|40B66626|100B00B3|0A38|3FE76A32|10020C04|0A0A1A|41A19FA1|1003AAEE|febe45028ddf2c6c
38|2026-09-16T21:54:56.6650000-04:00|40002A6D|Chaos|00646400|21728946|37552669|10000|10000|0||91.78|90.84|-0.00|0.71|0|0|0|0A0A1A|422F9A79|1003AAEE|0A9F|41AF3D6A|100B00B3|0|0|0|0|0|0|0A38|40D990EE|10020C04|ff149d8834cf1e25
38|2026-09-16T21:54:56.6650000-04:00|100D83F9|Stranjer Danger|0064641F|89051|226428|10000|10000|7||95.41|97.53|-0.02|-0.46|0|0|0|043C|45848D03|100D83F9|29CE0030|4518B95F|100D83F9|0|0|0|0B7A|40B07AF5|10020C04|041C|3DDF3B54|40002780|0|0|0|0|0|0|0|0|0|0|0|0|0|0|0|0|0|0|0|0|0|0|0|0|0|0|0|0|0|0|0|0|0|0|0|0|0|0|0|0|0|0|0|0|0|0|0|0|0|0|0|0|0|0|0|0|0|0|0|0|0|0|0|0|0|0|0|0|0|0|0|0|0|0|0|0|0|0|079F|40526EAE|100D83F9|0A3A|40B07AF5|10020C04|020A53|40DF74DA|10020C04|0A35|416BB646|10020C04|C4|3FF2AFD1|100632C7|0F40|416BB646|100288BD|FFF604C3|40C11EBA|100288BD|0A26|416BB646|1003AAEE|c9768dd814926cd7
30|2026-09-16T21:54:56.6650000-04:00|F28|Medica III|0.00|100288BD|Elie Glory|100D83F9|Stranjer Danger|00|226428|204515|12bdd5fc4f9d2c07
00|2026-09-16T21:54:56.6940000-04:00|0030||Evil BatusaiDiabolos loses the effect of Panhaima.|acf5596fccacd01c
00|2026-09-16T21:54:56.6940000-04:00|002E||Evil BatusaiDiabolos gains the effect of Divine Aura.|bc29e656ddc7dae3
00|2026-09-16T21:54:56.6950000-04:00|0030||Evil BatusaiDiabolos loses the effect of Divine Caress.|fde489870522264d
00|2026-09-16T21:54:56.6950000-04:00|0030||Skyler PhoenixDiabolos loses the effect of Eukrasian Prognosis.|1c3e3b4471dc623c
00|2026-09-16T21:54:56.6950000-04:00|002E||Skyler PhoenixDiabolos gains the effect of Panhaima.|ca7271f274bd5aeb
00|2026-09-16T21:54:56.6950000-04:00|0030||Skyler PhoenixDiabolos loses the effect of Panhaima.|c1475cf95862e7de
00|2026-09-16T21:54:56.6950000-04:00|002E||Skyler PhoenixDiabolos gains the effect of Divine Aura.|660891b9a683960a
00|2026-09-16T21:54:56.6950000-04:00|0030||Skyler PhoenixDiabolos loses the effect of Divine Caress.|4cf43fbd448df6c2
00|2026-09-16T21:54:56.6950000-04:00|0030||Enri HazeSiren loses the effect of Eukrasian Prognosis.|55bc54a5a75a94e5
00|2026-09-16T21:54:56.7140000-04:00|002E||Enri HazeSiren gains the effect of Divine Aura.|2a826fb2596c23eb
00|2026-09-16T21:54:56.7140000-04:00|0030||Enri HazeSiren loses the effect of Divine Caress.|28ff288f05f4e24a
00|2026-09-16T21:54:56.7140000-04:00|002E||Enri HazeSiren gains the effect of Panhaima.|f63a25735dfe7987
00|2026-09-16T21:54:56.7140000-04:00|0030||Enri HazeSiren loses the effect of Panhaima.|7674b3a2ae62dd14
00|2026-09-16T21:54:56.7140000-04:00|002E||Enri HazeSiren gains the effect of Crest of Time Returned.|07532a2fb0393a32
00|2026-09-16T21:54:56.7140000-04:00|002E||You gain the effect of Crest of Time Returned.|3634340e1af6f0d7
00|2026-09-16T21:54:56.7140000-04:00|002E||Evil BatusaiDiabolos gains the effect of Crest of Time Returned.|cb774822af07a826
00|2026-09-16T21:54:56.7140000-04:00|002E||Mr ToxicDiabolos gains the effect of Crest of Time Returned.|c41920a4a0e047c3
00|2026-09-16T21:54:56.7140000-04:00|002E||Elie GloryUltros gains the effect of Crest of Time Returned.|8f98ab81f10a5345
00|2026-09-16T21:54:56.7300000-04:00|002E||Stranjer DangerSiren gains the effect of Crest of Time Returned.|c836c690641c3ef1
00|2026-09-16T21:54:56.7300000-04:00|002E||Skyler PhoenixDiabolos gains the effect of Crest of Time Returned.|0de73d6752fd2f84
00|2026-09-16T21:54:56.7300000-04:00|002E||Arcane ValianceJenova gains the effect of Crest of Time Returned.|259e2a9b8bea19e3
00|2026-09-16T21:54:56.7300000-04:00|0030||Enri HazeSiren loses the effect of Crest of Time Borrowed.|cb957e603dd915fe
00|2026-09-16T21:54:56.7300000-04:00|0030||Stranjer DangerSiren loses the effect of Eukrasian Prognosis.|4c19ad8e3187b357
00|2026-09-16T21:54:56.7300000-04:00|002E||Stranjer DangerSiren gains the effect of Panhaima.|aaf2361aafe58e24
00|2026-09-16T21:54:56.7300000-04:00|0030||Stranjer DangerSiren loses the effect of Panhaima.|9adbe5e57c17b718
00|2026-09-16T21:54:56.7300000-04:00|002E||Stranjer DangerSiren gains the effect of Divine Aura.|9bbd2f97bede2cc5
00|2026-09-16T21:54:56.7300000-04:00|0030||Stranjer DangerSiren loses the effect of Divine Caress.|b1132fb5836d2a11
00|2026-09-16T21:54:56.7440000-04:00|0029||Stranjer DangerSiren hits Chaos for 6016 damage.|cafc3e61cd8c06d8
00|2026-09-16T21:54:56.7450000-04:00|002B||Stranjer DangerSiren uses Heated Slug Shot.|ea90caee4df5acd2
00|2026-09-16T21:54:56.7450000-04:00|0029||   Direct hit! Chaos takes 37929(+56%) damage.|60ca1f2150308aaa
00|2026-09-16T21:54:56.7450000-04:00|0030||Evil BatusaiDiabolos loses the effect of Medica III.|13196e9444a8a81b
00|2026-09-16T21:54:56.7450000-04:00|002B||Elie GloryUltros begins casting Medica III.|fb3630c78d8070f9
00|2026-09-16T21:54:56.7450000-04:00|0030||Stranjer DangerSiren loses the effect of Medica III.|aa496dedbcb854b8
37|2026-09-16T21:54:56.7090000-04:00|10020C04|Minda Silva|00004051|172227|204515|7000|10000|8||97.60|97.09|0.00|-2.35|2806|0|0|01|0600041C|0|3DDF3B54|40002780|1ca90a7df9363e11
37|2026-09-16T21:54:56.7090000-04:00|1003AAEE|Enri Haze|00004054|77457||||||96.63|96.00|-0.00|-2.41|6c0740bd7729f16d
37|2026-09-16T21:54:56.7090000-04:00|100288BD|Elie Glory|00004055|72040||||||96.30|97.43|-0.00|-0.86|52ae16d5bc9dfac2
37|2026-09-16T21:54:56.7090000-04:00|100632C7|Evil Batusai|00004058|307603||||||97.72|95.94|-0.00|-0.14|5f71387562f29a79
22|2026-09-16T21:54:56.7090000-04:00|40002A64|Kefka|BAE3|Ultima Blaster|100B00B3|Skyler Phoenix|750003|0|1B|BAE38000|0|0|0|0|0|0|0|0|0|0|0|0|120717|227580|10000|10000|||96.66|97.78|-0.00|0.63|9415000|9415000|10000|10000|||85.86|114.14|0.00|2.36|0000405D|0|8|00||01|BAE3|BAE3|1.800|DFFF|3f98abc239b4fb06
22|2026-09-16T21:54:56.7090000-04:00|40002A64|Kefka|BAE3|Ultima Blaster|100288BD|Elie Glory|750003|0|1B|BAE38000|0|0|0|0|0|0|0|0|0|0|0|0|100566|204515|9400|10000|||96.30|97.43|-0.00|-0.86|9415000|9415000|10000|10000|||85.86|114.14|0.00|2.36|0000405D|1|8|00||01|BAE3|BAE3|1.800|DFFF|08e2b77305ac2afa
22|2026-09-16T21:54:56.7090000-04:00|40002A64|Kefka|BAE3|Ultima Blaster|100F612E|Mr Toxic|750003|0|1B|BAE38000|0|0|0|0|0|0|0|0|0|0|0|0|63232|205177|9500|10000|||96.73|97.64|-0.00|-2.49|9415000|9415000|10000|10000|||85.86|114.14|0.00|2.36|0000405D|2|8|00||01|BAE3|BAE3|1.800|DFFF|5e97f2db68a90f2c
22|2026-09-16T21:54:56.7090000-04:00|40002A64|Kefka|BAE3|Ultima Blaster|100D83F9|Stranjer Danger|750003|0|1B|BAE38000|0|0|0|0|0|0|0|0|0|0|0|0|89051|226428|10000|10000|||96.05|97.35|-0.00|0.47|9415000|9415000|10000|10000|||85.86|114.14|0.00|2.36|0000405D|3|8|00||01|BAE3|BAE3|1.800|DFFF|46b6a2f52570fc1f
22|2026-09-16T21:54:56.7090000-04:00|40002A64|Kefka|BAE3|Ultima Blaster|1008704E|Arcane Valiance|750003|0|1B|BAE38000|0|0|0|0|0|0|0|0|0|0|0|0|242712|325219|4000|10000|||97.37|97.25|-0.00|2.05|9415000|9415000|10000|10000|||85.86|114.14|0.00|2.36|0000405D|4|8|00||01|BAE3|BAE3|1.800|DFFF|fa6fd8c7883e159f
22|2026-09-16T21:54:56.7090000-04:00|40002A64|Kefka|BAE3|Ultima Blaster|10020C04|Minda Silva|750003|0|1B|BAE38000|0|0|0|0|0|0|0|0|0|0|0|0|172227|204515|7000|10000|||97.60|97.09|0.00|-2.35|9415000|9415000|10000|10000|||85.86|114.14|0.00|2.36|0000405D|5|8|00||01|BAE3|BAE3|1.800|DFFF|b3bf61e3c2be4ab6
22|2026-09-16T21:54:56.7090000-04:00|40002A64|Kefka|BAE3|Ultima Blaster|1003AAEE|Enri Haze|750003|0|1B|BAE38000|0|0|0|0|0|0|0|0|0|0|0|0|82868|227550|10000|10000|||96.63|96.00|-0.00|-2.41|9415000|9415000|10000|10000|||85.86|114.14|0.00|2.36|0000405D|6|8|00||01|BAE3|BAE3|1.800|DFFF|adadd145f1ae5c16
22|2026-09-16T21:54:56.7090000-04:00|40002A64|Kefka|BAE3|Ultima Blaster|100632C7|Evil Batusai|750003|0|1B|BAE38000|0|0|0|0|0|0|0|0|0|0|0|0|325133|325133|6500|10000|||97.72|95.94|-0.00|-0.14|9415000|9415000|10000|10000|||85.86|114.14|0.00|2.36|0000405D|7|8|00||01|BAE3|BAE3|1.800|DFFF|c34e1f881ad71ca9
264|2026-09-16T21:54:56.7090000-04:00|40002A64|BAE3|0000405D|1|-0.015|-0.015|-0.015|2.356|40002A64|5d417c811883b48c
37|2026-09-16T21:54:56.7530000-04:00|100632C7|Evil Batusai|00004051|307603|325133|6500|10000|4||97.72|95.94|-0.00|-0.14|1307|0|0|01|0300041C|0|3D83125E|40002780|329148c529aac188
37|2026-09-16T21:54:56.7530000-04:00|100B00B3|Skyler Phoenix|00004052|120717|227580|10000|10000|4||96.66|97.78|-0.00|0.63|1607|0|0|0|e1b709fa774431b0
37|2026-09-16T21:54:56.7530000-04:00|100B00B3|Skyler Phoenix|00004053|109450||||||96.66|97.78|-0.00|0.63|f2c0fa2102f5975b
37|2026-09-16T21:54:56.7530000-04:00|100B00B3|Skyler Phoenix|00004054|72842||||||96.66|97.78|-0.00|0.63|6105b5d09f98e808
37|2026-09-16T21:54:56.7530000-04:00|100B00B3|Skyler Phoenix|00004055|38527||||||96.66|97.78|-0.00|0.63|20243e930cb297cf
37|2026-09-16T21:54:56.7530000-04:00|10020C04|Minda Silva|00004056|143300|204515|7000|10000|5||97.60|97.09|0.00|-2.35|2807|0|0|0|98b002ede47c6415
37|2026-09-16T21:54:56.7530000-04:00|10020C04|Minda Silva|00004057|115784||||||97.60|97.09|0.00|-2.35|5ef5298cfa170c7f
37|2026-09-16T21:54:56.7530000-04:00|10020C04|Minda Silva|00004058|88282||||||97.60|97.09|0.00|-2.35|6af73bc966734597
261|2026-09-16T21:54:56.7860000-04:00|Change|40002A64|ModelStatus|0|f12fcceb3ebe6ce4
00|2026-09-16T21:54:56.8480000-04:00|0029||Blocked! Exdeath hits Evil BatusaiDiabolos for 9375(-20%) damage.|d437869dc7e1c23f
00|2026-09-16T21:54:56.8480000-04:00|0031||You recover from the effect of Wind Resistance Down II.|c9f46c954c95f575
00|2026-09-16T21:54:56.8480000-04:00|0031||Mr ToxicDiabolos recovers from the effect of Wind Resistance Down II.|1bd66a2548057fd1
00|2026-09-16T21:54:56.8480000-04:00|0031||Arcane ValianceJenova recovers from the effect of Wind Resistance Down II.|b8c51582c74af42e
00|2026-09-16T21:54:56.8480000-04:00|0031||Skyler PhoenixDiabolos recovers from the effect of Wind Resistance Down II.|f71341b48d21744c
00|2026-09-16T21:54:56.8480000-04:00|0031||Elie GloryUltros recovers from the effect of Wind Resistance Down II.|b6461c798d3e0c46
00|2026-09-16T21:54:56.8480000-04:00|0031||Evil BatusaiDiabolos recovers from the effect of Wind Resistance Down II.|a5509cff15204d1e
00|2026-09-16T21:54:56.8480000-04:00|0031||Enri HazeSiren recovers from the effect of Wind Resistance Down II.|c04f29d0d79ba3f8
00|2026-09-16T21:54:56.8480000-04:00|0031||Stranjer DangerSiren recovers from the effect of Wind Resistance Down II.|7d87da54a0703492
261|2026-09-16T21:54:56.8420000-04:00|Change|10020C04|CurrentMP|7200|Heading|-2.3495|PosX|97.6015|PosY|97.0948|4fb92f8fb171167d
38|2026-09-16T21:54:56.7990000-04:00|10020C04|Minda Silva|00646428|88282|204515|7000|10000|5||97.60|97.09|0.00|-2.35|0|0|0|0A0168|41F00000|E0000000|0A2C|42700000|10020C04|29D20030|44E68D2B|10020C04|04B4|40AE976F|10020C04|0|0|0|0B7A|408E3D7D|10020C04|0|0|0|0|0|0|0|0|0|0|0|0|0|0|0|0|0|0|0|0|0|0|0|0|0|0|0|0|0|0|0|0|0|0|0|0|0|0|0|0|0|0|0|0|0|0|0|0|0|0|0|0|0|0|0|0|0|0|0|0|0|0|0|0|0|0|0|0|0|0|0|0|0A2E|0|10020C04|079F|40527F12|100D83F9|0A3A|408E3D7D|10020C04|020A53|40D6E163|10020C04|0A35|41699169|10020C04|C4|4001DAFA|100632C7|0F40|41699169|100288BD|FFF604C3|40CDF3B9|100288BD|0A26|41699169|1003AAEE|cbd52a4b8ab6a236
30|2026-09-16T21:54:56.7990000-04:00|41C|Wind Resistance Down II|0.00|40002780|Chaos|10020C04|Minda Silva|00|204515|44|af47f7dba8f12abf
38|2026-09-16T21:54:56.7990000-04:00|100F612E|Mr Toxic|0064642A|63232|205177|9500|10000|5||96.73|97.65|-0.02|-2.60|0|0|0|29CE0030|44241BD2|100F612E|0|0|0|0|0|0|0B7A|409B127D|10020C04|0|0|0|0|0|0|0|0|0|0|0|0|0|0|0|0|0|0|0|0|0|0|0|0|0|0|0|0|0|0|0|0|0|0|0|0|0|0|0|0|0|0|0|0|0|0|0|0|0|0|0|0|0|0|0|0|0|0|0|0|0|0|0|0|0|0|0|0|0|0|0|0|0|0|0|0|0|0|0A35|41699169|10020C04|0E5B|41807ABC|100F612E|030E5A|0|100F612E|079F|406C18AD|100D83F9|0A3A|409B127D|10020C04|040A53|40E80021|10020C04|0F40|41699169|100288BD|C4|3FD082C4|100632C7|0A26|41699169|1003AAEE|0|0|0|FFF604C3|40C11EBA|100288BD|0e440db331829106
30|2026-09-16T21:54:56.7990000-04:00|41C|Wind Resistance Down II|0.00|40002780|Chaos|100F612E|Mr Toxic|00|205177|44|cc7886f53ae7bea8
38|2026-09-16T21:54:56.7990000-04:00|1008704E|Arcane Valiance|00646420|242712|325219|4000|10000|4||97.37|97.25|-0.00|1.87|0|0|0|0A0168|41F00000|E0000000|0B7A|40A39DC3|10020C04|1E016C|41F00000|E0000000|29CE0030|44E75026|1008704E|02E7|0|1008704E|0|0|0|0|0|0|0|0|0|0|0|0|0|0|0|0|0|0|0|0|0|0|0|0|0|0|0|0|0|0|0|0|0|0|0|0|0|0|0|0|0|0|0|0|0|0|0|0|0|0|0|0|0|0|0|0|0|0|0|0|0|0|0|0|0|0|0|0|0|0|0|0|0|0|0|0A35|41699169|10020C04|0A3A|40A39DC3|10020C04|030A53|40F08B65|10020C04|0F40|41699169|100288BD|C4|3FAE55BA|100632C7|0A26|41699169|1003AAEE|FFF604C3|40D23544|100288BD|99f0baadb9556228
30|2026-09-16T21:54:56.7990000-04:00|41C|Wind Resistance Down II|0.00|40002780|Chaos|1008704E|Arcane Valiance|00|325219|44|032ef7dbe3440593
38|2026-09-16T21:54:56.7990000-04:00|100B00B3|Skyler Phoenix|00646416|38527|227580|10000|10000|4||97.17|97.67|-0.00|0.96|0|0|0|29CE0030|45196D73|100B00B3|0|0|0|0B7A|40A7EFB1|10020C04|0|0|0|0|0|0|0|0|0|0|0|0|0|0|0|0|0|0|0|0|0|0|0|0|0|0|0|0|0|0|0|0|0|0|0|0|0|0|0|0|0|0|0|0|0|0|0|0|0|0|0|0|0|0|0|0|0|0|0|0|0|0|0|0|0|0|0|0|0|0|0|0|0|0|0|0|0|0|0|0|0|0A3A|40A7EFB1|10020C04|0A35|41699169|10020C04|0AA0|41B422BB|100B00B3|030A53|40F4D51F|10020C04|0F40|41699169|100288BD|C4|400A5E0D|100632C7|0A26|41699169|1003AAEE|FFF604C3|40C9B230|100288BD|bb21594e9c33e809
30|2026-09-16T21:54:56.7990000-04:00|41C|Wind Resistance Down II|0.00|40002780|Chaos|100B00B3|Skyler Phoenix|00|227580|44|fac6a59e02559664
38|2026-09-16T21:54:56.7990000-04:00|100288BD|Elie Glory|00646418|72040|204515|9400|10000|5||96.30|97.43|-0.00|-0.86|0|0|0|29D20030|4425C289|100288BD|04B4|40F1A1C9|100288BD|0B7A|40927F07|10020C04|0|0|0|0|0|0|0|0|0|0|0|0|0|0|0|0|0|0|0|0|0|0|0|0|0|0|0|0|0|0|0|0|0|0|0|0|0|0|0|0|0|0|0|0|0|0|0|0|0|0|0|0|0|0|0|0|0|0|0|0|0|0|0|0|0|0|0|0|0|0|0|0|0|0|0|0|0|0|0|0|0|0F40|41699169|100288BD|079F|405B0222|100D83F9|0A3A|40927F07|10020C04|0A35|41699169|10020C04|030A53|40DF6CA9|10020C04|0A26|41699169|1003AAEE|C4|3FF2D093|100632C7|FFF604C3|40B43955|100288BD|a0d6542a4e72d450
30|2026-09-16T21:54:56.7990000-04:00|41C|Wind Resistance Down II|0.00|40002780|Chaos|100288BD|Elie Glory|00|204515|44|333d454060da5d4b
38|2026-09-16T21:54:56.7990000-04:00|100632C7|Evil Batusai|00646413|307603|325133|6500|10000|4||97.80|96.00|-0.02|0.15|0|0|0|0A2D|42700000|10020C04|29CE0030|4421466D|100632C7|4F|0|100632C7|0|0|0|0B7A|4096C8C2|10020C04|0|0|0|0|0|0|0|0|0|0|0|0|0|0|0|0|0|0|0|0|0|0|0|0|0|0|0|0|0|0|0|0|0|0|0|0|0|0|0|0|0|0|0|0|0|0|0|0|0|0|0|0|0|0|0|0|0|0|0|0|0|0|0|0|0|0|0|0|0|0|0|0|0|0|0|0|0|0|030A53|40EC49DD|10020C04|079F|40639598|100D83F9|0A3A|4096C8C2|10020C04|0A35|41699169|10020C04|C4|3F9D4F93|100632C7|0F40|41699169|100288BD|FFF604C3|40C56875|100288BD|0A71|41E9ED8F|100632C7|0A26|41699169|1003AAEE|0b2eb620761c3987
30|2026-09-16T21:54:56.7990000-04:00|41C|Wind Resistance Down II|0.00|40002780|Chaos|100632C7|Evil Batusai|00|325133|44|b7b81f009f33e25e
38|2026-09-16T21:54:56.7990000-04:00|1003AAEE|Enri Haze|00646427|77457|227550|10000|10000|4||96.62|96.02|-0.00|-2.41|0|0|0|29CE0030|441DCE23|1003AAEE|0B7A|409F5409|10020C04|0|0|0|0|0|0|0|0|0|0|0|0|0|0|0|0|0|0|0|0|0|0|0|0|0|0|0|0|0|0|0|0|0|0|0|0|0|0|0|0|0|0|0|0|0|0|0|0|0|0|0|0|0|0|0|0|0|0|0|0|0|0|0|0|0|0|0|0|0|0|0|0|0|0|0|0|0|0|0|0|0|0|0|0|0A1D|42409E14|1003AAEE|0F40|41699169|100288BD|0A35|41699169|10020C04|0A3A|409F5409|10020C04|030A53|40E3AE33|10020C04|0A26|41699169|1003AAEE|C4|3FBF5BDD|100632C7|FFF604C3|40B88311|100288BD|5fb2dfb2bd0a3c02
30|2026-09-16T21:54:56.7990000-04:00|41C|Wind Resistance Down II|0.00|40002780|Chaos|1003AAEE|Enri Haze|00|227550|44|35386e47657fae12
38|2026-09-16T21:54:56.7990000-04:00|100D83F9|Stranjer Danger|0064641F|89051|226428|10000|10000|5||96.40|97.26|-0.00|0.97|0|0|0|043C|45848BF1|100D83F9|29CE0030|4518B73B|100D83F9|0|0|0|0B7A|40AC313A|10020C04|0|0|0|0|0|0|0|0|0|0|0|0|0|0|0|0|0|0|0|0|0|0|0|0|0|0|0|0|0|0|0|0|0|0|0|0|0|0|0|0|0|0|0|0|0|0|0|0|0|0|0|0|0|0|0|0|0|0|0|0|0|0|0|0|0|0|0|0|0|0|0|0|0|0|0|0|0|0|0|0|0|079F|4049DB39|100D83F9|0A3A|40AC313A|10020C04|020A53|40DB2B1F|10020C04|0A35|41699169|10020C04|C4|3FE188E8|100632C7|0F40|41699169|100288BD|FFF604C3|40BCD4FF|100288BD|0A26|41699169|1003AAEE|01658bc50cd5d015
30|2026-09-16T21:54:56.7990000-04:00|41C|Wind Resistance Down II|0.00|40002780|Chaos|100D83F9|Stranjer Danger|00|226428|44|47396d9c9e48b36a
39|2026-09-16T21:54:56.8420000-04:00|10020C04|Minda Silva|90327|204515|7200|10000|||97.60|97.09|0.00|-2.35|beebc6375a4d1786
261|2026-09-16T21:54:56.9260000-04:00|Change|100288BD|CastBuffID|37010|CastDurationCurrent|0.3486|CastDurationMax|1.9340|CastTargetID|100288BD|Heading|-0.8615|IsCasting1|1|IsCasting2|1|PosX|96.2997|PosY|97.4288|PosZ|-0.0000|8fb09c99369018b6
261|2026-09-16T21:54:56.9260000-04:00|Remove|40002AAF|97e15ea869526df2
270|2026-09-16T21:54:56.8860000-04:00|40002A6C|-2.5704|0000|005A|101.4267|100.8773|0.1678|834fd5638d8a9c30
00|2026-09-16T21:54:57.0230000-04:00|0029||Critical! Evil BatusaiDiabolos hits Exdeath for 7050 damage.|b8976501b7a959a9
37|2026-09-16T21:54:56.9760000-04:00|100632C7|Evil Batusai|0000405A|298228||||||98.41|96.49|-0.00|0.51|266fed01f10f2953
21|2026-09-16T21:54:56.9760000-04:00|40002A6D|Chaos|C252|unknown_c252|1008704E|Arcane Valiance|730003|9030000|0|0|0|0|0|0|0|0|0|0|0|0|0|0|242712|325219|4000|10000|||97.37|97.25|1.38|1.44|21728946|37552669|10000|10000|||91.78|90.84|-0.00|0.71|0000405E|0|1|00||01|C252|C252|0.100|9D16|dc652c59c6917ee8
264|2026-09-16T21:54:56.9760000-04:00|40002A6D|C252|0000405E|0||||0.714|1008704E|b2b9c624773ff0d9
21|2026-09-16T21:54:57.0200000-04:00|100632C7|Evil Batusai|07|attack|40002A6C|Exdeath|712003|1B8A0000|0|0|0|0|0|0|0|0|0|0|0|0|0|0|25187073|37552669|10000|10000|||101.43|100.88|0.00|-2.50|307603|325133|6500|10000|||98.41|96.49|-0.00|0.51|0000405F|0|1|00||01|07|07|0.100|A82A|229ec2646514e46b
264|2026-09-16T21:54:57.0200000-04:00|100632C7|0007|0000405F|0||||0.986|40002A6C|da790abbe75b5c43
00|2026-09-16T21:54:57.0410000-04:00|002B||Kefka uses Ultima Blaster.|936472713993f1eb
00|2026-09-16T21:54:57.0410000-04:00|0029||   Skyler PhoenixDiabolos takes 0 damage.|4b1ac1b7be75a8b4
00|2026-09-16T21:54:57.0410000-04:00|0029||   Elie GloryUltros takes 0 damage.|f0c598553fde8f77
00|2026-09-16T21:54:57.0410000-04:00|0029||   Mr ToxicDiabolos takes 0 damage.|14302f495643b3a8
00|2026-09-16T21:54:57.0410000-04:00|0029||   Stranjer DangerSiren takes 0 damage.|78e375b168315629
00|2026-09-16T21:54:57.0410000-04:00|0029||   Arcane ValianceJenova takes 0 damage.|f0b925521ffe9b53
00|2026-09-16T21:54:57.0410000-04:00|0029||   You take 0 damage.|befcf35665743471
00|2026-09-16T21:54:57.0410000-04:00|0029||   Enri HazeSiren takes 0 damage.|f61795c3334bfa90
00|2026-09-16T21:54:57.0410000-04:00|0029||   Evil BatusaiDiabolos takes 0 damage.|96b129d09db45cbc
00|2026-09-16T21:54:57.1590000-04:00|002B||Enri HazeSiren uses Waxing Slice.|264fca262495f49a
00|2026-09-16T21:54:57.1590000-04:00|0029||   Critical direct hit! Chaos takes 87364(+48%) damage.|f8fbea6e3cd0640f
00|2026-09-16T21:54:57.1590000-04:00|0030||You lose the effect of Eukrasia.|fc96acc688cfd94e
261|2026-09-16T21:54:57.1310000-04:00|Change|1008704E|CurrentMP|4200|Heading|1.1867|PosX|97.3678|PosY|97.2457|PosZ|1.7853|c523f45f5ae7fdce
39|2026-09-16T21:54:57.1100000-04:00|1008704E|Arcane Valiance|245964|325219|4200|10000|||97.37|97.25|1.79|1.24|7d36a699b5463016
22|2026-09-16T21:54:57.1100000-04:00|10020C04|Minda Silva|90AA|Eukrasian Prognosis II|10020C04|Minda Silva|200004|33080000|B60E|A310000|1B|90AA8000|0|0|0|0|0|0|0|0|0|0|90327|204515|7200|10000|||97.60|97.09|0.00|-2.35|90327|204515|7200|10000|||97.60|97.09|0.00|-2.35|00004060|0|8|00||01|90AA|90AA|0.600|2045|1c8b42754d2fa9ba
22|2026-09-16T21:54:57.1100000-04:00|10020C04|Minda Silva|90AA|Eukrasian Prognosis II|1008704E|Arcane Valiance|4|1F660000|80E|A310000|1B|90AA8000|0|0|0|0|0|0|0|0|0|0|242712|325219|4000|10000|||97.37|97.25|1.79|1.24|90327|204515|7200|10000|||97.60|97.09|0.00|-2.35|00004060|1|8|00||01|90AA|90AA|0.600|2045|8a3aa2e90a2f0245
22|2026-09-16T21:54:57.1100000-04:00|10020C04|Minda Silva|90AA|Eukrasian Prognosis II|100D83F9|Stranjer Danger|4|200A0000|570E|A310000|1B|90AA8000|0|0|0|0|0|0|0|0|0|0|89051|226428|10000|10000|||95.20|97.52|-0.00|-0.10|90327|204515|7200|10000|||97.60|97.09|0.00|-2.35|00004060|2|8|00||01|90AA|90AA|0.600|2045|4e987b4e772dd969
22|2026-09-16T21:54:57.1100000-04:00|10020C04|Minda Silva|90AA|Eukrasian Prognosis II|100F612E|Mr Toxic|4|20E80000|760E|A310000|1B|90AA8000|0|0|0|0|0|0|0|0|0|0|63232|205177|9500|10000|||96.76|97.67|-0.02|1.99|90327|204515|7200|10000|||97.60|97.09|0.00|-2.35|00004060|3|8|00||01|90AA|90AA|0.600|2045|67a64d2b1a364466
22|2026-09-16T21:54:57.1100000-04:00|10020C04|Minda Silva|90AA|Eukrasian Prognosis II|100B00B3|Skyler Phoenix|4|20B20000|B40E|A310000|1B|90AA8000|0|0|0|0|0|0|0|0|0|0|38527|227580|10000|10000|||95.88|96.84|-0.00|-0.53|90327|204515|7200|10000|||97.60|97.09|0.00|-2.35|00004060|4|8|00||01|90AA|90AA|0.600|2045|5c6886101a91c938
22|2026-09-16T21:54:57.1100000-04:00|10020C04|Minda Silva|90AA|Eukrasian Prognosis II|100288BD|Elie Glory|4|1FB30000|1E0E|A310000|1B|90AA8000|0|0|0|0|0|0|0|0|0|0|72040|204515|9400|10000|||96.30|97.43|-0.00|-0.86|90327|204515|7200|10000|||97.60|97.09|0.00|-2.35|00004060|5|8|00||01|90AA|90AA|0.600|2045|f66db5f35392e019
22|2026-09-16T21:54:57.1100000-04:00|10020C04|Minda Silva|90AA|Eukrasian Prognosis II|100632C7|Evil Batusai|200004|34510000|560E|A310000|1B|90AA8000|0|0|0|0|0|0|0|0|0|0|298228|325133|6500|10000|||98.61|96.66|-0.00|0.74|90327|204515|7200|10000|||97.60|97.09|0.00|-2.35|00004060|6|8|00||01|90AA|90AA|0.600|2045|ee095668deca019e
22|2026-09-16T21:54:57.1100000-04:00|10020C04|Minda Silva|90AA|Eukrasian Prognosis II|1003AAEE|Enri Haze|4|20EA0000|7D0E|A310000|1B|90AA8000|0|0|0|0|0|0|0|0|0|0|77457|227550|10000|10000|||96.06|96.05|-0.00|-2.23|90327|204515|7200|10000|||97.60|97.09|0.00|-2.35|00004060|7|8|00||01|90AA|90AA|0.600|2045|456985c491f36710
264|2026-09-16T21:54:57.1100000-04:00|10020C04|90AA|00004060|1|-0.015|-0.015|-0.015|-2.350|10020C04|b5bfd83ce374827f
38|2026-09-16T21:54:57.1100000-04:00|10020C04|Minda Silva|00646428|90327|204515|6400|10000|28||97.60|97.09|0.00|-2.35|0|0|0|0A0168|41F00000|E0000000|0A2C|42700000|10020C04|29D20030|44E68338|10020C04|04B4|40A4A3B7|10020C04|0A31|41F00000|10020C04|0B7A|408449C5|10020C04|0|0|0|0|0|0|0|0|0|0|0|0|0|0|0|0|0|0|0|0|0|0|0|0|0|0|0|0|0|0|0|0|0|0|0|0|0|0|0|0|0|0|0|0|0|0|0|0|0|0|0|0|0|0|0|0|0|0|0|0|0|0|0|0|0|0|0|0|0|0|0|0|0|0|0|079F|403E97A6|100D83F9|0A3A|408449C5|10020C04|020A53|40CCEDAB|10020C04|0A35|4164978F|10020C04|C4|3FDBE71B|100632C7|0F40|4164978F|100288BD|FFF604C3|40C40001|100288BD|0A26|4164978F|1003AAEE|00ced9c3abcde4ae
26|2026-09-16T21:54:57.1100000-04:00|A31|Eukrasian Prognosis|30.00|10020C04|Minda Silva|10020C04|Minda Silva|00|204515|204515|83f10a16c76cf149
30|2026-09-16T21:54:57.1100000-04:00|A2E|Eukrasia|0.00|10020C04|Minda Silva|10020C04|Minda Silva|00|204515|204515|b7e8c6efc48e4ecc
38|2026-09-16T21:54:57.1100000-04:00|100F612E|Mr Toxic|0064642A|63232|205177|9500|10000|20||96.76|97.67|-0.02|1.99|0|0|0|29CE0030|442407EB|100F612E|0A31|41F00000|10020C04|0|0|0|0B7A|40911EC5|10020C04|0|0|0|0|0|0|0|0|0|0|0|0|0|0|0|0|0|0|0|0|0|0|0|0|0|0|0|0|0|0|0|0|0|0|0|0|0|0|0|0|0|0|0|0|0|0|0|0|0|0|0|0|0|0|0|0|0|0|0|0|0|0|0|0|0|0|0|0|0|0|0|0|0|0|0|0|0|0|0A35|4164978F|10020C04|0E5B|417BFB9D|100F612E|030E5A|0|100F612E|079F|40583141|100D83F9|0A3A|40911EC5|10020C04|040A53|40DE0C69|10020C04|0F40|4164978F|100288BD|C4|3FA8B3EB|100632C7|0A26|4164978F|1003AAEE|0|0|0|FFF604C3|40B72B02|100288BD|c69abc4fc8e1cc42
26|2026-09-16T21:54:57.1100000-04:00|A31|Eukrasian Prognosis|30.00|10020C04|Minda Silva|100F612E|Mr Toxic|00|205177|204515|0ba89053e104fc9e
38|2026-09-16T21:54:57.1100000-04:00|1008704E|Arcane Valiance|00646420|245964|325219|4200|10000|8||97.37|97.25|1.79|1.24|0|0|0|0A0168|41F00000|E0000000|0B7A|4099AA0B|10020C04|1E016C|41F00000|E0000000|29CE0030|44E74633|1008704E|02E7|0|1008704E|0A31|41F00000|10020C04|0|0|0|0|0|0|0|0|0|0|0|0|0|0|0|0|0|0|0|0|0|0|0|0|0|0|0|0|0|0|0|0|0|0|0|0|0|0|0|0|0|0|0|0|0|0|0|0|0|0|0|0|0|0|0|0|0|0|0|0|0|0|0|0|0|0|0|0|0|0|0|0|0A35|4164978F|10020C04|0A3A|4099AA0B|10020C04|030A53|40E697AD|10020C04|0F40|4164978F|100288BD|C4|3F8686E1|100632C7|0A26|4164978F|1003AAEE|FFF604C3|40C8418C|100288BD|46481024352312b6
26|2026-09-16T21:54:57.1100000-04:00|A31|Eukrasian Prognosis|30.00|10020C04|Minda Silva|1008704E|Arcane Valiance|00|325219|204515|1bcbd8e847a11f75
38|2026-09-16T21:54:57.1100000-04:00|100B00B3|Skyler Phoenix|00646416|38527|227580|10000|10000|17||95.88|96.84|-0.00|-0.53|0|0|0|29CE0030|4519687B|100B00B3|0A31|41F00000|10020C04|0B7A|409DFBF9|10020C04|0|0|0|0|0|0|0|0|0|0|0|0|0|0|0|0|0|0|0|0|0|0|0|0|0|0|0|0|0|0|0|0|0|0|0|0|0|0|0|0|0|0|0|0|0|0|0|0|0|0|0|0|0|0|0|0|0|0|0|0|0|0|0|0|0|0|0|0|0|0|0|0|0|0|0|0|0|0|0|0|0|0A3A|409DFBF9|10020C04|0A35|4164978F|10020C04|0AA0|41B1A5CC|100B00B3|030A53|40EAE167|10020C04|0F40|4164978F|100288BD|C4|3FECED40|100632C7|0A26|4164978F|1003AAEE|FFF604C3|40BFBE78|100288BD|5a792bea8aa7a004
26|2026-09-16T21:54:57.1100000-04:00|A31|Eukrasian Prognosis|30.00|10020C04|Minda Silva|100B00B3|Skyler Phoenix|00|227580|204515|11e661736fc9f4cd
38|2026-09-16T21:54:57.1100000-04:00|100288BD|Elie Glory|00646418|72040|204515|9400|10000|19||96.30|97.43|-0.00|-0.86|0|0|0|29D20030|4425AEA2|100288BD|04B4|40E7AE11|100288BD|0B7A|40888B4F|10020C04|0A31|41F00000|10020C04|0|0|0|0|0|0|0|0|0|0|0|0|0|0|0|0|0|0|0|0|0|0|0|0|0|0|0|0|0|0|0|0|0|0|0|0|0|0|0|0|0|0|0|0|0|0|0|0|0|0|0|0|0|0|0|0|0|0|0|0|0|0|0|0|0|0|0|0|0|0|0|0|0|0|0|0|0|0|0F40|4164978F|100288BD|079F|40471AB6|100D83F9|0A3A|40888B4F|10020C04|0A35|4164978F|10020C04|030A53|40D578F1|10020C04|0A26|4164978F|1003AAEE|C4|3FCB01BA|100632C7|FFF604C3|40AA459D|100288BD|7bf217a326e26751
26|2026-09-16T21:54:57.1100000-04:00|A31|Eukrasian Prognosis|30.00|10020C04|Minda Silva|100288BD|Elie Glory|00|204515|204515|e42a2f928cf4c50f
38|2026-09-16T21:54:57.1100000-04:00|100632C7|Evil Batusai|00646413|298228|325133|6500|10000|19||98.61|96.66|-0.00|0.74|0|0|0|0A2D|42700000|10020C04|29CE0030|44213286|100632C7|4F|0|100632C7|0A31|41F00000|10020C04|0B7A|408CD50A|10020C04|0|0|0|0|0|0|0|0|0|0|0|0|0|0|0|0|0|0|0|0|0|0|0|0|0|0|0|0|0|0|0|0|0|0|0|0|0|0|0|0|0|0|0|0|0|0|0|0|0|0|0|0|0|0|0|0|0|0|0|0|0|0|0|0|0|0|0|0|0|0|0|0|0|0|0|0|0|0|030A53|40E25625|10020C04|079F|404FAE2C|100D83F9|0A3A|408CD50A|10020C04|0A35|4164978F|10020C04|C4|3F6B0174|100632C7|0F40|4164978F|100288BD|FFF604C3|40BB74BD|100288BD|0A71|41E770A0|100632C7|0A26|4164978F|1003AAEE|c442ae46159feec0
26|2026-09-16T21:54:57.1100000-04:00|A31|Eukrasian Prognosis|30.00|10020C04|Minda Silva|100632C7|Evil Batusai|00|325133|204515|1cf2c8b5a4db59a9
38|2026-09-16T21:54:57.1100000-04:00|1003AAEE|Enri Haze|00646427|77457|227550|10000|10000|17||96.06|96.05|-0.00|-2.23|0|0|0|29CE0030|441DBA3C|1003AAEE|0B7A|40956051|10020C04|0A31|41F00000|10020C04|0|0|0|0|0|0|0|0|0|0|0|0|0|0|0|0|0|0|0|0|0|0|0|0|0|0|0|0|0|0|0|0|0|0|0|0|0|0|0|0|0|0|0|0|0|0|0|0|0|0|0|0|0|0|0|0|0|0|0|0|0|0|0|0|0|0|0|0|0|0|0|0|0|0|0|0|0|0|0|0|0|0A1D|423F5FA0|1003AAEE|0F40|4164978F|100288BD|0A35|4164978F|10020C04|0A3A|40956051|10020C04|030A53|40D9BA7B|10020C04|0A26|4164978F|1003AAEE|C4|3F978D04|100632C7|FFF604C3|40AE8F59|100288BD|70d6f8562b248866
26|2026-09-16T21:54:57.1100000-04:00|A31|Eukrasian Prognosis|30.00|10020C04|Minda Silva|1003AAEE|Enri Haze|00|227550|204515|f08b895db4cb7ad0
38|2026-09-16T21:54:57.1100000-04:00|100D83F9|Stranjer Danger|0064641F|89051|226428|10000|10000|18||95.20|97.52|-0.00|-0.10|0|0|0|043C|45848975|100D83F9|29CE0030|4518B243|100D83F9|0A31|41F00000|10020C04|0B7A|40A23D82|10020C04|0|0|0|0|0|0|0|0|0|0|0|0|0|0|0|0|0|0|0|0|0|0|0|0|0|0|0|0|0|0|0|0|0|0|0|0|0|0|0|0|0|0|0|0|0|0|0|0|0|0|0|0|0|0|0|0|0|0|0|0|0|0|0|0|0|0|0|0|0|0|0|0|0|0|0|0|0|0|0|0|0|079F|4035F3CD|100D83F9|0A3A|40A23D82|10020C04|020A53|40D13767|10020C04|0A35|4164978F|10020C04|C4|3FB9BA0F|100632C7|0F40|4164978F|100288BD|FFF604C3|40B2E147|100288BD|0A26|4164978F|1003AAEE|90a516c0e568d694
26|2026-09-16T21:54:57.1100000-04:00|A31|Eukrasian Prognosis|30.00|10020C04|Minda Silva|100D83F9|Stranjer Danger|00|226428|204515|89c2ae03fe4e7001
31|2026-09-16T21:54:57.1100000-04:00|10020C04|36CC0028|302|00|00|2d785fd0bcb7a82a
21|2026-09-16T21:54:57.1530000-04:00|40002A6C|Exdeath|C2E5|Aetherlink|40002A6C|Exdeath|1B|C2E58000|0|0|0|0|0|0|0|0|0|0|0|0|0|0|25187073|37552669|10000|10000|||101.43|100.88|0.00|-2.53|25187073|37552669|10000|10000|||101.43|100.88|0.00|-2.53|00004061|0|1|00||01|C2E5|C2E5|3.100|16D4|5ee6e39d47612a97
264|2026-09-16T21:54:57.1530000-04:00|40002A6C|C2E5|00004061|0||||-2.581|40002A6C|6dd4641c0437947e
261|2026-09-16T21:54:57.2350000-04:00|Change|100F612E|CurrentMP|9200|Heading|0.9718|PosX|96.7574|PosY|97.6730|PosZ|0.3148|ab57e5ef4d6c17bd
00|2026-09-16T21:54:57.2500000-04:00|0029||Chaos hits Arcane ValianceJenova for 2307 damage.|e7d409bf1174fbc6
00|2026-09-16T21:54:57.2500000-04:00|002E||Arcane ValianceJenova gains the effect of Panhaima.|f712a00f69816109
00|2026-09-16T21:54:57.2500000-04:00|0030||Arcane ValianceJenova loses the effect of Panhaima.|76ea6c80c8bd71ab
37|2026-09-16T21:54:57.1980000-04:00|40002A6D|Chaos|0000405B|21722930||||||91.78|90.84|-0.00|0.71|5c6d3be42ad79fb3
21|2026-09-16T21:54:57.1980000-04:00|40002A6D|Chaos|C2E4|Aetherlink|40002A6D|Chaos|1B|C2E48000|0|0|0|0|0|0|0|0|0|0|0|0|0|0|21728946|37552669|10000|10000|||91.78|90.84|-0.00|0.71|21728946|37552669|10000|10000|||91.78|90.84|-0.00|0.71|00004062|0|1|00||01|C2E4|C2E4|3.100|9D16|912c244057c1e3f1
264|2026-09-16T21:54:57.1980000-04:00|40002A6D|C2E4|00004062|0||||0.714|40002A6D|cb375ecbf97f07f7
37|2026-09-16T21:54:57.2430000-04:00|1008704E|Arcane Valiance|0000405D|245964|325219|4200|10000|14||97.37|97.25|1.79|1.17|2004|0|0|02|1E000A35|0|41700000|10020C04|20000A53|02|40E3BE96|10020C04|ec6f0780d1fbd01b
26|2026-09-16T21:54:57.2430000-04:00|A53|Panhaimatinon|7.12|10020C04|Minda Silva|1008704E|Arcane Valiance|02|325219|204515|22c9dc4cb699bb9c
37|2026-09-16T21:54:57.2430000-04:00|40002A6D|Chaos|0000405C|21635566||||||91.78|90.84|-0.00|0.71|0bda3f62b636f681
39|2026-09-16T21:54:57.2430000-04:00|100D83F9|Stranjer Danger|91315|226428|10000|10000|||95.21|97.40|-0.02|-0.06|63c75ad639a7ee38
21|2026-09-16T21:54:57.2430000-04:00|100F612E|Mr Toxic|8766|Holy in White|40002A6C|Exdeath|754003|30544001|0|0|0|0|0|0|0|0|0|0|0|0|0|0|25187073|37552669|10000|10000|||101.43|100.88|0.00|-2.54|63232|205177|9500|10000|||96.76|97.67|-0.02|1.81|00004063|0|1|00||01|8766|8766|0.600|A798|ce2f1d33b4ff42a1
264|2026-09-16T21:54:57.2430000-04:00|100F612E|8766|00004063|0||||0.972|40002A6C|880f0931466ca40b
38|2026-09-16T21:54:57.2430000-04:00|1008704E|Arcane Valiance|00646420|245964|325219|4200|10000|14||97.37|97.25|1.79|1.17|0|0|0|0A0168|41F00000|E0000000|0B7A|40956050|10020C04|1E016C|41F00000|E0000000|29CE0030|44E741E9|1008704E|02E7|0|1008704E|0A31|41EEED91|10020C04|0|0|0|0|0|0|0|0|0|0|0|0|0|0|0|0|0|0|0|0|0|0|0|0|0|0|0|0|0|0|0|0|0|0|0|0|0|0|0|0|0|0|0|0|0|0|0|0|0|0|0|0|0|0|0|0|0|0|0|0|0|0|0|0|0|0|0|0|0|0|0|0|0A35|416F47AE|10020C04|0A3A|40956050|10020C04|020A53|40E24DF2|10020C04|0F40|416272B2|100288BD|C4|3F6ABFEF|100632C7|0A26|416272B2|1003AAEE|FFF604C3|40C3F7D1|100288BD|3c766b291ab78aa6
21|2026-09-16T21:54:57.3310000-04:00|100B00B3|Skyler Phoenix|DE4|Wheeling Thrust|40002A6D|Chaos|35722003|A68D0000|11B|DE48000|0|0|0|0|0|0|0|0|0|0|0|0|21635566|37552669|10000|10000|||91.78|90.84|-0.00|0.71|38527|227580|10000|10000|||95.84|96.66|-0.00|-0.57|00004064|0|1|00||01|DE4|DE4|0.600|1A71|5a115a14d5a9214d
264|2026-09-16T21:54:57.3310000-04:00|100B00B3|0DE4|00004064|0||||-2.493|40002A6D|2852f5b1425e5285
00|2026-09-16T21:54:57.4270000-04:00|0029||Enri HazeSiren hits Chaos for 8652 damage.|5009a03e20340092
00|2026-09-16T21:54:57.4270000-04:00|0029||Skyler PhoenixDiabolos hits Chaos for 7845 damage.|898eb0b0bd343f30
21|2026-09-16T21:54:57.3760000-04:00|1003AAEE|Enri Haze|07|attack|40002A6D|Chaos|710003|21CC0000|0|0|0|0|0|0|0|0|0|0|0|0|0|0|21635566|37552669|10000|10000|||91.78|90.84|-0.00|0.71|77457|227550|10000|10000|||95.88|96.03|-0.00|-2.17|00004065|0|1|00||01|07|07|0.100|44AF|5af3e2fea62ccd65
264|2026-09-16T21:54:57.3760000-04:00|1003AAEE|0007|00004065|0||||-1.456|40002A6D|9c9173ca7dddcadd
21|2026-09-16T21:54:57.4200000-04:00|100B00B3|Skyler Phoenix|07|attack|40002A6D|Chaos|720003|1EA50000|0|0|0|0|0|0|0|0|0|0|0|0|0|0|21635566|37552669|10000|10000|||91.78|90.84|-0.00|0.71|38527|227580|10000|10000|||95.84|96.66|-0.00|-0.57|00004066|0|1|00||01|07|07|0.511|1A72|f621a6585c826676
264|2026-09-16T21:54:57.4200000-04:00|100B00B3|0007|00004066|0||||-2.493|40002A6D|6760e21138f3fe49
37|2026-09-16T21:54:57.5080000-04:00|1008704E|Arcane Valiance|0000405E|243657||||||97.37|97.25|1.12|1.00|a8145c06a4c6e2ef
37|2026-09-16T21:54:57.5530000-04:00|40002A6C|Exdeath|0000405F|25180023||||||101.43|100.88|0.00|-2.57|1c5431d77fd00788
39|2026-09-16T21:54:57.5990000-04:00|1003AAEE|Enri Haze|79732|227550|10000|10000|||95.32|96.03|-0.00|-1.70|57e561e85b863ef4
21|2026-09-16T21:54:57.5990000-04:00|1008704E|Arcane Valiance|E27|Syphon Strike|40002A6D|Chaos|24712003|B7570000|B|2588000|11B|E278000|0|0|0|0|0|0|0|0|0|0|21635566|37552669|10000|10000|||91.78|90.84|-0.00|0.71|243657|325219|4200|10000|||97.37|97.25|-0.02|0.93|00004067|0|1|00||01|E27|E27|0.600|1D20|3c6b13dcb0bec92c
264|2026-09-16T21:54:57.5990000-04:00|1008704E|0E27|00004067|0||||-2.427|40002A6D|68f68905f2970371
24|2026-09-16T21:54:57.6430000-04:00|1003AAEE|Enri Haze|HoT|0|9568|79732|227550|10000|10000|||94.57|96.03|-0.00|-1.04|100288BD|Elie Glory|0|72040|204515|9400|10000|||96.30|97.43|-0.00|-0.86|31c7c6b757c4c499
38|2026-09-16T21:54:57.6430000-04:00|1003AAEE|Enri Haze|00646427|117980|227550|10000|10000|17||94.57|96.03|-0.00|-1.04|0|0|0|29CE0030|441D9810|1003AAEE|0B7A|408449C7|10020C04|0A31|41EBBA5C|10020C04|0|0|0|0|0|0|0|0|0|0|0|0|0|0|0|0|0|0|0|0|0|0|0|0|0|0|0|0|0|0|0|0|0|0|0|0|0|0|0|0|0|0|0|0|0|0|0|0|0|0|0|0|0|0|0|0|0|0|0|0|0|0|0|0|0|0|0|0|0|0|0|0|0|0|0|0|0|0|0|0|0|0A1D|423D3CD4|1003AAEE|0F40|415C0C4D|100288BD|0A35|415C0C4D|10020C04|0A3A|408449C7|10020C04|030A53|40C8A3F1|10020C04|0A26|415C0C4D|1003AAEE|C4|3F2665CE|100632C7|FFF604C3|409D78CF|100288BD|f9370499858db984
24|2026-09-16T21:54:57.7320000-04:00|10020C04|Minda Silva|HoT|0|6E85|90327|204515|6400|10000|||97.56|96.78|0.00|-3.03|1003AAEE|Enri Haze|0|79732|227550|10000|10000|||94.57|96.03|-0.00|-1.04|f38ef1d89a17d51b
24|2026-09-16T21:54:57.7320000-04:00|100632C7|Evil Batusai|HoT|0|9917|298228|325133|6500|10000|||99.29|97.12|-0.02|1.02|1003AAEE|Enri Haze|0|79732|227550|10000|10000|||94.57|96.03|-0.00|-1.04|ad91377c09a5b777
36|2026-09-16T21:54:57.7320000-04:00|12FC|3|7362ae5ef5ab7bd2
38|2026-09-16T21:54:57.7320000-04:00|10020C04|Minda Silva|00646428|118620|204515|6950|10000|28||97.56|96.78|0.00|-3.03|0|0|0|0A0168|41F00000|E0000000|0A2C|42700000|10020C04|29D20030|44E66F49|10020C04|04B4|4090B416|10020C04|0A31|41EB0416|10020C04|0B7A|4060B44E|10020C04|0|0|0|0|0|0|0|0|0|0|0|0|0|0|0|0|0|0|0|0|0|0|0|0|0|0|0|0|0|0|0|0|0|0|0|0|0|0|0|0|0|0|0|0|0|0|0|0|0|0|0|0|0|0|0|0|0|0|0|0|0|0|0|0|0|0|0|0|0|0|0|0|0|0|0|079F|4016B86B|100D83F9|0A3A|4060B44E|10020C04|020A53|40B8FE0A|10020C04|0A35|415A9FC2|10020C04|C4|3F8C28A5|100632C7|0F40|415A9FC2|100288BD|FFF604C3|40B01060|100288BD|0A26|415A9FC2|1003AAEE|d3ca9657a4ca8dd4
38|2026-09-16T21:54:57.7320000-04:00|100632C7|Evil Batusai|00646413|325133|325133|6500|10000|19||99.29|97.12|-0.02|1.02|0|0|0|0A2D|42700000|10020C04|29CE0030|44210AA8|100632C7|4F|0|100632C7|0A31|41EB0416|10020C04|0B7A|4071CAD4|10020C04|0|0|0|0|0|0|0|0|0|0|0|0|0|0|0|0|0|0|0|0|0|0|0|0|0|0|0|0|0|0|0|0|0|0|0|0|0|0|0|0|0|0|0|0|0|0|0|0|0|0|0|0|0|0|0|0|0|0|0|0|0|0|0|0|0|0|0|0|0|0|0|0|0|0|0|0|0|0|030A53|40CE6684|10020C04|079F|4027CEF1|100D83F9|0A3A|4071CAD4|10020C04|0A35|415A9FC2|10020C04|C4|3E97090D|100632C7|0F40|415A9FC2|100288BD|FFF604C3|40A7851C|100288BD|0A71|41E274B6|100632C7|0A26|415A9FC2|1003AAEE|ada639be01697af3
00|2026-09-16T21:54:57.7550000-04:00|002B||Exdeath uses Aetherlink.|2eb8838805e2448b
00|2026-09-16T21:54:57.8020000-04:00|002B||You cast Eukrasian Prognosis II.|600d6ea09a4bebd5
24|2026-09-16T21:54:57.8220000-04:00|100F612E|Mr Toxic|HoT|0|6DD2|63232|205177|9200|10000|||96.76|97.67|1.34|0.14|100288BD|Elie Glory|0|72040|204515|9400|10000|||96.30|97.43|-0.00|-0.86|31cd094ee4c4170b
24|2026-09-16T21:54:57.8220000-04:00|100288BD|Elie Glory|HoT|0|713A|72040|204515|9400|10000|||96.30|97.43|-0.00|-0.86|100288BD|Elie Glory|0|72040|204515|9400|10000|||96.30|97.43|-0.00|-0.86|8e71e38f4ad546c6
38|2026-09-16T21:54:57.8220000-04:00|100F612E|Mr Toxic|0064642A|91346|205177|9200|10000|20||96.76|97.67|1.34|0.14|0|0|0|29CE0030|4423DA4B|100F612E|0A31|41EA4BC4|10020C04|0|0|0|0B7A|40749BB9|10020C04|0|0|0|0|0|0|0|0|0|0|0|0|0|0|0|0|0|0|0|0|0|0|0|0|0|0|0|0|0|0|0|0|0|0|0|0|0|0|0|0|0|0|0|0|0|0|0|0|0|0|0|0|0|0|0|0|0|0|0|0|0|0|0|0|0|0|0|0|0|0|0|0|0|0|0|0|0|0|0A35|41592F1E|10020C04|0E5B|4170932C|100F612E|030E5A|0|100F612E|079F|402A8F76|100D83F9|0A3A|40749BB9|10020C04|040A53|40C73B80|10020C04|0F40|41592F1E|100288BD|C4|3F1AE0AA|100632C7|0A26|41592F1E|1003AAEE|0|0|0|FFF604C3|40A05A19|100288BD|09219f3848661fc2
38|2026-09-16T21:54:57.8220000-04:00|100288BD|Elie Glory|00646418|101026|204515|9950|10000|19||96.30|97.43|-0.00|-0.86|0|0|0|29D20030|44258102|100288BD|04B4|40D0DD28|100288BD|0B7A|406374D0|10020C04|0A31|41EA4BC4|10020C04|0|0|0|0|0|0|0|0|0|0|0|0|0|0|0|0|0|0|0|0|0|0|0|0|0|0|0|0|0|0|0|0|0|0|0|0|0|0|0|0|0|0|0|0|0|0|0|0|0|0|0|0|0|0|0|0|0|0|0|0|0|0|0|0|0|0|0|0|0|0|0|0|0|0|0|0|0|0|0F40|41592F1E|100288BD|079F|401978EB|100D83F9|0A3A|406374D0|10020C04|0A35|41592F1E|10020C04|030A53|40BEA808|10020C04|0A26|41592F1E|1003AAEE|C4|3F5F7C4A|100632C7|FFF604C3|409374B4|100288BD|2563b9e63b2dbfaf
00|2026-09-16T21:54:57.8710000-04:00|002D||   Critical! You recover 13064 HP.|c480ffa00c1c0c66
00|2026-09-16T21:54:57.8710000-04:00|002E||   You gain the effect of Eukrasian Prognosis.|a39202adfb474edc
261|2026-09-16T21:54:57.8130000-04:00|Change|10020C04|CurrentMP|6950|Heading|-2.9866|PosX|97.4996|PosY|96.3147|a62cc76411d73b1e
261|2026-09-16T21:54:57.9480000-04:00|Change|100288BD|CastDurationCurrent|1.3648|CurrentMP|9950|c59423f7ac5dc158
00|2026-09-16T21:54:57.9570000-04:00|002B||Chaos uses Aetherlink.|c9c94f90f71e3e2a
00|2026-09-16T21:54:57.9570000-04:00|002B||Skyler PhoenixDiabolos uses Wheeling Thrust.|7cfa1e8c85b2ba89
00|2026-09-16T21:54:57.9570000-04:00|0029||   Critical! Chaos takes 42637(+53%) damage.|a26a9211d15ec380
37|2026-09-16T21:54:57.9100000-04:00|40002A6D|Chaos|00004065|21626914||||||91.78|90.84|-0.00|0.71|89ceb9624bd8203c
24|2026-09-16T21:54:57.9100000-04:00|100D83F9|Stranjer Danger|HoT|0|717D|91315|226428|10000|10000|||95.93|96.73|-0.01|-0.05|1003AAEE|Enri Haze|0|117980|227550|10000|10000|||94.14|96.03|-0.00|-0.65|f3fefcdcb3d314a3
38|2026-09-16T21:54:57.9100000-04:00|100D83F9|Stranjer Danger|0064641F|120368|226428|10000|10000|18||95.93|96.73|-0.01|-0.05|0|0|0|043C|4584830D|100D83F9|29CE0030|4518A573|100D83F9|0A31|41E9957E|10020C04|0B7A|40889382|10020C04|0|0|0|0|0|0|0|0|0|0|0|0|0|0|0|0|0|0|0|0|0|0|0|0|0|0|0|0|0|0|0|0|0|0|0|0|0|0|0|0|0|0|0|0|0|0|0|0|0|0|0|0|0|0|0|0|0|0|0|0|0|0|0|0|0|0|0|0|0|0|0|0|0|0|0|0|0|0|0|0|0|079F|40029FD5|100D83F9|0A3A|40889382|10020C04|020A53|40B78D67|10020C04|0A35|4157C293|10020C04|C4|3F26243F|100632C7|0F40|4157C293|100288BD|FFF604C3|40993747|100288BD|0A26|4157C293|1003AAEE|e412fe27ffebc843
37|2026-09-16T21:54:57.9550000-04:00|40002A6D|Chaos|00004066|23395623||||||91.78|90.84|-0.00|0.71|21bada845185e5a4
38|2026-09-16T21:54:57.9550000-04:00|40002A6C|Exdeath|00646400|23403469|37552669|10000|10000|0||101.43|100.88|0.00|-2.57|0|0|0|0|0|0|04AB|40638532|1003AAEE|0A9F|408D1640|100B00B3|0A38|3F04556A|10020C04|0A0A1A|41974BA4|1003AAEE|553b9990fd589be3
38|2026-09-16T21:54:57.9550000-04:00|40002A6D|Chaos|00646400|23395623|37552669|10000|10000|0||91.78|90.84|-0.00|0.71|0|0|0|0A0A1A|422A7089|1003AAEE|0A9F|41A4E96D|100B00B3|0|0|0|0|0|0|0A38|40B04108|10020C04|f3510b326c5533f7
00|2026-09-16T21:54:57.9770000-04:00|002D||   Arcane ValianceJenova recovers 8038 HP.|0bac7c10f433e721
00|2026-09-16T21:54:57.9770000-04:00|002E||   Arcane ValianceJenova gains the effect of Eukrasian Prognosis.|1f0ac1b8aa2457dd
00|2026-09-16T21:54:58.0480000-04:00|0030||Evil BatusaiDiabolos loses the effect of Last Bastion.|0782179e0f90b115
37|2026-09-16T21:54:58.0000000-04:00|40002A6D|Chaos|00004064|23352986||||||91.78|90.84|-0.00|0.71|5e829eca3cf19193
22|2026-09-16T21:54:58.0000000-04:00|100288BD|Elie Glory|9092|Medica III|100288BD|Elie Glory|4|4EBB0000|7740E|F280000|1B|90928000|0|0|0|0|0|0|0|0|0|0|101026|204515|9950|10000|||96.30|97.43|-0.00|-0.86|101026|204515|9950|10000|||96.30|97.43|-0.00|-0.86|00004068|0|8|00||01|9092|9092|0.100|5CE5|7f73fb37607d183b
22|2026-09-16T21:54:58.0000000-04:00|100288BD|Elie Glory|9092|Medica III|100B00B3|Skyler Phoenix|200004|7EE10000|7740E|F280000|1B|90928000|0|0|0|0|0|0|0|0|0|0|38527|227580|10000|10000|||96.67|97.31|-0.02|-2.49|101026|204515|9950|10000|||96.30|97.43|-0.00|-0.86|00004068|1|8|00||01|9092|9092|0.100|5CE5|0470bd7b319c7653
22|2026-09-16T21:54:58.0000000-04:00|100288BD|Elie Glory|9092|Medica III|100D83F9|Stranjer Danger|4|50510000|7740E|F280000|1B|90928000|0|0|0|0|0|0|0|0|0|0|91315|226428|10000|10000|||95.93|96.73|-0.02|-0.07|101026|204515|9950|10000|||96.30|97.43|-0.00|-0.86|00004068|2|8|00||01|9092|9092|0.100|5CE5|0ad5db062607c871
22|2026-09-16T21:54:58.0000000-04:00|100288BD|Elie Glory|9092|Medica III|1008704E|Arcane Valiance|200004|821F0000|7740E|F280000|1B|90928000|0|0|0|0|0|0|0|0|0|0|243657|325219|4200|10000|||97.37|97.25|0.61|2.66|101026|204515|9950|10000|||96.30|97.43|-0.00|-0.86|00004068|3|8|00||01|9092|9092|0.100|5CE5|e4b615a5ba7e845c
22|2026-09-16T21:54:58.0000000-04:00|100288BD|Elie Glory|9092|Medica III|100F612E|Mr Toxic|4|4F640000|7740E|F280000|1B|90928000|0|0|0|0|0|0|0|0|0|0|91346|205177|9200|10000|||96.46|98.34|-0.00|-0.26|101026|204515|9950|10000|||96.30|97.43|-0.00|-0.86|00004068|4|8|00||01|9092|9092|0.100|5CE5|95f553d250896d09
22|2026-09-16T21:54:58.0000000-04:00|100288BD|Elie Glory|9092|Medica III|10020C04|Minda Silva|4|50410000|7740E|F280000|1B|90928000|0|0|0|0|0|0|0|0|0|0|118620|204515|6950|10000|||97.50|96.31|0.00|-2.99|101026|204515|9950|10000|||96.30|97.43|-0.00|-0.86|00004068|5|8|00||01|9092|9092|0.100|5CE5|d5e29b2170f88387
22|2026-09-16T21:54:58.0000000-04:00|100288BD|Elie Glory|9092|Medica III|1003AAEE|Enri Haze|4|52C60000|7740E|F280000|1B|90928000|0|0|0|0|0|0|0|0|0|0|117980|227550|10000|10000|||93.96|96.03|-0.01|-0.49|101026|204515|9950|10000|||96.30|97.43|-0.00|-0.86|00004068|6|8|00||01|9092|9092|0.100|5CE5|a00a6ff7a139e847
22|2026-09-16T21:54:58.0000000-04:00|100288BD|Elie Glory|9092|Medica III|100632C7|Evil Batusai|4|513C0000|7740E|F280000|1B|90928000|0|0|0|0|0|0|0|0|0|0|325133|325133|6500|10000|||99.29|97.12|-0.00|1.02|101026|204515|9950|10000|||96.30|97.43|-0.00|-0.86|00004068|7|8|00||01|9092|9092|0.100|5CE5|c750018240808618
264|2026-09-16T21:54:58.0000000-04:00|100288BD|9092|00004068|1|-0.015|-0.015|-0.015|-0.862|100288BD|c08cba259d2297ec
37|2026-09-16T21:54:58.0440000-04:00|10020C04|Minda Silva|00004060|131684|204515|6950|10000|28||97.50|96.31|0.00|-2.99|2800|0|0|01|04000A31|0|41E8DF38|10020C04|e9304c7f3cb31a9f
38|2026-09-16T21:54:58.0440000-04:00|100632C7|Evil Batusai|00646413|325133|325133|6500|10000|19||99.29|97.12|-0.00|1.02|0|0|0|0A2D|42700000|10020C04|29CE0030|4420F6B1|100632C7|4F|0|100632C7|0A31|41E8851B|10020C04|0B7A|405DD305|10020C04|0|0|0|0|0|0|0|0|0|0|0|0|0|0|0|0|0|0|0|0|0|0|0|0|0|0|0|0|0|0|0|0|0|0|0|0|0|0|0|0|0|0|0|0|0|0|0|0|0|0|0|0|0|0|0|0|0|0|0|0|0|0|0|0|0|0|0|0|0|0|0|0|0|0|0|0|0|0|030A53|40C46A9B|10020C04|079F|4013D722|100D83F9|0A3A|405DD305|10020C04|0A35|4155A1CF|10020C04|0|0|0|0F40|4155A1CF|100288BD|FFF604C3|409D8933|100288BD|0A71|41DFF5BB|100632C7|0A26|4155A1CF|1003AAEE|969f56abc655910f
26|2026-09-16T21:54:58.0440000-04:00|A2D|Kardion|60.00|10020C04|Minda Silva|100632C7|Evil Batusai|00|325133|204515|bea6b959d7c0f8ec
30|2026-09-16T21:54:58.0440000-04:00|C4|Last Bastion|0.00|100632C7|Evil Batusai|100632C7|Evil Batusai|00|325133|325133|f130ed5f7d8de3b8
00|2026-09-16T21:54:58.1280000-04:00|002D||   Stranjer DangerSiren recovers 8202 HP.|c511683e4eb5bb7f
00|2026-09-16T21:54:58.1280000-04:00|002E||   Stranjer DangerSiren gains the effect of Eukrasian Prognosis.|24b843233da0d5f2
39|2026-09-16T21:54:58.1320000-04:00|100632C7|Evil Batusai|325133|325133|6700|10000|||99.29|97.12|-0.00|1.02|5ef1aae957fec181
261|2026-09-16T21:54:58.1340000-04:00|Change|100632C7|CurrentMP|6700|Heading|1.0211|NPCTargetID|E0000000|PCTargetID|0|PosX|99.2904|PosY|97.1237|PosZ|-0.0000|c123fb5e24b39740
00|2026-09-16T21:54:58.1370000-04:00|002B||Arcane ValianceJenova uses Syphon Strike.|db81217418c49db5
00|2026-09-16T21:54:58.1380000-04:00|0029||   Critical! Chaos takes 46935(+36%) damage.|2ba5b22c3d53c633
00|2026-09-16T21:54:58.1380000-04:00|002D||   Arcane ValianceJenova recovers 600 MP.|a3c474457d2e9348
00|2026-09-16T21:54:58.2290000-04:00|0030||Arcane ValianceJenova loses the effect of Last Bastion.|ed0e1f79744bb5ee
00|2026-09-16T21:54:58.2290000-04:00|0030||Evil BatusaiDiabolos loses the effect of Divine Might.|0ddc44cd78080936
37|2026-09-16T21:54:58.1770000-04:00|1008704E|Arcane Valiance|00004060|251695|325219|4200|10000|14||97.37|97.25|1.72|1.85|2001|0|0|01|05000A31|0|41E7D0E2|10020C04|10dc69dea4bd19c6
21|2026-09-16T21:54:58.1770000-04:00|100632C7|Evil Batusai|1CD8|Holy Spirit|40002A6C|Exdeath|750003|80310000|4|62598000|0|0|0|0|0|0|0|0|0|0|0|0|23403469|37552669|10000|10000|||101.43|100.88|0.00|-2.57|325133|325133|6700|10000|||99.29|97.12|-0.00|1.02|00004069|0|1|00||01|1CD8|1CD8|0.600|94F5|14144449b0f2fc8d
264|2026-09-16T21:54:58.1770000-04:00|100632C7|1CD8|00004069|0||||0.514|40002A6C|a1d8be20ac724006
38|2026-09-16T21:54:58.1770000-04:00|1008704E|Arcane Valiance|00646420|251695|325219|4200|10000|14||97.37|97.25|1.72|1.85|0|0|0|0A0168|41F00000|E0000000|0B7A|406EF9F1|10020C04|1E016C|41F00000|E0000000|29CE0030|44E72406|1008704E|02E7|0|1008704E|0A31|41E774B9|10020C04|0|0|0|0|0|0|0|0|0|0|0|0|0|0|0|0|0|0|0|0|0|0|0|0|0|0|0|0|0|0|0|0|0|0|0|0|0|0|0|0|0|0|0|0|0|0|0|0|0|0|0|0|0|0|0|0|0|0|0|0|0|0|0|0|0|0|0|0|0|0|0|0|0A35|41605606|10020C04|0A3A|406EF9F1|10020C04|020A53|40C46A99|10020C04|0F40|4153810A|100288BD|0|0|0|0A26|4153810A|1003AAEE|FFF604C3|40A61478|100288BD|d2ef15f784df2087
30|2026-09-16T21:54:58.1770000-04:00|C4|Last Bastion|0.00|100632C7|Evil Batusai|1008704E|Arcane Valiance|00|325219|325133|ea4d7497185bdc30
38|2026-09-16T21:54:58.1770000-04:00|100632C7|Evil Batusai|00646413|325133|325133|5700|10000|19||99.29|97.12|-0.00|1.02|0|0|0|0A2D|42700000|10020C04|29CE0030|4420EE2E|100632C7|4F|0|100632C7|0A31|41E774B9|10020C04|0B7A|40554FF2|10020C04|0|0|0|0|0|0|0|0|0|0|0|0|0|0|0|0|0|0|0|0|0|0|0|0|0|0|0|0|0|0|0|0|0|0|0|0|0|0|0|0|0|0|0|0|0|0|0|0|0|0|0|0|0|0|0|0|0|0|0|0|0|0|0|0|0|0|0|0|0|0|0|0|0|0|0|0|0|0|030A53|40C02911|10020C04|079F|400B540F|100D83F9|0A3A|40554FF2|10020C04|0A35|4153810A|10020C04|0|0|0|0F40|4153810A|100288BD|FFF604C3|409947A9|100288BD|0|0|0|0A26|4153810A|1003AAEE|9f56199378826a1f
30|2026-09-16T21:54:58.1770000-04:00|A71|Divine Might|0.00|100632C7|Evil Batusai|100632C7|Evil Batusai|00|325133|325133|c379335502f3f815
21|2026-09-16T21:54:58.2210000-04:00|100D83F9|Stranjer Danger|1CF5|Heated Clean Shot|40002A6D|Chaos|3D720003|A05C0000|53E|A98000|A3E|F58000|11B|B398000|0|0|0|0|0|0|0|0|23352986|37552669|10000|10000|||91.78|90.84|-0.00|0.71|120368|226428|10000|10000|||95.93|96.73|-0.00|-0.20|0000406A|0|1|00||01|1CF5|1CF5|0.600|18F8|39079b6c1e8df16c
264|2026-09-16T21:54:58.2210000-04:00|100D83F9|1CF5|0000406A|0||||-2.529|40002A6D|3b61cd1155d68af9
00|2026-09-16T21:54:58.2420000-04:00|002D||   Mr ToxicDiabolos recovers 8424 HP.|9ff33a5cb4508696
00|2026-09-16T21:54:58.2420000-04:00|002E||   Mr ToxicDiabolos gains the effect of Eukrasian Prognosis.|fa1ce0c2da9ddd8b
261|2026-09-16T21:54:58.3040000-04:00|Change|1008704E|CurrentMP|4800|Heading|1.4925|PosZ|1.6722|56777a5da1c2164f
37|2026-09-16T21:54:58.2650000-04:00|40002A6D|Chaos|00004067|23306051||||||91.78|90.84|-0.00|0.71|2d8e90df8d641cfd
37|2026-09-16T21:54:58.2650000-04:00|1008704E|Arcane Valiance|00004067|251695|325219|4800|10000|14||97.37|97.25|1.71|1.53|2000|0|0|0|d5efc1c81c944926
37|2026-09-16T21:54:58.3100000-04:00|100D83F9|Stranjer Danger|00004060|128570|226428|10000|10000|18||95.93|96.73|-0.00|-2.53|1F02|0|0|01|02000A31|0|41E6C07F|10020C04|fd2f7740d482d3ed
38|2026-09-16T21:54:58.3100000-04:00|1003AAEE|Enri Haze|00646427|117980|227550|10000|10000|17||93.89|96.04|-0.00|-0.42|0|0|0|29CE0030|441D6D61|1003AAEE|0B7A|405DE36C|10020C04|0A31|41E66456|10020C04|0|0|0|0|0|0|0|0|0|0|0|0|0|0|0|0|0|0|0|0|0|0|0|0|0|0|0|0|0|0|0|0|0|0|0|0|0|0|0|0|0|0|0|0|0|0|0|0|0|0|0|0|0|0|0|0|0|0|0|0|0|0|0|0|0|0|0|0|0|0|0|0|0|0|0|0|0|0|0|0|0|0A1D|423A91D8|1003AAEE|0F40|41516046|100288BD|0A35|41516046|10020C04|0A3A|405DE36C|10020C04|030A53|40B34BDD|10020C04|0A26|41516046|1003AAEE|0|0|0|FFF604C3|408820BB|100288BD|ee06a58e7119f4f3
30|2026-09-16T21:54:58.3100000-04:00|C4|Last Bastion|0.00|100632C7|Evil Batusai|1003AAEE|Enri Haze|00|227550|325133|45c207e6cc4fcb42
00|2026-09-16T21:54:58.3180000-04:00|0030||Enri HazeSiren loses the effect of Last Bastion.|07ce52384b628d93
00|2026-09-16T21:54:58.3810000-04:00|002D||   Skyler PhoenixDiabolos recovers 8370 HP.|634c074720f65635
00|2026-09-16T21:54:58.3810000-04:00|002E||   Skyler PhoenixDiabolos gains the effect of Eukrasian Prognosis.|b26500d84b580822
39|2026-09-16T21:54:58.4000000-04:00|100B00B3|Skyler Phoenix|40802|227580|10000|10000|||96.67|97.31|-0.00|-2.49|05ee345888ee0cf7
261|2026-09-16T21:54:58.4330000-04:00|Change|40002A64|ModelStatus|16384|8ab69f99e6371b53
00|2026-09-16T21:54:58.4710000-04:00|002B||You begin casting Dosis III.|202383099cbce2f6
00|2026-09-16T21:54:58.5060000-04:00|002B||Mr ToxicDiabolos casts Holy in White.|57f2e65e514cb716
00|2026-09-16T21:54:58.5060000-04:00|0029||   Direct hit! Exdeath takes 77908 damage.|b31955b31f1b6f37
37|2026-09-16T21:54:58.4440000-04:00|100F612E|Mr Toxic|00004060|99770|205177|9200|10000|20||95.56|100.58|0.00|-0.51|2A03|0|0|01|01000A31|0|41E5AC04|10020C04|2d7977621347f54f
38|2026-09-16T21:54:58.4440000-04:00|100F612E|Mr Toxic|0064642A|99770|205177|9200|10000|20||95.56|100.58|0.00|-0.51|0|0|0|29CE0030|4423B27D|100F612E|0A31|41E551E7|10020C04|0|0|0|0B7A|404CCCE0|10020C04|0|0|0|0|0|0|0|0|0|0|0|0|0|0|0|0|0|0|0|0|0|0|0|0|0|0|0|0|0|0|0|0|0|0|0|0|0|0|0|0|0|0|0|0|0|0|0|0|0|0|0|0|0|0|0|0|0|0|0|0|0|0|0|0|0|0|0|0|0|0|0|0|0|0|0|0|0|0|0A35|414F3B69|10020C04|0E5B|41669F77|100F612E|030E5A|0|100F612E|079F|4002C09D|100D83F9|0A3A|404CCCE0|10020C04|040A53|40B35410|10020C04|0F40|414F3B69|100288BD|0|0|0|0A26|414F3B69|1003AAEE|0|0|0|FFF604C3|408C72A9|100288BD|ce55c25937e5306a
30|2026-09-16T21:54:58.4440000-04:00|C4|Last Bastion|0.00|100632C7|Evil Batusai|100F612E|Mr Toxic|00|205177|325133|af2cfbba2da61ff8
24|2026-09-16T21:54:58.4890000-04:00|1008704E|Arcane Valiance|HoT|0|6EDD|251695|325219|4800|10000|||97.37|97.25|1.50|1.41|100288BD|Elie Glory|0|101026|204515|8950|10000|||96.30|97.43|-0.00|-0.85|fec3eb122c563851
24|2026-09-16T21:54:58.4890000-04:00|100B00B3|Skyler Phoenix|HoT|0|8258|38527|227580|10000|10000|||96.67|97.31|-0.00|-2.49|100288BD|Elie Glory|0|101026|204515|8950|10000|||96.30|97.43|-0.00|-0.85|4ecc14bb1352cacd
38|2026-09-16T21:54:58.4890000-04:00|1008704E|Arcane Valiance|00646420|280076|325219|4800|10000|14||97.37|97.25|1.50|1.41|0|0|0|0A0168|41F00000|E0000000|0B7A|405B0222|10020C04|1E016C|41F00000|E0000000|29CE0030|44E71A0A|1008704E|02E7|0|1008704E|0A31|41E4F5BE|10020C04|0|0|0|0|0|0|0|0|0|0|0|0|0|0|0|0|0|0|0|0|0|0|0|0|0|0|0|0|0|0|0|0|0|0|0|0|0|0|0|0|0|0|0|0|0|0|0|0|0|0|0|0|0|0|0|0|0|0|0|0|0|0|0|0|0|0|0|0|0|0|0|0|0A35|415B5813|10020C04|0A3A|405B0222|10020C04|020A53|40BA6EB0|10020C04|0F40|414E8317|100288BD|0|0|0|0A26|414E8317|1003AAEE|FFF604C3|409C188F|100288BD|62d131e35a84af84
38|2026-09-16T21:54:58.4890000-04:00|40002A6C|Exdeath|00646400|23403469|37552669|10000|10000|0||101.43|100.88|0.00|-2.57|0|0|0|0|0|0|04AB|40415823|1003AAEE|0A9F|4077FF6D|100B00B3|0|0|0|0A0A1A|41930601|1003AAEE|08166fa4caf172c9
30|2026-09-16T21:54:58.4890000-04:00|A38|Eukrasian Dosis III|0.00|10020C04|Minda Silva|40002A6C|Exdeath|00|37552669|204515|ab8918f61fcbe805
38|2026-09-16T21:54:58.4890000-04:00|100B00B3|Skyler Phoenix|00646416|74170|227580|10000|10000|17||96.67|97.31|-0.00|-2.49|0|0|0|29CE0030|4519526F|100B00B3|0A31|41E4F5BE|10020C04|0B7A|4063A5FC|10020C04|0|0|0|0|0|0|0|0|0|0|0|0|0|0|0|0|0|0|0|0|0|0|0|0|0|0|0|0|0|0|0|0|0|0|0|0|0|0|0|0|0|0|0|0|0|0|0|0|0|0|0|0|0|0|0|0|0|0|0|0|0|0|0|0|0|0|0|0|0|0|0|0|0|0|0|0|0|0|0|0|0|0A3A|4063A5FC|10020C04|0A35|414E8317|10020C04|0AA0|41A69B8A|100B00B3|030A53|40BEB86A|10020C04|0F40|414E8317|100288BD|C4|3EF125A6|100632C7|0A26|414E8317|1003AAEE|FFF604C3|4093957B|100288BD|2dfd5e9d0bf0f45b
00|2026-09-16T21:54:58.5390000-04:00|002D||   Elie GloryUltros recovers 8115 HP.|afdf29779e7ab2fd
00|2026-09-16T21:54:58.5390000-04:00|002E||   Elie GloryUltros gains the effect of Eukrasian Prognosis.|69ec2ad46e0c0589
00|2026-09-16T21:54:58.5390000-04:00|0030||Mr ToxicDiabolos loses the effect of Last Bastion.|510b44841610cd3f
00|2026-09-16T21:54:58.5390000-04:00|0031||Exdeath recovers from the effect of Eukrasian Dosis III.|4dded50dedd16909
00|2026-09-16T21:54:58.5840000-04:00|0030||Stranjer DangerSiren loses the effect of Last Bastion.|c3774f093d238e8b
37|2026-09-16T21:54:58.5790000-04:00|100B00B3|Skyler Phoenix|00004060|82540|227580|10000|10000|17||96.67|97.31|-0.00|-2.49|1604|0|0|01|01000A31|0|41E49995|10020C04|1fe9f87d035c8ef3
37|2026-09-16T21:54:58.5790000-04:00|40002A6C|Exdeath|00004063|23325561||||||101.43|100.88|0.00|-2.57|d2d8e1c7321b6ba8
39|2026-09-16T21:54:58.5790000-04:00|100288BD|Elie Glory|103071|204515|9150|10000|||96.30|97.43|-0.00|-0.84|3b80abc985351b32
38|2026-09-16T21:54:58.5790000-04:00|100D83F9|Stranjer Danger|0064641F|128570|226428|10000|10000|18||95.93|96.73|-0.00|-2.53|0|0|0|043C|45847DB7|100D83F9|29CE0030|45189AC7|100D83F9|0A31|41E43D6C|10020C04|0B7A|4066667D|10020C04|0|0|0|0|0|0|0|0|0|0|0|0|0|0|0|0|0|0|0|0|0|0|0|0|0|0|0|0|0|0|0|0|0|0|0|0|0|0|0|0|0|0|0|0|0|0|0|0|0|0|0|0|0|0|0|0|0|0|0|0|0|0|0|0|0|0|0|0|0|0|0|0|0|0|0|0|0|0|0|0|0|079F|3FAFBEA6|100D83F9|0A3A|4066667D|10020C04|020A53|40A22D22|10020C04|0A35|414D1273|10020C04|0|0|0|0F40|414D1273|100288BD|FFF604C3|4083D702|100288BD|0A26|414D1273|1003AAEE|8e55d49c31063c30
30|2026-09-16T21:54:58.5790000-04:00|C4|Last Bastion|0.00|100632C7|Evil Batusai|100D83F9|Stranjer Danger|00|226428|325133|1f727e2f5ad296bb
00|2026-09-16T21:54:58.6380000-04:00|002D||   Critical! Evil BatusaiDiabolos recovers 13393 HP.|2b7714a039f05360
00|2026-09-16T21:54:58.6380000-04:00|002E||   Evil BatusaiDiabolos gains the effect of Eukrasian Prognosis.|b8c7d1a92a4b7c2d
261|2026-09-16T21:54:58.6640000-04:00|Change|40002A63|Heading|1.5708|PosX|80.0000|PosY|100.0000|PosZ|-0.0000|48d0fec58a02999c
271|2026-09-16T21:54:58.6230000-04:00|40002A63|1.5708|00|00|80.0000|100.0000|0.0000|c931a6545172fc59
20|2026-09-16T21:54:58.6230000-04:00|10020C04|Minda Silva|5EF8|Dosis III|40002A6D|Chaos|1.443|97.77|96.33|0.00|-2.31|2e9d0fc1caaf9459
263|2026-09-16T21:54:58.6230000-04:00|10020C04|5EF8|91.783|90.837|0.198|-2.313|ecf6fb7c03eb1eb2
21|2026-09-16T21:54:58.6230000-04:00|1008704E|Arcane Valiance|07|attack|40002A6D|Chaos|710003|194D0000|0|0|0|0|0|0|0|0|0|0|0|0|0|0|23306051|37552669|10000|10000|||91.78|90.84|-0.00|0.71|280076|325219|4800|10000|||97.37|97.25|-0.00|1.09|0000406B|0|1|00||01|07|07|0.100|A036|3a8e453bdfb57760
264|2026-09-16T21:54:58.6230000-04:00|1008704E|0007|0000406B|0||||0.791|40002A6D|9397432785bcd09c
00|2026-09-16T21:54:58.6740000-04:00|0029||Arcane ValianceJenova hits Chaos for 6477 damage.|2c7d3e03a762a6d7
37|2026-09-16T21:54:58.7130000-04:00|100288BD|Elie Glory|00004060|111186|204515|9150|10000|19||96.34|97.48|-0.00|-0.81|1805|0|0|01|03000A31|0|41E38932|10020C04|c269f410747d02bf
22|2026-09-16T21:54:58.7130000-04:00|40002A63|Kefka|BAE3|Ultima Blaster|1003AAEE|Enri Haze|750003|0|1B|BAE38000|0|0|0|0|0|0|0|0|0|0|0|0|117980|227550|10000|10000|||93.81|96.10|-0.00|-0.80|9415000|9415000|10000|10000|||80.00|100.00|-0.00|1.57|0000406C|0|8|00||01|BAE3|BAE3|1.800|BFFF|1a50e54e6e9d5bcc
22|2026-09-16T21:54:58.7130000-04:00|40002A63|Kefka|BAE3|Ultima Blaster|100F612E|Mr Toxic|750003|0|1B|BAE38000|0|0|0|0|0|0|0|0|0|0|0|0|99770|205177|9200|10000|||96.24|101.04|0.00|0.26|9415000|9415000|10000|10000|||80.00|100.00|-0.00|1.57|0000406C|1|8|00||01|BAE3|BAE3|1.800|BFFF|14249cc03d50ef5e
22|2026-09-16T21:54:58.7130000-04:00|40002A63|Kefka|BAE3|Ultima Blaster|100D83F9|Stranjer Danger|750003|0|1B|BAE38000|0|0|0|0|0|0|0|0|0|0|0|0|128570|226428|10000|10000|||95.93|96.73|-0.00|-2.53|9415000|9415000|10000|10000|||80.00|100.00|-0.00|1.57|0000406C|2|8|00||01|BAE3|BAE3|1.800|BFFF|21999f8a1e785b30
22|2026-09-16T21:54:58.7130000-04:00|40002A63|Kefka|BAE3|Ultima Blaster|100B00B3|Skyler Phoenix|750003|0|1B|BAE38000|0|0|0|0|0|0|0|0|0|0|0|0|82540|227580|10000|10000|||96.67|97.31|-0.00|-2.49|9415000|9415000|10000|10000|||80.00|100.00|-0.00|1.57|0000406C|3|8|00||01|BAE3|BAE3|1.800|BFFF|badbc3fbf60a28a5
22|2026-09-16T21:54:58.7130000-04:00|40002A63|Kefka|BAE3|Ultima Blaster|100288BD|Elie Glory|750003|0|1B|BAE38000|0|0|0|0|0|0|0|0|0|0|0|0|103071|204515|9150|10000|||96.34|97.48|-0.00|-0.81|9415000|9415000|10000|10000|||80.00|100.00|-0.00|1.57|0000406C|4|8|00||01|BAE3|BAE3|1.800|BFFF|182404e96971c5a7
22|2026-09-16T21:54:58.7130000-04:00|40002A63|Kefka|BAE3|Ultima Blaster|1008704E|Arcane Valiance|750003|0|1B|BAE38000|0|0|0|0|0|0|0|0|0|0|0|0|280076|325219|4800|10000|||97.37|97.25|-0.00|1.04|9415000|9415000|10000|10000|||80.00|100.00|-0.00|1.57|0000406C|5|8|00||01|BAE3|BAE3|1.800|BFFF|c4a84ffc47860fd9
22|2026-09-16T21:54:58.7130000-04:00|40002A63|Kefka|BAE3|Ultima Blaster|10020C04|Minda Silva|750003|0|1B|BAE38000|0|0|0|0|0|0|0|0|0|0|0|0|131684|204515|6950|10000|||97.77|96.33|0.00|-2.31|9415000|9415000|10000|10000|||80.00|100.00|-0.00|1.57|0000406C|6|8|00||01|BAE3|BAE3|1.800|BFFF|5d561aefa9a7d5b8
22|2026-09-16T21:54:58.7130000-04:00|40002A63|Kefka|BAE3|Ultima Blaster|100632C7|Evil Batusai|EC750005|0|1B|BAE38000|0|0|0|0|0|0|0|0|0|0|0|0|325133|325133|5700|10000|||99.29|97.12|-0.00|0.51|9415000|9415000|10000|10000|||80.00|100.00|-0.00|1.57|0000406C|7|8|00||01|BAE3|BAE3|1.800|BFFF|2a33ed0ff44f2f2b
264|2026-09-16T21:54:58.7130000-04:00|40002A63|BAE3|0000406C|1|-0.015|-0.015|-0.015|1.571|40002A63|3b02b98a6448ebf7
38|2026-09-16T21:54:58.7130000-04:00|100288BD|Elie Glory|00646418|111186|204515|9150|10000|19||96.34|97.48|-0.00|-0.81|0|0|0|29D20030|442547FD|100288BD|04B4|40B45A11|100288BD|0B7A|402A6EAB|10020C04|0A31|41E32AFD|10020C04|0|0|0|0|0|0|0|0|0|0|0|0|0|0|0|0|0|0|0|0|0|0|0|0|0|0|0|0|0|0|0|0|0|0|0|0|0|0|0|0|0|0|0|0|0|0|0|0|0|0|0|0|0|0|0|0|0|0|0|0|0|0|0|0|0|0|0|0|0|0|0|0|0|0|0|0|0|0|0F40|414AED97|100288BD|079F|3FC0E58D|100D83F9|0A3A|402A6EAB|10020C04|0A35|414AED97|10020C04|030A53|40A224F1|10020C04|0A26|414AED97|1003AAEE|0|0|0|FFF604C3|406DE33D|100288BD|c7fd015778172927
30|2026-09-16T21:54:58.7130000-04:00|C4|Last Bastion|0.00|100632C7|Evil Batusai|100288BD|Elie Glory|00|204515|325133|c268d8404f511e20
00|2026-09-16T21:54:58.7660000-04:00|0030||Elie GloryUltros loses the effect of Last Bastion.|bfe982b944b6adcb
00|2026-09-16T21:54:58.7830000-04:00|002B||Elie GloryUltros casts Medica III.|771c6fd643fac543
00|2026-09-16T21:54:58.7830000-04:00|002D||   Enri HazeSiren recovers 8426 HP.|20d4592372a693b2
00|2026-09-16T21:54:58.7830000-04:00|002E||   Enri HazeSiren gains the effect of Eukrasian Prognosis.|c8c599db0244a190
261|2026-09-16T21:54:58.7920000-04:00|Change|40002A63|ModelStatus|0|991fcaa40bc6c0a8
00|2026-09-16T21:54:58.8190000-04:00|002D||   Elie GloryUltros recovers 20155 HP.|cf87ddf52b73ec97
00|2026-09-16T21:54:58.8190000-04:00|002E||   Elie GloryUltros gains the effect of Medica III.|368240b23040538a
37|2026-09-16T21:54:58.8450000-04:00|100632C7|Evil Batusai|00004060|325133|325133|5700|10000|19||99.30|97.13|-0.00|0.60|1306|0|0|01|03000A31|0|41E276C4|10020C04|496d370521920dc5
24|2026-09-16T21:54:58.8450000-04:00|100288BD|Elie Glory|HoT|4C3|44A2|111186|204515|9150|10000|||96.37|97.52|-0.00|-0.79|100288BD|Elie Glory|0|111186|204515|9150|10000|||96.37|97.52|-0.00|-0.79|e469213a809e978a
37|2026-09-16T21:54:58.8450000-04:00|100288BD|Elie Glory|00004068|148911|204515|9150|10000|19||96.37|97.52|-0.00|-0.79|1800|0|0|01|24000F28|0|41700000|100288BD|254a2e0e03cc4f62
26|2026-09-16T21:54:58.8450000-04:00|F28|Medica III|15.00|100288BD|Elie Glory|100288BD|Elie Glory|00|204515|204515|b1b5526205d27ecc
38|2026-09-16T21:54:58.8450000-04:00|10020C04|Minda Silva|00646428|131684|204515|6950|10000|28||97.77|96.33|0.00|-2.31|0|0|0|0A0168|41F00000|E0000000|0A2C|42700000|10020C04|29D20030|44E64BAB|10020C04|04B4|405A2CC2|10020C04|0A31|41E21CA7|10020C04|0B7A|401978E9|10020C04|0|0|0|0|0|0|0|0|0|0|0|0|0|0|0|0|0|0|0|0|0|0|0|0|0|0|0|0|0|0|0|0|0|0|0|0|0|0|0|0|0|0|0|0|0|0|0|0|0|0|0|0|0|0|0|0|0|0|0|0|0|0|0|0|0|0|0|0|0|0|0|0|0|0|0|079F|3F9EFA0F|100D83F9|0A3A|401978E9|10020C04|020A53|40956052|10020C04|0A35|4148D0EB|10020C04|0|0|0|0F40|4148D0EB|100288BD|FFF604C3|408C72A8|100288BD|0A26|4148D0EB|1003AAEE|e4ad9cdaeafcefee
26|2026-09-16T21:54:58.8450000-04:00|A2C|Kardia|60.00|10020C04|Minda Silva|10020C04|Minda Silva|00|204515|204515|855230585ebd619b
30|2026-09-16T21:54:58.8450000-04:00|C4|Last Bastion|0.00|100632C7|Evil Batusai|10020C04|Minda Silva|00|204515|325133|805eef19821603de
00|2026-09-16T21:54:58.8510000-04:00|002D||Elie GloryUltros's Plenary Indulgence restores 17570 of her HP.|2a3330c1bbcc3190
00|2026-09-16T21:54:58.8510000-04:00|0030||You lose the effect of Last Bastion.|662dd46e1a464030
261|2026-09-16T21:54:58.8430000-04:00|Change|10020C04|CastBuffID|24312|CastDurationCurrent|0.4126|CastDurationMax|1.4430|CastTargetID|40002A6D|Heading|-2.3129|IsCasting1|1|IsCasting2|1|PosX|97.7691|PosY|96.3263|d2e86711013805c6
00|2026-09-16T21:54:58.8650000-04:00|002B||Evil BatusaiDiabolos casts Holy Spirit.|1d7caf41ef7979d6
00|2026-09-16T21:54:58.8650000-04:00|0029||   Exdeath takes 32817 damage.|db8f7b389e7524f3
00|2026-09-16T21:54:58.8650000-04:00|002D||   Evil BatusaiDiabolos recovers 25177 HP.|a6b7f0ddf0c3eca8
261|2026-09-16T21:54:58.9270000-04:00|Change|100632C7|CurrentMP|5700|Heading|0.7429|NPCTargetID|40002A6C|PCTargetID|40002A6C|PosX|99.3172|PosY|97.1371|PosZ|-0.0027|c4990e667c1d7cd4
261|2026-09-16T21:54:58.9270000-04:00|Change|100288BD|CastBuffID|0|CastDurationCurrent|0.0000|CastDurationMax|0.0000|CastTargetID|E0000000|CurrentMP|9150|Heading|-0.7318|IsCasting1|0|IsCasting2|0|PosX|96.5889|PosY|98.2282|PosZ|-0.0014|bab6ad3dba7b1842
37|2026-09-16T21:54:58.9330000-04:00|40002A6C|Exdeath|00004069|23292744||||||101.43|100.88|0.00|-2.57|e9ed4c0e983dac46
00|2026-09-16T21:54:58.9510000-04:00|002B||Stranjer DangerSiren uses Heated Clean Shot.|9b7180b0d2333808
00|2026-09-16T21:54:58.9510000-04:00|0029||   Chaos takes 41052(+61%) damage.|b2af4171c0461a6d
00|2026-09-16T21:54:58.9510000-04:00|002D||   Critical! Skyler PhoenixDiabolos recovers 32481 HP.|f350ca9b92c60e85
00|2026-09-16T21:54:58.9510000-04:00|002E||   Skyler PhoenixDiabolos gains the effect of Medica III.|18e9e6b003d5405f
37|2026-09-16T21:54:58.9770000-04:00|1003AAEE|Enri Haze|00004060|126406|227550|10000|10000|17||93.70|96.06|-0.00|-1.32|2707|0|0|01|02000A31|0|41E1686E|10020C04|29c85d982b143993
24|2026-09-16T21:54:58.9770000-04:00|100B00B3|Skyler Phoenix|HoT|4C3|6F40|82540|227580|10000|10000|||96.67|97.31|-0.00|-2.49|100288BD|Elie Glory|1|148911|204515|9150|10000|||96.48|97.87|-0.02|-0.76|4f68004345671d90
37|2026-09-16T21:54:58.9770000-04:00|100B00B3|Skyler Phoenix|00004068|143501|227580|10000|10000|17||96.67|97.31|-0.00|-2.49|1601|0|0|01|26000F28|0|41700000|100288BD|c1cd168786bebe35
26|2026-09-16T21:54:58.9770000-04:00|F28|Medica III|15.00|100288BD|Elie Glory|100B00B3|Skyler Phoenix|00|227580|204515|2b49a84dc81132bd
38|2026-09-16T21:54:58.9770000-04:00|100B00B3|Skyler Phoenix|00646416|143501|227580|10000|10000|17||96.67|97.31|-0.00|-2.49|0|0|0|29CE0030|45194AA3|100B00B3|0A31|41E10E51|10020C04|0B7A|40446A98|10020C04|0|0|0|0|0|0|0|0|0|0|0|0|0|0|0|0|0|0|0|0|0|0|0|0|0|0|0|0|0|0|0|0|0|0|0|0|0|0|0|0|0|0|0|0|0|0|0|0|0|0|0|0|0|0|0|0|0|0|0|0|0|0|0|0|0|0|0|0|0|0|0|0|0|0|0|0|0|0|0|0|0|0A3A|40446A98|10020C04|0A35|4146B440|10020C04|0AA0|41A2B41D|100B00B3|030A53|40AF1AB6|10020C04|0F40|4146B440|100288BD|0|0|0|0A26|4146B440|1003AAEE|FFF604C3|4083F7C7|100288BD|0F28|416F4BC7|100288BD|a5417083a769ee58
30|2026-09-16T21:54:58.9770000-04:00|C4|Last Bastion|0.00|100632C7|Evil Batusai|100B00B3|Skyler Phoenix|00|227580|325133|329e1a30eef34dfa
37|2026-09-16T21:54:59.0210000-04:00|40002A6D|Chaos|0000406A|23264999||||||91.78|90.84|-0.00|0.71|8eeb4f34f13af108
39|2026-09-16T21:54:59.0210000-04:00|100F612E|Mr Toxic|101821|205177|9400|10000|||96.83|101.31|0.00|1.03|644cf7bd113ba06e
261|2026-09-16T21:54:59.0140000-04:00|Change|100F612E|CurrentMP|9400|Heading|1.2621|PosX|97.5676|PosY|101.2459|PosZ|0.0000|cc531f089d4c95ab
00|2026-09-16T21:54:59.0260000-04:00|002D||Critical! Skyler PhoenixDiabolos's Plenary Indulgence restores 28480 of his HP.|9f7d8d3531177bac
00|2026-09-16T21:54:59.0260000-04:00|0030||Skyler PhoenixDiabolos loses the effect of Last Bastion.|3fea7db4aaaa5b72
00|2026-09-16T21:54:59.0420000-04:00|002B||Kefka uses Ultima Blaster.|c66c49fefc31d684
00|2026-09-16T21:54:59.0420000-04:00|0029||   Enri HazeSiren takes 0 damage.|9e5a1ba583602799
00|2026-09-16T21:54:59.0420000-04:00|0029||   Mr ToxicDiabolos takes 0 damage.|7355a620e0fd6e35
00|2026-09-16T21:54:59.0420000-04:00|0029||   Stranjer DangerSiren takes 0 damage.|c8da93e5b4199b34
00|2026-09-16T21:54:59.0420000-04:00|0029||   Skyler PhoenixDiabolos takes 0 damage.|a73e62a41828e82f
00|2026-09-16T21:54:59.0420000-04:00|0029||   Elie GloryUltros takes 0 damage.|e97c3fff7b09edde
00|2026-09-16T21:54:59.0420000-04:00|0029||   Arcane ValianceJenova takes 0 damage.|b93f9981008458a1
00|2026-09-16T21:54:59.0420000-04:00|0029||   You take 0 damage.|d310f9eb0d691b8f
00|2026-09-16T21:54:59.0420000-04:00|0029||   Blocked! Evil BatusaiDiabolos takes 0(-20%) damage.|b7465604290dddf7
37|2026-09-16T21:54:59.1110000-04:00|1003AAEE|Enri Haze|0000406C|126406|227550|10000|10000|9||93.59|96.02|-0.00|-1.52|2700|0|0|02|20000A35|0|41700000|10020C04|22000A53|02|409B1AB3|10020C04|f178dd70c8cfa1e8
26|2026-09-16T21:54:59.1110000-04:00|A35|Panhaima|15.00|10020C04|Minda Silva|1003AAEE|Enri Haze|00|227550|204515|da3058b4db68a413
26|2026-09-16T21:54:59.1110000-04:00|A53|Panhaimatinon|4.85|10020C04|Minda Silva|1003AAEE|Enri Haze|02|227550|204515|856d78c04e2d45c8
24|2026-09-16T21:54:59.1110000-04:00|100D83F9|Stranjer Danger|HoT|4C3|41D8|128570|226428|10000|10000|||95.93|96.73|-0.00|-2.53|100288BD|Elie Glory|0|148911|204515|9150|10000|||96.77|98.82|-0.00|-0.69|6e149eb10e73114e
37|2026-09-16T21:54:59.1110000-04:00|100D83F9|Stranjer Danger|00004068|165987|226428|10000|10000|18||95.93|96.73|-0.00|-2.53|1F02|0|0|01|1E000F28|0|41700000|100288BD|622e62e4383bde01
26|2026-09-16T21:54:59.1110000-04:00|F28|Medica III|15.00|100288BD|Elie Glory|100D83F9|Stranjer Danger|00|226428|204515|d60bda55f5d992b9
21|2026-09-16T21:54:59.1110000-04:00|1003AAEE|Enri Haze|5F37|Infernal Slice|40002A6D|Chaos|35712003|4DA34001|A3E|1008000|11B|5F378000|0|0|0|0|0|0|0|0|0|0|23264999|37552669|10000|10000|||91.78|90.84|-0.00|0.71|126406|227550|10000|10000|||93.59|96.02|-0.00|-1.52|0000406D|0|1|00||01|5F37|5F37|0.600|0BE8|431ed9b9a2e1a319
264|2026-09-16T21:54:59.1110000-04:00|1003AAEE|5F37|0000406D|0||||-2.849|40002A6D|2b2de4bba4502688
21|2026-09-16T21:54:59.1110000-04:00|100D83F9|Stranjer Danger|08|Shot|40002A6D|Chaos|724003|1DAB0000|0|0|0|0|0|0|0|0|0|0|0|0|0|0|23264999|37552669|10000|10000|||91.78|90.84|-0.00|0.71|128570|226428|10000|10000|||95.93|96.73|-0.00|-2.53|0000406E|0|1|00||01|08|08|0.100|18F8|0818bff8cb1b07fc
264|2026-09-16T21:54:59.1110000-04:00|100D83F9|0008|0000406E|0||||-2.529|40002A6D|a536f5235207cad0
38|2026-09-16T21:54:59.1110000-04:00|1003AAEE|Enri Haze|00646427|126406|227550|10000|10000|9||93.59|96.02|-0.00|-1.52|0|0|0|29CE0030|441D3A2E|1003AAEE|0B7A|402AB039|10020C04|0A31|41DFFDEE|10020C04|0|0|0|0|0|0|0|0|0|0|0|0|0|0|0|0|0|0|0|0|0|0|0|0|0|0|0|0|0|0|0|0|0|0|0|0|0|0|0|0|0|0|0|0|0|0|0|0|0|0|0|0|0|0|0|0|0|0|0|0|0|0|0|0|0|0|0|0|0|0|0|0|0|0|0|0|0|0|0|0|0|0A1D|42375EAA|1003AAEE|0F40|4144937C|100288BD|0A35|416F4BC7|10020C04|0A3A|402AB039|10020C04|020A53|4099B240|10020C04|0A26|4144937C|1003AAEE|0|0|0|FFF604C3|405D0E42|100288BD|1ae2f7cbc9e9048b
00|2026-09-16T21:54:59.1250000-04:00|002D||   Stranjer DangerSiren recovers 20561 HP.|bbcf13002dc815a4
00|2026-09-16T21:54:59.1250000-04:00|002E||   Stranjer DangerSiren gains the effect of Medica III.|297e2807bd836321
00|2026-09-16T21:54:59.1250000-04:00|002E||Enri HazeSiren gains the effect of Panhaima.|c3f6f84813a6f3fc
00|2026-09-16T21:54:59.1250000-04:00|0030||Enri HazeSiren loses the effect of Panhaima.|d7f196416694fd0f
00|2026-09-16T21:54:59.1250000-04:00|002D||Stranjer DangerSiren's Plenary Indulgence restores 16856 of her HP.|6fe66bbb14a070d8
00|2026-09-16T21:54:59.1250000-04:00|0029||Direct hit! Stranjer DangerSiren hits Chaos for 7595 damage.|b5124739c622ab6e
37|2026-09-16T21:54:59.1550000-04:00|40002A6D|Chaos|0000406B|23258522||||||91.78|90.84|-0.00|0.71|b68294c9691acae9
37|2026-09-16T21:54:59.1550000-04:00|100F612E|Mr Toxic|0000406C|101821|205177|9400|10000|15||98.06|101.17|0.00|1.36|2A01|0|0|02|1E000A35|0|41700000|10020C04|23000A53|03|409E042E|10020C04|f9a5124147ab39af
26|2026-09-16T21:54:59.1550000-04:00|A35|Panhaima|15.00|10020C04|Minda Silva|100F612E|Mr Toxic|00|205177|204515|98e3a428afbf0ac3
26|2026-09-16T21:54:59.1550000-04:00|A53|Panhaimatinon|4.94|10020C04|Minda Silva|100F612E|Mr Toxic|03|205177|204515|7f994df10b51bf9d
21|2026-09-16T21:54:59.1550000-04:00|100632C7|Evil Batusai|17|Circle of Scorn|40002A6C|Exdeath|710003|22A70000|16A00E|F80000|0|0|0|0|0|0|0|0|0|0|0|0|23292744|37552669|10000|10000|||101.43|100.88|0.00|-2.57|325133|325133|5700|10000|||99.34|97.15|-0.00|0.89|0000406F|0|1|00||01|17|17|0.600|95C2|6ba257885bfc2753
264|2026-09-16T21:54:59.1550000-04:00|100632C7|0017|0000406F|0||||0.534|100632C7|4f0bd1b4fec7e3b7
38|2026-09-16T21:54:59.1550000-04:00|100F612E|Mr Toxic|0064642A|101821|205177|9400|10000|15||98.06|101.17|0.00|1.36|0|0|0|29CE0030|442384FC|100F612E|0A31|41DFA1C5|10020C04|0|0|0|0B7A|401F4BDA|10020C04|0|0|0|0|0|0|0|0|0|0|0|0|0|0|0|0|0|0|0|0|0|0|0|0|0|0|0|0|0|0|0|0|0|0|0|0|0|0|0|0|0|0|0|0|0|0|0|0|0|0|0|0|0|0|0|0|0|0|0|0|0|0|0|0|0|0|0|0|0|0|0|0|0|0|0|0|0|0|0A35|416F47AE|10020C04|0E5B|415B3F38|100F612E|030E5A|0|100F612E|079F|3FAA7F2E|100D83F9|0A3A|401F4BDA|10020C04|030A53|409C938A|10020C04|0F40|4143DB2A|100288BD|0|0|0|0A26|4143DB2A|1003AAEE|0|0|0|FFF604C3|406B6449|100288BD|7941ba4c1711f14c
37|2026-09-16T21:54:59.1980000-04:00|100D83F9|Stranjer Danger|0000406C|165987|226428|10000|10000|12||95.93|96.73|-0.00|-2.53|1F02|0|0|02|21000A53|01|408FBE88|10020C04|22000A35|0|41700000|10020C04|76db694561291f9b
26|2026-09-16T21:54:59.1980000-04:00|A53|Panhaimatinon|4.49|10020C04|Minda Silva|100D83F9|Stranjer Danger|01|226428|204515|fa68078229a3e5f5
26|2026-09-16T21:54:59.1980000-04:00|A35|Panhaima|15.00|10020C04|Minda Silva|100D83F9|Stranjer Danger|00|226428|204515|651a12b89bca6aac
21|2026-09-16T21:54:59.1990000-04:00|40002A6C|Exdeath|C250|unknown_c250|100632C7|Evil Batusai|710003|18750000|0|0|0|0|0|0|0|0|0|0|0|0|0|0|325133|325133|5700|10000|||99.34|97.15|-0.00|0.89|23292744|37552669|10000|10000|||101.43|100.88|0.00|-2.57|00004070|0|1|00||01|C250|C250|1.054|16D4|15fcc7a622a0408c
264|2026-09-16T21:54:59.1990000-04:00|40002A6C|C250|00004070|0||||-2.581|100632C7|712f6bd438dffefe
38|2026-09-16T21:54:59.1990000-04:00|100D83F9|Stranjer Danger|0064641F|165987|226428|10000|10000|12||95.93|96.73|-0.00|-2.53|0|0|0|043C|458478C3|100D83F9|29CE0030|451890DF|100D83F9|0A31|41DF47A8|10020C04|0B7A|403EB86A|10020C04|0|0|0|0|0|0|0|0|0|0|0|0|0|0|0|0|0|0|0|0|0|0|0|0|0|0|0|0|0|0|0|0|0|0|0|0|0|0|0|0|0|0|0|0|0|0|0|0|0|0|0|0|0|0|0|0|0|0|0|0|0|0|0|0|0|0|0|0|0|0|0|0|0|0|0|0|0|0|0F28|416DDF3C|100288BD|079F|3F40C4F8|100D83F9|0A3A|403EB86A|10020C04|010A53|408E5615|10020C04|0A35|416F4BC7|10020C04|0|0|0|0F40|414326F1|100288BD|FFF604C3|405FFFEF|100288BD|0A26|414326F1|1003AAEE|e7d52fba65a8874d
00|2026-09-16T21:54:59.2060000-04:00|002E||Mr ToxicDiabolos gains the effect of Panhaima.|5e5326cc044dce4b
00|2026-09-16T21:54:59.2060000-04:00|0030||Mr ToxicDiabolos loses the effect of Panhaima.|0d9ab5280d22e078
00|2026-09-16T21:54:59.2060000-04:00|002E||Stranjer DangerSiren gains the effect of Panhaima.|3ef09dc6f61b507c
00|2026-09-16T21:54:59.2060000-04:00|0030||Stranjer DangerSiren loses the effect of Panhaima.|96acf50d15684c09
00|2026-09-16T21:54:59.2360000-04:00|002D||   Critical! Arcane ValianceJenova recovers 33311 HP.|53540ae453ab1123
00|2026-09-16T21:54:59.2360000-04:00|002E||   Arcane ValianceJenova gains the effect of Medica III.|52a136d054cd44ac
37|2026-09-16T21:54:59.2430000-04:00|100B00B3|Skyler Phoenix|0000406C|143501|227580|10000|10000|14||96.67|97.31|-0.00|-2.49|1603|0|0|0|719cac0072a370c4
24|2026-09-16T21:54:59.2430000-04:00|1008704E|Arcane Valiance|HoT|4C3|6E26|280076|325219|4800|10000|||97.37|97.25|1.79|0.85|100288BD|Elie Glory|1|148911|204515|9150|10000|||96.75|100.52|-0.00|-0.79|19f3e803eef01f2a
37|2026-09-16T21:54:59.2430000-04:00|1008704E|Arcane Valiance|00004068|325219|325219|4800|10000|14||97.37|97.25|1.79|0.85|2003|0|0|01|22000F28|0|41700000|100288BD|0b91b8f44e7fb9db
26|2026-09-16T21:54:59.2430000-04:00|F28|Medica III|15.00|100288BD|Elie Glory|1008704E|Arcane Valiance|00|325219|204515|dcad2ac4910aaa01
37|2026-09-16T21:54:59.2880000-04:00|100288BD|Elie Glory|0000406C|148911|204515|9150|10000|17||96.75|100.52|-0.00|-0.79|1804|0|0|0|0c046c915a5b78cf
21|2026-09-16T21:54:59.2880000-04:00|100632C7|Evil Batusai|07|attack|40002A6C|Exdeath|714003|15410000|0|0|0|0|0|0|0|0|0|0|0|0|0|0|23292744|37552669|10000|10000|||101.43|100.88|0.00|-2.57|325133|325133|5700|10000|||99.35|97.17|-0.00|0.53|00004071|0|1|00||01|07|07|0.467|95C2|b49088814c22170c
264|2026-09-16T21:54:59.2880000-04:00|100632C7|0007|00004071|0||||0.534|40002A6C|6a9fc2da569f9d69
00|2026-09-16T21:54:59.2940000-04:00|002D||Critical! Arcane ValianceJenova's Plenary Indulgence restores 28198 of her HP.|eaa576f6c1bbbfa4
00|2026-09-16T21:54:59.2940000-04:00|0029||Direct hit! Evil BatusaiDiabolos hits Exdeath for 5441 damage.|0ba51da2d8c5faf5
37|2026-09-16T21:54:59.3330000-04:00|1008704E|Arcane Valiance|0000406C|325219|325219|4800|10000|12||97.37|97.25|1.79|0.85|2005|0|0|02|1E000A35|0|41700000|10020C04|20000A53|01|40A0DD44|10020C04|785dd56769b53a96
26|2026-09-16T21:54:59.3330000-04:00|A35|Panhaima|15.00|10020C04|Minda Silva|1008704E|Arcane Valiance|00|325219|204515|8d18f6d7c49a93f9
26|2026-09-16T21:54:59.3330000-04:00|A53|Panhaimatinon|5.03|10020C04|Minda Silva|1008704E|Arcane Valiance|01|325219|204515|9cebf45bdc4fa7b0
38|2026-09-16T21:54:59.3330000-04:00|1008704E|Arcane Valiance|00646420|325219|325219|4800|10000|12||97.37|97.25|1.79|0.85|0|0|0|0A0168|41F00000|E0000000|0B7A|4024FE0A|10020C04|1E016C|41F00000|E0000000|29CE0030|44E6FF09|1008704E|02E7|0|1008704E|0A31|41DE3539|10020C04|0|0|0|0|0|0|0|0|0|0|0|0|0|0|0|0|0|0|0|0|0|0|0|0|0|0|0|0|0|0|0|0|0|0|0|0|0|0|0|0|0|0|0|0|0|0|0|0|0|0|0|0|0|0|0|0|0|0|0|0|0|0|0|0|0|0|0|0|0|0|0|0|0A35|416F47AE|10020C04|0A3A|4024FE0A|10020C04|010A53|409F6CA0|10020C04|0F40|41410214|100288BD|0F28|416DDB23|100288BD|0A26|41410214|1003AAEE|FFF604C3|4081167F|100288BD|fd7898e1641a18c1
00|2026-09-16T21:54:59.3860000-04:00|002D||   Mr ToxicDiabolos recovers 20324 HP.|5d85b137de736bba
00|2026-09-16T21:54:59.3860000-04:00|002E||   Mr ToxicDiabolos gains the effect of Medica III.|915b89d5a02bc39e
00|2026-09-16T21:54:59.3860000-04:00|002E||Arcane ValianceJenova gains the effect of Panhaima.|d6319bc95e91e3d1
00|2026-09-16T21:54:59.3860000-04:00|0030||Arcane ValianceJenova loses the effect of Panhaima.|48d0910d9319beb8
00|2026-09-16T21:54:59.3860000-04:00|002D||Mr ToxicDiabolos's Plenary Indulgence restores 16849 of his HP.|c5896310cdb983ca
37|2026-09-16T21:54:59.3780000-04:00|10020C04|Minda Silva|0000406C|131684|204515|6950|10000|26||97.77|96.33|0.00|-2.31|2806|0|0|0|e07b6d7e5c846130
24|2026-09-16T21:54:59.3780000-04:00|100F612E|Mr Toxic|HoT|4C3|41D1|101821|205177|9400|10000|||98.87|101.04|0.00|1.51|100288BD|Elie Glory|0|148911|204515|9150|10000|||96.75|100.52|-0.00|-0.79|5a6e58dc7315fdb6
37|2026-09-16T21:54:59.3780000-04:00|100F612E|Mr Toxic|00004068|138994|205177|9400|10000|15||98.87|101.04|0.00|1.51|2A04|0|0|01|25000F28|0|41700000|100288BD|46b6c0775ece159f
26|2026-09-16T21:54:59.3780000-04:00|F28|Medica III|15.00|100288BD|Elie Glory|100F612E|Mr Toxic|00|205177|204515|7bae21e917ca9f4a
37|2026-09-16T21:54:59.4220000-04:00|100632C7|Evil Batusai|0000406C|325133|325133|5700|10000|5||99.36|97.18|-0.00|0.53|1307|0|0|04|03000000|0|0|E0000000|1E000A35|0|41700000|10020C04|1F000A53|02|4099BA74|10020C04|22000000|0|0|E0000000|a1e0d0f738e59680
26|2026-09-16T21:54:59.4220000-04:00|A35|Panhaima|15.00|10020C04|Minda Silva|100632C7|Evil Batusai|00|325133|204515|dea360053dce72a6
26|2026-09-16T21:54:59.4220000-04:00|A53|Panhaimatinon|4.80|10020C04|Minda Silva|100632C7|Evil Batusai|02|325133|204515|67d3ca881e0f9952
38|2026-09-16T21:54:59.4220000-04:00|100632C7|Evil Batusai|00646413|325133|325133|5700|10000|5||99.36|97.18|-0.00|0.53|0|0|0|0A2D|42700000|10020C04|29CE0030|44209E81|100632C7|4F|0|100632C7|0|0|0|0B7A|4005A1DE|10020C04|0|0|0|0|0|0|0|0|0|0|0|0|0|0|0|0|0|0|0|0|0|0|0|0|0|0|0|0|0|0|0|0|0|0|0|0|0|0|0|0|0|0|0|0|0|0|0|0|0|0|0|0|0|0|0|0|0|0|0|0|0|0|0|0|0|0|0|0|0|0|0|0|0|0|0|0A35|416F4BC7|10020C04|020A53|40985201|10020C04|079F|3F6E97EE|100D83F9|0A3A|4005A1DE|10020C04|0|0|0|0|0|0|0F40|413F9589|100288BD|FFF604C3|4062E138|100288BD|0|0|0|0A26|413F9589|1003AAEE|bdb37c164338800d
30|2026-09-16T21:54:59.4220000-04:00|A31|Eukrasian Prognosis|0.00|10020C04|Minda Silva|100632C7|Evil Batusai|00|325133|204515|727b8cac2a1b08cb
30|2026-09-16T21:54:59.4220000-04:00|A35|Panhaima|0.00|10020C04|Minda Silva|100632C7|Evil Batusai|00|325133|204515|0c6255316e9e075d
00|2026-09-16T21:54:59.4320000-04:00|0030||Evil BatusaiDiabolos loses the effect of Eukrasian Prognosis.|f9d271e2ceda40be
00|2026-09-16T21:54:59.4320000-04:00|002E||Evil BatusaiDiabolos gains the effect of Panhaima.|a75408a2b6a276bd
00|2026-09-16T21:54:59.4320000-04:00|0030||Evil BatusaiDiabolos loses the effect of Panhaima.|621ff33801fbec28
00|2026-09-16T21:54:59.4770000-04:00|002D||   You recover 20545 HP.|c173534be205a1df
00|2026-09-16T21:54:59.4770000-04:00|002E||   You gain the effect of Medica III.|7e4d8db755666324
24|2026-09-16T21:54:59.5110000-04:00|10020C04|Minda Silva|HoT|4C3|40BC|131684|204515|6950|10000|||97.77|96.33|0.00|-2.31|100288BD|Elie Glory|0|148911|204515|9150|10000|||96.65|101.97|-0.02|-0.94|c8085057f08c950a
37|2026-09-16T21:54:59.5110000-04:00|10020C04|Minda Silva|00004068|168801|204515|6950|10000|26||97.77|96.33|0.00|-2.31|2805|0|0|01|1E000F28|0|41700000|100288BD|fedf1fd58a139708
26|2026-09-16T21:54:59.5110000-04:00|F28|Medica III|15.00|100288BD|Elie Glory|10020C04|Minda Silva|00|204515|204515|dab7a62cca2f32ad
21|2026-09-16T21:54:59.5560000-04:00|10020C04|Minda Silva|5EF8|Dosis III|40002A6D|Chaos|750003|99B40000|1B|5EF88000|0|0|0|0|0|0|0|0|0|0|0|0|23258522|37552669|10000|10000|||91.78|90.84|-0.00|0.71|131684|204515|6950|10000|||97.77|96.33|0.00|-2.31|00004072|0|1|00||01|5EF8|5EF8|0.100|21C2|da8124ab1576d70a
264|2026-09-16T21:54:59.5560000-04:00|10020C04|5EF8|00004072|0||||-2.313|40002A6D|ddecbea20e74a329
20|2026-09-16T21:54:59.5560000-04:00|100288BD|Elie Glory|6503|Glare III|40002A6D|Chaos|1.450|96.65|101.97|-0.02|-0.94|b14c0dd5d26b31e0
263|2026-09-16T21:54:59.5560000-04:00|100288BD|6503|91.783|90.837|0.198|-2.763|f90c16eec6ff4f84
00|2026-09-16T21:54:59.5700000-04:00|002D||Your Plenary Indulgence restores 16572 of your HP.|736b7aef0a892168
00|2026-09-16T21:54:59.5700000-04:00|002B||Elie GloryUltros begins casting Glare III.|3ff9c4f19f4af73d
00|2026-09-16T21:54:59.5940000-04:00|002B||Enri HazeSiren uses Infernal Slice.|9bd69deaf0c1936c
00|2026-09-16T21:54:59.5940000-04:00|0029||   Critical! Chaos takes 85411(+53%) damage.|48c5013a76fe3382
00|2026-09-16T21:54:59.6200000-04:00|002D||   Enri HazeSiren recovers 21190 HP.|bbe9bf6ef3a8d759
00|2026-09-16T21:54:59.6200000-04:00|002E||   Enri HazeSiren gains the effect of Medica III.|53fb0ef6c49fe8e3
24|2026-09-16T21:54:59.6450000-04:00|1003AAEE|Enri Haze|HoT|4C3|42DA|126406|227550|10000|10000|||93.47|95.96|-0.00|1.83|100288BD|Elie Glory|0|148911|204515|9150|10000|||96.86|102.97|-0.00|-1.40|7b9e6f10822c4fd1
37|2026-09-16T21:54:59.6450000-04:00|1003AAEE|Enri Haze|00004068|164710|227550|10000|10000|9||93.47|95.96|-0.00|1.83|2706|0|0|01|24000F28|0|41700000|100288BD|5f35175b18f8f284
26|2026-09-16T21:54:59.6450000-04:00|F28|Medica III|15.00|100288BD|Elie Glory|1003AAEE|Enri Haze|00|227550|204515|33e6f844f16d6527
37|2026-09-16T21:54:59.6450000-04:00|40002A6D|Chaos|0000406D|23173111||||||91.78|90.84|-0.00|0.71|9a640f967764f725
24|2026-09-16T21:54:59.6890000-04:00|40002A6C|Exdeath|DoT|0|274F|23292744|37552669|10000|10000|||101.43|100.88|0.00|-2.57|1003AAEE|Enri Haze|FFFFFFFF|126406|227550|10000|10000|||93.47|95.96|-0.00|1.83|acf856380ffb00ff
24|2026-09-16T21:54:59.6890000-04:00|40002A6D|Chaos|DoT|0|52C3|23258522|37552669|10000|10000|||91.78|90.84|-0.00|0.71|10020C04|Minda Silva|FFFFFFFF|168801|204515|6550|10000|||97.41|96.42|0.00|-1.53|2a0d968cd46889a8
38|2026-09-16T21:54:59.6890000-04:00|40002A6C|Exdeath|00646400|23282681|37552669|10000|10000|0||101.43|100.88|0.00|-2.57|0|0|0|0|0|0|04AB|3FE916AD|1003AAEE|0A9F|402B32A1|100B00B3|0|0|0|0A0A1A|41896C64|1003AAEE|0234e28d2ee44c4c
38|2026-09-16T21:54:59.6890000-04:00|40002A6D|Chaos|00646400|23151924|37552669|10000|10000|0||91.78|90.84|-0.00|0.71|0|0|0|0A0A1A|422380F9|1003AAEE|0A9F|41970A2D|100B00B3|0|0|0|0|0|0|0A38|40718827|10020C04|c7a9897543df9f74
00|2026-09-16T21:54:59.7020000-04:00|002D||Enri HazeSiren's Plenary Indulgence restores 17114 of his HP.|2dc4b22085676c2d
261|2026-09-16T21:54:59.7120000-04:00|Change|100288BD|CastBuffID|25859|CastDurationCurrent|0.2454|CastDurationMax|1.4500|CastTargetID|40002A6D|Heading|-1.7512|IsCasting1|1|IsCasting2|1|PosX|96.9154|PosY|103.2824|PosZ|0.0000|10ae43a5e48b7e2f
00|2026-09-16T21:54:59.7250000-04:00|002D||   Evil BatusaiDiabolos recovers 20796 HP.|66676c1770209a55
00|2026-09-16T21:54:59.7250000-04:00|002E||   Evil BatusaiDiabolos gains the effect of Medica III.|6d327a4e8363e236
24|2026-09-16T21:54:59.7780000-04:00|100632C7|Evil Batusai|HoT|4C3|460E|325133|325133|5700|10000|||100.40|98.95|-0.00|0.89|100288BD|Elie Glory|0|148911|204515|9150|10000|||96.90|103.20|-0.00|-1.66|21ed2704e79b8922
37|2026-09-16T21:54:59.7780000-04:00|100632C7|Evil Batusai|00004068|325133|325133|5700|10000|5||100.40|98.95|-0.00|0.89|1307|0|0|01|22000F28|0|41700000|100288BD|bd35a4831caf44d8
26|2026-09-16T21:54:59.7780000-04:00|F28|Medica III|15.00|100288BD|Elie Glory|100632C7|Evil Batusai|00|325133|204515|9b88c49797306294
37|2026-09-16T21:54:59.8230000-04:00|40002A6C|Exdeath|00004071|23277240||||||101.43|100.88|0.00|-2.57|386f5595c3cf8900
39|2026-09-16T21:54:59.8230000-04:00|10020C04|Minda Silva|170846|204515|6750|10000|||97.04|96.52|0.00|-1.33|cdcdbb30ca4ce3b9
00|2026-09-16T21:54:59.8280000-04:00|002D||Evil BatusaiDiabolos's Plenary Indulgence restores 17934 of his HP.|360284492be584c3
00|2026-09-16T21:54:59.8600000-04:00|0029||Exdeath hits Evil BatusaiDiabolos for 6261 damage.|a64829cf8c75998b
261|2026-09-16T21:54:59.8560000-04:00|Change|100F612E|Heading|1.3536|PosX|102.3968|PosY|102.6867|PosZ|-0.0020|4dc1d5eb1e353cd7
261|2026-09-16T21:54:59.8720000-04:00|Change|10020C04|CastDurationCurrent|1.4313|CurrentMP|6750|Heading|-0.8595|PosX|96.3025|PosY|96.8516|3f90ca304a166a5c
37|2026-09-16T21:54:59.8680000-04:00|40002A6D|Chaos|0000406E|23144329||||||91.78|90.84|-0.00|0.71|5f6fa748bdbdb3e1
00|2026-09-16T21:55:00.0060000-04:00|0030||Stranjer DangerSiren loses the effect of Tactician.|fa79302ba5a0c7fd
38|2026-09-16T21:54:59.9570000-04:00|100D83F9|Stranjer Danger|0064641F|165987|226428|10000|10000|12||95.93|96.73|-0.00|-2.20|0|0|0|043C|458472B5|100D83F9|29CE0030|451884C3|100D83F9|0A31|41D93743|10020C04|0B7A|400E3558|10020C04|0|0|0|0|0|0|0|0|0|0|0|0|0|0|0|0|0|0|0|0|0|0|0|0|0|0|0|0|0|0|0|0|0|0|0|0|0|0|0|0|0|0|0|0|0|0|0|0|0|0|0|0|0|0|0|0|0|0|0|0|0|0|0|0|0|0|0|0|0|0|0|0|0|0|0|0|0|0|0F28|4161BE7A|100288BD|0|0|0|0A3A|400E3558|10020C04|010A53|406C2914|10020C04|0A35|41632B05|10020C04|0|0|0|0F40|4137062F|100288BD|FFF604C3|402F7CDD|100288BD|0A26|4137062F|1003AAEE|fd836f64e67fb71e
30|2026-09-16T21:54:59.9570000-04:00|79F|Tactician|0.00|100D83F9|Stranjer Danger|100D83F9|Stranjer Danger|00|226428|226428|69b695994fd53ce4
37|2026-09-16T21:55:00.0010000-04:00|100632C7|Evil Batusai|00004070|318872||||||100.57|99.14|-0.00|1.38|800a7c2c176767bc
261|2026-09-16T21:55:00.0830000-04:00|Change|1008704E|CurrentMP|5000|Heading|0.7796|PosX|97.2908|PosY|99.3841|PosZ|-0.0153|6374c81b382284f9
39|2026-09-16T21:55:00.0910000-04:00|1008704E|Arcane Valiance|325219|325219|5000|10000|||97.40|98.52|-0.00|0.79|3e94ac47b45dced1
38|2026-09-16T21:55:00.0910000-04:00|10020C04|Minda Silva|00646428|170846|204515|6750|10000|26||95.95|97.24|0.00|-0.90|0|0|0|0A0168|41F00000|E0000000|0A2C|42700000|10020C04|29D20030|44E623CD|10020C04|04B4|400A6E4C|10020C04|0A31|41D824D4|10020C04|0B7A|3F9374E8|10020C04|0|0|0|0|0|0|0|0|0|0|0|0|0|0|0|0|0|0|0|0|0|0|0|0|0|0|0|0|0|0|0|0|0|0|0|0|0|0|0|0|0|0|0|0|0|0|0|0|0|0|0|0|0|0|0|0|0|0|0|0|0|0|0|0|0|0|0|0|0|0|0|0|0F28|4166041B|100288BD|0|0|0|0A3A|3F9374E8|10020C04|020A53|405B0228|10020C04|0A35|4134E152|10020C04|0|0|0|0F40|4134E152|100288BD|FFF604C3|404926D7|100288BD|0A26|4134E152|1003AAEE|f3c7e8360b2e1e74
30|2026-09-16T21:55:00.0910000-04:00|79F|Tactician|0.00|100D83F9|Stranjer Danger|10020C04|Minda Silva|00|204515|226428|f199d406d82fd72f
00|2026-09-16T21:55:00.0970000-04:00|0030||You lose the effect of Tactician.|ceb58571ce75baed
261|2026-09-16T21:55:00.1070000-04:00|Change|100D83F9|Heading|-2.0519|PosX|94.6310|PosY|96.0830|PosZ|-0.0000|74533c1afe157585
00|2026-09-16T21:55:00.1350000-04:00|002B||Evil BatusaiDiabolos uses Circle of Scorn.|9db224e73e0a3fd4
00|2026-09-16T21:55:00.1770000-04:00|0029||   Exdeath takes 8871 damage.|c82143c194bc6d55
00|2026-09-16T21:55:00.1770000-04:00|002F||   Exdeath suffers the effect of Circle of Scorn.|d4b7d90a62776a18
21|2026-09-16T21:55:00.1350000-04:00|100B00B3|Skyler Phoenix|9058|Drakesbane|40002A6D|Chaos|720003|A5F40000|F|7478000|11B|90588000|0|0|0|0|0|0|0|0|0|0|23144329|37552669|10000|10000|||91.78|90.84|-0.00|0.71|143501|227580|10000|10000|||96.67|97.31|-0.00|-2.49|00004073|0|1|00||01|9058|9058|0.600|1A71|03daa2a5c63cc669
264|2026-09-16T21:55:00.1350000-04:00|100B00B3|9058|00004073|0||||-2.493|40002A6D|d353a7be5b9940f4
21|2026-09-16T21:55:00.1350000-04:00|100632C7|Evil Batusai|6493|Expiacion|40002A6C|Exdeath|714003|92250000|B|1F48000|0|0|0|0|0|0|0|0|0|0|0|0|23277240|37552669|10000|10000|||101.43|100.88|0.00|-2.57|318872|325133|5700|10000|||100.73|99.31|-0.00|1.86|00004074|0|1|00||01|6493|6493|0.600|99B8|30323c2ce51f70aa
264|2026-09-16T21:55:00.1350000-04:00|100632C7|6493|00004074|0||||0.631|40002A6C|dc5c13602ed39832
38|2026-09-16T21:55:00.1360000-04:00|100B00B3|Skyler Phoenix|00646416|143501|227580|10000|10000|14||96.67|97.31|-0.00|-2.49|0|0|0|29CE0030|45193823|100B00B3|0A31|41D7CAB7|10020C04|0B7A|3FF49BDA|10020C04|0|0|0|0|0|0|0|0|0|0|0|0|0|0|0|0|0|0|0|0|0|0|0|0|0|0|0|0|0|0|0|0|0|0|0|0|0|0|0|0|0|0|0|0|0|0|0|0|0|0|0|0|0|0|0|0|0|0|0|0|0|0|0|0|0|0|0|0|0|0|0|0|0|0|0|0|0|0|0|0|0|0A3A|3FF49BDA|10020C04|0A35|41342D19|10020C04|0AA0|41997083|100B00B3|030A53|408A0C5A|10020C04|0F40|41342D19|100288BD|0747|C1F00000|100B00B3|0A26|41342D19|1003AAEE|FFF604C3|403DD2E2|100288BD|0F28|415CC4A0|100288BD|668b405a0e01fe06
26|2026-09-16T21:55:00.1360000-04:00|747|Draconian Fire|30.00|100B00B3|Skyler Phoenix|100B00B3|Skyler Phoenix|00|227580|227580|edafc450cd52009e
37|2026-09-16T21:55:00.1800000-04:00|40002A6C|Exdeath|0000406F|23268369|37552669|10000|10000|0||101.43|100.88|0.00|-2.57|0|0|0|01|F8|0|41700000|100632C7|96cfb0e29cca82e8
26|2026-09-16T21:55:00.1800000-04:00|F8|Circle of Scorn|15.00|100632C7|Evil Batusai|40002A6C|Exdeath|00|37552669|325133|7c6e4b661509f71e
24|2026-09-16T21:55:00.2250000-04:00|100632C7|Evil Batusai|HoT|A2C|59B6|318872|325133|5700|10000|||100.70|99.39|-0.00|0.55|10020C04|Minda Silva|1|170846|204515|6750|10000|||95.92|97.31|0.00|-0.75|b2ec191cc293cb44
37|2026-09-16T21:55:00.2250000-04:00|40002A6D|Chaos|00004072|23104981||||||91.78|90.84|-0.00|0.71|9db4632f27e7343a
39|2026-09-16T21:55:00.2250000-04:00|100D83F9|Stranjer Danger|168251|226428|10000|10000|||94.13|95.94|-0.00|-1.98|a6c1fc3c30bbee5d
21|2026-09-16T21:55:00.2250000-04:00|100B00B3|Skyler Phoenix|07|attack|40002A6D|Chaos|720003|1DEB0000|0|0|0|0|0|0|0|0|0|0|0|0|0|0|23144329|37552669|10000|10000|||91.78|90.84|-0.00|0.71|143501|227580|10000|10000|||96.67|97.31|-0.00|-2.49|00004075|0|1|00||01|07|07|0.511|1A71|349c0d6c605af9d7
264|2026-09-16T21:55:00.2250000-04:00|100B00B3|0007|00004075|0||||-2.493|40002A6D|c6a249de349626a1
38|2026-09-16T21:55:00.2250000-04:00|100288BD|Elie Glory|00646418|148911|204515|9150|10000|17||97.06|104.17|0.00|-2.76|0|0|0|29D20030|4424E73A|100288BD|04B4|4083F7BC|100288BD|0B7A|3F935421|10020C04|0A31|41D71265|10020C04|0|0|0|0|0|0|0|0|0|0|0|0|0|0|0|0|0|0|0|0|0|0|0|0|0|0|0|0|0|0|0|0|0|0|0|0|0|0|0|0|0|0|0|0|0|0|0|0|0|0|0|0|0|0|0|0|0|0|0|0|0|0|0|0|0|0|0|0|0|0|0|0|0|0|0|0|0|0|0F40|4132BC75|100288BD|0|0|0|0A3A|3F935421|10020C04|0A35|4132BC75|10020C04|030A53|4063853C|10020C04|0A26|4132BC75|1003AAEE|0F28|41593751|100288BD|FFF604C3|400D1EA2|100288BD|f6d8617e140ea7ff
30|2026-09-16T21:55:00.2250000-04:00|79F|Tactician|0.00|100D83F9|Stranjer Danger|100288BD|Elie Glory|00|204515|226428|80a54dcbef5a2bb2
38|2026-09-16T21:55:00.2250000-04:00|100632C7|Evil Batusai|00646413|325133|325133|5700|10000|5||100.70|99.39|-0.00|0.55|0|0|0|0A2D|42700000|10020C04|29CE0030|44206B1E|100632C7|4F|0|100632C7|0|0|0|0B7A|3FA47B08|10020C04|0|0|0|0|0|0|0|0|0|0|0|0|0|0|0|0|0|0|0|0|0|0|0|0|0|0|0|0|0|0|0|0|0|0|0|0|0|0|0|0|0|0|0|0|0|0|0|0|0|0|0|0|0|0|0|0|0|0|0|0|0|0|0|0|0|0|0|0|0|0|0|0|0|0|0|0A35|416272B3|10020C04|020A53|407D3FA0|10020C04|079F|3E041A1C|100D83F9|0A3A|3FA47B08|10020C04|0F28|416824DF|100288BD|0|0|0|0F40|4132BC75|100288BD|FFF604C3|402F7CDE|100288BD|0|0|0|0A26|4132BC75|1003AAEE|3215b0233946d47a
26|2026-09-16T21:55:00.2250000-04:00|A2D|Kardion|60.00|10020C04|Minda Silva|100632C7|Evil Batusai|00|325133|204515|e787eabe7aeaf9f7
00|2026-09-16T21:55:00.2790000-04:00|002D||Critical! Evil BatusaiDiabolos's Kardia restores 22966 of his HP.|598fd5ce9a5fe887
00|2026-09-16T21:55:00.2790000-04:00|0030||Elie GloryUltros loses the effect of Tactician.|d05b7579d4cf7416
00|2026-09-16T21:55:00.2790000-04:00|0029||Skyler PhoenixDiabolos hits Chaos for 7659 damage.|58535fbfc2fb7d13
270|2026-09-16T21:55:00.3150000-04:00|40002A6C|-1.9311|0000|005A|101.4267|100.8773|0.1678|52f2125334506500
270|2026-09-16T21:55:00.3150000-04:00|40002A6D|0.3645|0000|005A|91.7830|90.8369|0.1983|b0088b0978b82242
38|2026-09-16T21:55:00.3590000-04:00|100632C7|Evil Batusai|00646413|325133|325133|5700|10000|5||100.14|99.60|-0.00|-0.08|0|0|0|0A2D|42700000|10020C04|29CE0030|4420628A|100632C7|4F|0|100632C7|0|0|0|0B7A|3F93541E|10020C04|0|0|0|0|0|0|0|0|0|0|0|0|0|0|0|0|0|0|0|0|0|0|0|0|0|0|0|0|0|0|0|0|0|0|0|0|0|0|0|0|0|0|0|0|0|0|0|0|0|0|0|0|0|0|0|0|0|0|0|0|0|0|0|0|0|0|0|0|0|0|0|0|0|0|0|0A35|41604DD7|10020C04|020A53|4074AC2C|10020C04|0|0|0|0A3A|3F93541E|10020C04|0F28|41660003|100288BD|0|0|0|0F40|41309799|100288BD|FFF604C3|4026E96A|100288BD|0|0|0|0A26|41309799|1003AAEE|e2d6857e98c71bb4
30|2026-09-16T21:55:00.3590000-04:00|79F|Tactician|0.00|100D83F9|Stranjer Danger|100632C7|Evil Batusai|00|325133|226428|7a052f50955099db
00|2026-09-16T21:55:00.3680000-04:00|0030||Evil BatusaiDiabolos loses the effect of Tactician.|651ff065ae90383e
261|2026-09-16T21:55:00.4640000-04:00|Change|40002A63|ModelStatus|16384|88ceb463e6525d38
00|2026-09-16T21:55:00.5010000-04:00|002B||Evil BatusaiDiabolos uses Expiacion.|0436f7bb40e8b52a
00|2026-09-16T21:55:00.5010000-04:00|0029||   Direct hit! Exdeath takes 37413 damage.|e4a69e9486c28230
00|2026-09-16T21:55:00.5010000-04:00|002D||   Evil BatusaiDiabolos recovers 500 MP.|94c543aae4345de0
00|2026-09-16T21:55:00.5010000-04:00|002B||You cast Dosis III.|06257dba4b624490
00|2026-09-16T21:55:00.5020000-04:00|0029||   Chaos takes 39348 damage.|89eac9a0e5ded0b4
261|2026-09-16T21:55:00.5270000-04:00|Change|100632C7|CurrentMP|6200|Heading|-0.6482|PosX|99.3350|PosY|100.0461|PosZ|-0.0017|9547290ab875b93d
00|2026-09-16T21:55:00.4990000-04:00|0030||Mr ToxicDiabolos loses the effect of Tactician.|3b5e33d9b34fa1b4
37|2026-09-16T21:55:00.4930000-04:00|40002A6C|Exdeath|00004074|23230956||||||101.43|100.88|0.00|-2.48|a3a3127e9c92b022
37|2026-09-16T21:55:00.4930000-04:00|100632C7|Evil Batusai|00004074|325133|325133|6200|10000|5||99.82|99.72|-0.00|-0.45|1300|0|0|0|3ca138b1d1eeeb9f
21|2026-09-16T21:55:00.4930000-04:00|100288BD|Elie Glory|6503|Glare III|40002A6D|Chaos|752003|F9D30000|1B|65038000|0|0|0|0|0|0|0|0|0|0|0|0|23104981|37552669|10000|10000|||91.78|90.84|-0.00|0.66|148911|204515|9150|10000|||97.06|104.17|0.00|-2.76|00004076|0|1|00||01|6503|6503|0.100|0F69|7f55140a9a3c2f11
264|2026-09-16T21:55:00.4930000-04:00|100288BD|6503|00004076|0||||-2.763|40002A6D|5cca662873edb0ce
38|2026-09-16T21:55:00.4930000-04:00|100F612E|Mr Toxic|0064642A|138994|205177|9400|10000|15||104.80|103.66|0.00|1.04|0|0|0|29CE0030|44232F5C|100F612E|0A31|41D4ED87|10020C04|0|0|0|0B7A|3F935420|10020C04|0|0|0|0|0|0|0|0|0|0|0|0|0|0|0|0|0|0|0|0|0|0|0|0|0|0|0|0|0|0|0|0|0|0|0|0|0|0|0|0|0|0|0|0|0|0|0|0|0|0|0|0|0|0|0|0|0|0|0|0|0|0|0|0|0|0|0|0|0|0|0|0|0|0|0|0|0|0|0A35|4159DF40|10020C04|0E5B|4145D6CA|100F612E|030E5A|0|100F612E|0|0|0|0A3A|3F935420|10020C04|030A53|40638540|10020C04|0F40|412E72BC|100288BD|0F28|415D70A8|100288BD|0A26|412E72BC|1003AAEE|0|0|0|FFF604C3|4015C27F|100288BD|dcd91e866759f0fb
30|2026-09-16T21:55:00.4930000-04:00|79F|Tactician|0.00|100D83F9|Stranjer Danger|100F612E|Mr Toxic|00|205177|226428|d257b8b7e6f18f30
39|2026-09-16T21:55:00.5820000-04:00|1003AAEE|Enri Haze|166985|227550|10000|10000|||96.01|96.68|-0.00|1.17|19c16ea7039fb12e
21|2026-09-16T21:55:00.5820000-04:00|1003AAEE|Enri Haze|07|attack|40002A6D|Chaos|710003|206E0000|0|0|0|0|0|0|0|0|0|0|0|0|0|0|23104981|37552669|10000|10000|||91.78|90.84|-0.00|0.54|164710|227550|10000|10000|||96.01|96.68|-0.00|1.17|00004077|0|1|00||01|07|07|0.100|8084|0f8386e2accd3fa1
264|2026-09-16T21:55:00.5820000-04:00|1003AAEE|0007|00004077|0||||0.013|40002A6D|e078159a21b5cf98
00|2026-09-16T21:55:00.5920000-04:00|0029||Enri HazeSiren hits Chaos for 8302 damage.|f55a1833858cddee
270|2026-09-16T21:55:00.6260000-04:00|40002A6C|-1.8704|0000|005A|101.4267|100.8773|0.1678|ea858490e5f4ecf8
270|2026-09-16T21:55:00.6260000-04:00|40002A6D|0.3645|0000|005A|92.6375|93.0647|0.1983|d1c89111a53ea5fd
24|2026-09-16T21:55:00.6710000-04:00|1003AAEE|Enri Haze|HoT|0|A98C|166985|227550|10000|10000|||96.06|97.21|-0.00|0.92|100288BD|Elie Glory|0|148911|204515|8750|10000|||97.06|104.17|0.00|-2.76|1054add74cbaa62c
21|2026-09-16T21:55:00.6710000-04:00|100F612E|Mr Toxic|8766|Holy in White|40002A6C|Exdeath|750003|E9000000|0|0|0|0|0|0|0|0|0|0|0|0|0|0|23230956|37552669|10000|10000|||101.43|100.88|0.00|-2.15|138994|205177|9400|10000|||105.31|104.76|0.00|0.78|00004078|0|1|00||01|8766|8766|0.600|1A70|88d680ea69919a59
264|2026-09-16T21:55:00.6710000-04:00|100F612E|8766|00004078|0||||-2.493|40002A6C|3172dfd6761384c8
38|2026-09-16T21:55:00.6710000-04:00|1003AAEE|Enri Haze|00646427|210389|227550|10000|10000|9||96.06|97.21|-0.00|0.92|0|0|0|29CE0030|441CD649|1003AAEE|0B7A|3F8D9199|10020C04|0A31|41D380FB|10020C04|0|0|0|0|0|0|0|0|0|0|0|0|0|0|0|0|0|0|0|0|0|0|0|0|0|0|0|0|0|0|0|0|0|0|0|0|0|0|0|0|0|0|0|0|0|0|0|0|0|0|0|0|0|0|0|0|0|0|0|0|0|0|0|0|0|0|0|0|0|0|0|0|0|0|0|0|0|0|0|0|0|0A1D|42312040|1003AAEE|0F40|412B99A6|100288BD|0A35|415651F1|10020C04|0A3A|3F8D9199|10020C04|020A53|404F7D0C|10020C04|0A26|412B99A6|1003AAEE|0F28|415EDD33|100288BD|FFF604C3|3FF24DAD|100288BD|fe04f904edc74e44
21|2026-09-16T21:55:00.7160000-04:00|100D83F9|Stranjer Danger|1CF3|Heated Split Shot|40002A6D|Chaos|724003|6A860000|53E|A98000|1B|B328000|0|0|0|0|0|0|0|0|0|0|23104981|37552669|10000|10000|||91.95|91.27|-0.00|0.44|168251|226428|10000|10000|||93.08|96.25|-0.00|-2.08|00004079|0|1|00||01|1CF3|1CF3|0.600|08C3|3d6f7314001b77b4
264|2026-09-16T21:55:00.7160000-04:00|100D83F9|1CF3|00004079|0||||-2.927|40002A6D|5fd5da4fa6e77f73
36|2026-09-16T21:55:00.7160000-04:00|13D8|3|71bc5c4b70226b0f
37|2026-09-16T21:55:00.7610000-04:00|40002A6D|Chaos|00004075|23097322||||||91.95|91.27|-0.00|0.44|7d34f0fb526be6be
37|2026-09-16T21:55:00.7610000-04:00|100B00B3|Skyler Phoenix|00004075|143501|227580|10000|10000|14||96.67|97.31|-0.00|-2.49|1600|0|0|01|23000747|0|C1F00000|100B00B3|56b77e5363bec01b
24|2026-09-16T21:55:00.7610000-04:00|10020C04|Minda Silva|HoT|0|AD97|170846|204515|6750|10000|||96.44|98.71|0.00|0.88|1003AAEE|Enri Haze|0|210389|227550|10000|10000|||96.13|98.07|-0.00|0.50|f10f5bdaee560b5d
24|2026-09-16T21:55:00.7610000-04:00|100632C7|Evil Batusai|HoT|0|AF19|325133|325133|6200|10000|||98.38|100.73|0.00|-0.91|1003AAEE|Enri Haze|0|210389|227550|10000|10000|||96.13|98.07|-0.00|0.50|c71a15df3d604c62
38|2026-09-16T21:55:00.7610000-04:00|10020C04|Minda Silva|00646428|204515|204515|7300|10000|26||96.44|98.71|0.00|0.88|0|0|0|0A0168|41F00000|E0000000|0A2C|42700000|10020C04|29D20030|44E60E5C|10020C04|04B4|3FBF1A09|10020C04|0A31|41D2C8A9|10020C04|0B7A|3EF6C95E|10020C04|0|0|0|0|0|0|0|0|0|0|0|0|0|0|0|0|0|0|0|0|0|0|0|0|0|0|0|0|0|0|0|0|0|0|0|0|0|0|0|0|0|0|0|0|0|0|0|0|0|0|0|0|0|0|0|0|0|0|0|0|0|0|0|0|0|0|0|0|0|0|0|0|0F28|415B4BCB|100288BD|0|0|0|0A3A|3EF6C95E|10020C04|020A53|403020E0|10020C04|0A35|412A2902|10020C04|0|0|0|0F40|412A2902|100288BD|FFF604C3|401E458F|100288BD|0A26|412A2902|1003AAEE|38c593993e79c5f0
38|2026-09-16T21:55:00.7610000-04:00|100632C7|Evil Batusai|00646413|325133|325133|6200|10000|5||98.38|100.73|0.00|-0.91|0|0|0|0A2D|42700000|10020C04|29CE0030|442048D1|100632C7|4F|0|100632C7|0|0|0|0B7A|3F3FBEC3|10020C04|0|0|0|0|0|0|0|0|0|0|0|0|0|0|0|0|0|0|0|0|0|0|0|0|0|0|0|0|0|0|0|0|0|0|0|0|0|0|0|0|0|0|0|0|0|0|0|0|0|0|0|0|0|0|0|0|0|0|0|0|0|0|0|0|0|0|0|0|0|0|0|0|0|0|0|0A35|4159DF40|10020C04|020A53|405AF1CD|10020C04|0|0|0|0A3A|3F3FBEC3|10020C04|0F28|415F916C|100288BD|0|0|0|0F40|412A2902|100288BD|FFF604C3|400D2F0B|100288BD|0|0|0|0A26|412A2902|1003AAEE|5daebddd40aa9314
261|2026-09-16T21:55:00.7560000-04:00|Change|100288BD|CastBuffID|0|CastDurationCurrent|0.0000|CastDurationMax|0.0000|CastTargetID|E0000000|CurrentMP|8750|Heading|-2.7847|IsCasting1|0|IsCasting2|0|PosX|97.0638|PosY|104.1655|PosZ|-0.0153|35baca06fab4d35d
261|2026-09-16T21:55:00.8430000-04:00|Change|100F612E|CurrentMP|9100|Heading|-2.4927|PosX|105.7873|PosY|106.0175|PosZ|-0.0028|8b5f55b53e7ac051
24|2026-09-16T21:55:00.8500000-04:00|100F612E|Mr Toxic|HoT|0|D4EE|138994|205177|9100|10000|||105.58|105.47|0.00|-2.49|100288BD|Elie Glory|0|148911|204515|8750|10000|||97.06|104.17|0.00|-2.76|5303b8c7b9dda56f
24|2026-09-16T21:55:00.8500000-04:00|100288BD|Elie Glory|HoT|0|F80A|148911|204515|8750|10000|||97.06|104.17|0.00|-2.76|100288BD|Elie Glory|0|148911|204515|8750|10000|||97.06|104.17|0.00|-2.76|83a29de7d8389d3e
38|2026-09-16T21:55:00.8500000-04:00|100F612E|Mr Toxic|0064642A|193504|205177|9100|10000|15||105.58|105.47|0.00|-2.49|0|0|0|29CE0030|44231884|100F612E|0A31|41D21263|10020C04|0|0|0|0B7A|3F4B43E5|10020C04|0|0|0|0|0|0|0|0|0|0|0|0|0|0|0|0|0|0|0|0|0|0|0|0|0|0|0|0|0|0|0|0|0|0|0|0|0|0|0|0|0|0|0|0|0|0|0|0|0|0|0|0|0|0|0|0|0|0|0|0|0|0|0|0|0|0|0|0|0|0|0|0|0|0|0|0|0|0|0A35|415428FB|10020C04|0E5B|41402085|100F612E|030E5A|0|100F612E|0|0|0|0A3A|3F4B43E5|10020C04|030A53|404CAC29|10020C04|0F40|4128BC77|100288BD|0F28|4157BA63|100288BD|0A26|4128BC77|1003AAEE|0|0|0|FFF604C3|3FFDD2D1|100288BD|2984a33cd6c57c34
38|2026-09-16T21:55:00.8500000-04:00|100288BD|Elie Glory|00646418|204515|204515|9300|10000|17||97.06|104.17|0.00|-2.76|0|0|0|29D20030|4424BF3B|100288BD|04B4|405FEF77|100288BD|0B7A|3F06A83F|10020C04|0A31|41D21263|10020C04|0|0|0|0|0|0|0|0|0|0|0|0|0|0|0|0|0|0|0|0|0|0|0|0|0|0|0|0|0|0|0|0|0|0|0|0|0|0|0|0|0|0|0|0|0|0|0|0|0|0|0|0|0|0|0|0|0|0|0|0|0|0|0|0|0|0|0|0|0|0|0|0|0|0|0|0|0|0|0F40|4128BC77|100288BD|0|0|0|0A3A|3F06A83F|10020C04|0A35|4128BC77|10020C04|030A53|403B853C|10020C04|0A26|4128BC77|1003AAEE|0F28|414F3753|100288BD|FFF604C3|3FCA3D48|100288BD|913ca0c33944c072
261|2026-09-16T21:55:00.8660000-04:00|Change|10020C04|CastBuffID|0|CastDurationCurrent|0.0000|CastDurationMax|0.0000|CastTargetID|E0000000|CurrentMP|7300|Heading|0.8958|IsCasting1|0|IsCasting2|0|PosX|96.9146|PosY|99.0923|4ec6274b65f0120f
270|2026-09-16T21:55:00.9390000-04:00|40002A6C|-2.1013|0000|005A|101.4267|100.8773|0.1678|8a91d3a2ac606922
270|2026-09-16T21:55:00.9390000-04:00|40002A6D|0.1421|0000|005A|93.1258|94.3160|0.1983|d7ce684a0287d1cc
24|2026-09-16T21:55:00.9390000-04:00|100D83F9|Stranjer Danger|HoT|0|D0CD|168251|226428|10000|10000|||93.03|96.24|-0.00|-2.93|1003AAEE|Enri Haze|0|210389|227550|10000|10000|||96.18|98.51|-0.00|0.43|5b6900df874dbda0
38|2026-09-16T21:55:00.9390000-04:00|100D83F9|Stranjer Danger|0064641F|221704|226428|10000|10000|12||93.03|96.24|-0.00|-2.93|0|0|0|043C|45846ADF|100D83F9|29CE0030|45187517|100D83F9|0A31|41D15E2A|10020C04|0B7A|3F9ED94A|10020C04|0|0|0|0|0|0|0|0|0|0|0|0|0|0|0|0|0|0|0|0|0|0|0|0|0|0|0|0|0|0|0|0|0|0|0|0|0|0|0|0|0|0|0|0|0|0|0|0|0|0|0|0|0|0|0|0|0|0|0|0|0|0|0|0|0|0|0|0|0|0|0|0|0|0|0|0|0|0|0F28|41520C4F|100288BD|0|0|0|0A3A|3F9ED94A|10020C04|010A53|402D605F|10020C04|0A35|415378DA|10020C04|0|0|0|0F40|41275404|100288BD|FFF604C3|3FE16853|100288BD|0A26|41275404|1003AAEE|1ccd219bf1de8aee
261|2026-09-16T21:55:00.9890000-04:00|Change|1008704E|Heading|0.7071|PosX|93.8253|PosY|103.1146|PosZ|-0.0032|b13454ecf8537dd9
00|2026-09-16T21:55:01.0770000-04:00|002E||You gain the effect of Eukrasia.|462897f425cfee1d
38|2026-09-16T21:55:01.0720000-04:00|10020C04|Minda Silva|00646428|204515|204515|7300|10000|26||97.33|99.41|0.00|1.01|0|0|0|0A0168|41F00000|E0000000|0A2C|42700000|10020C04|29D20030|44E60471|10020C04|04B4|3F976BF5|10020C04|0A31|41D04DC7|10020C04|0B7A|3E302218|10020C04|0|0|0|0|0|0|0|0|0|0|0|0|0|0|0|0|0|0|0|0|0|0|0|0|0|0|0|0|0|0|0|0|0|0|0|0|0|0|0|0|0|0|0|0|0|0|0|0|0|0|0|0|0|0|0|0|0|0|0|0|0|0|0|0|0|0|0|0|0|0|0|0|0F28|41565609|100288BD|0A2E|0|10020C04|0A3A|3E302218|10020C04|020A53|401C49D6|10020C04|0A35|41253340|10020C04|0|0|0|0F40|41253340|100288BD|FFF604C3|400A6E85|100288BD|0A26|41253340|1003AAEE|8890d9eb3e78fe20
26|2026-09-16T21:55:01.0720000-04:00|A2C|Kardia|60.00|10020C04|Minda Silva|10020C04|Minda Silva|00|204515|204515|993900b520a337e9
26|2026-09-16T21:55:01.0720000-04:00|A2E|Eukrasia|9999.00|10020C04|Minda Silva|10020C04|Minda Silva|00|204515|204515|6f42902c4736fb25
21|2026-09-16T21:55:01.0720000-04:00|10020C04|Minda Silva|5EE2|Eukrasia|10020C04|Minda Silva|3E|1068000|0|0|0|0|0|0|0|0|0|0|0|0|0|0|204515|204515|7300|10000|||97.33|99.41|0.00|1.01|204515|204515|7300|10000|||97.33|99.41|0.00|1.01|0000407A|0|1|00||01|5EE2|5EE2|0.600|A4DF|7ca39be99e272792
264|2026-09-16T21:55:01.0720000-04:00|10020C04|5EE2|0000407A|0||||0.905|10020C04|421ebc012d828586
31|2026-09-16T21:55:01.0720000-04:00|10020C04|46460028|10302|00|00|f331503aa3ad9fe5
261|2026-09-16T21:55:01.1400000-04:00|Change|1003AAEE|Heading|0.1921|NPCTargetID|40002A6D|PosX|96.5068|PosY|100.4456|PosZ|-0.0014|5b625528094f00f9
37|2026-09-16T21:55:01.1160000-04:00|40002A6D|Chaos|00004077|23089020||||||92.50|92.70|-0.00|0.34|447c3f7bbf1dd10a
39|2026-09-16T21:55:01.1160000-04:00|100632C7|Evil Batusai|325133|325133|6400|10000|||98.40|99.00|-0.00|-2.60|116708fbf167cc73
00|2026-09-16T21:55:01.2800000-04:00|002B||You cast Eukrasia.|49b45b5d2439cb72
00|2026-09-16T21:55:01.2540000-04:00|0030||You lose the effect of Kerakeia.|b1bf4ae0b706e18f
00|2026-09-16T21:55:01.2540000-04:00|0030||You lose the effect of Kerachole.|f87893a1649574f4
270|2026-09-16T21:55:01.2500000-04:00|40002A6C|-2.2151|0000|005A|101.4267|100.8773|0.1678|f908b3f6eb70bfd9
270|2026-09-16T21:55:01.2500000-04:00|40002A6D|-0.0481|0000|005A|93.0647|95.5062|0.1983|aaaefceb0d197de2
38|2026-09-16T21:55:01.2500000-04:00|10020C04|Minda Silva|00646428|204515|204515|7300|10000|26||98.96|99.64|0.00|2.18|0|0|0|0A0168|41F00000|E0000000|0A2C|42700000|10020C04|29D20030|44E5FEB6|10020C04|04B4|3F80827D|10020C04|0A31|41CEDF2F|10020C04|0|0|0|0|0|0|0|0|0|0|0|0|0|0|0|0|0|0|0|0|0|0|0|0|0|0|0|0|0|0|0|0|0|0|0|0|0|0|0|0|0|0|0|0|0|0|0|0|0|0|0|0|0|0|0|0|0|0|0|0|0|0|0|0|0|0|0|0|0|0|0|0|0|0|0|0F28|415378DA|100288BD|0A2E|0|10020C04|0|0|0|020A53|4010D519|10020C04|0A35|41225611|10020C04|0|0|0|0F40|41225611|100288BD|FFF604C3|3FFDF391|100288BD|0A26|41225611|1003AAEE|f83f0acf2daf8bf8
30|2026-09-16T21:55:01.2500000-04:00|B7A|Kerakeia|0.00|10020C04|Minda Silva|10020C04|Minda Silva|00|204515|204515|812f9aa7ffddf208
30|2026-09-16T21:55:01.2500000-04:00|A3A|Kerachole|0.00|10020C04|Minda Silva|10020C04|Minda Silva|00|204515|204515|2da9757253dbba28
00|2026-09-16T21:55:01.3880000-04:00|0030||Elie GloryUltros loses the effect of Kerakeia.|1ee398df2d1f6627
00|2026-09-16T21:55:01.3880000-04:00|0030||Elie GloryUltros loses the effect of Kerachole.|5e39e5a660627e21
39|2026-09-16T21:55:01.3830000-04:00|100B00B3|Skyler Phoenix|145776|227580|10000|10000|||96.67|97.42|-0.02|-1.77|40cce1dbb2195807
38|2026-09-16T21:55:01.3830000-04:00|100288BD|Elie Glory|00646418|204515|204515|9300|10000|17||97.97|102.78|0.00|3.10|0|0|0|29D20030|44249D1F|100288BD|04B4|403DD2CB|100288BD|0|0|0|0A31|41CDCECC|10020C04|0|0|0|0|0|0|0|0|0|0|0|0|0|0|0|0|0|0|0|0|0|0|0|0|0|0|0|0|0|0|0|0|0|0|0|0|0|0|0|0|0|0|0|0|0|0|0|0|0|0|0|0|0|0|0|0|0|0|0|0|0|0|0|0|0|0|0|0|0|0|0|0|0|0|0|0|0|0|0F40|4120354D|100288BD|0|0|0|0|0|0|0A35|4120354D|10020C04|030A53|40196890|10020C04|0A26|4120354D|1003AAEE|0F28|4146B029|100288BD|FFF604C3|3F8603F1|100288BD|7d1492531de408cb
30|2026-09-16T21:55:01.3830000-04:00|B7A|Kerakeia|0.00|10020C04|Minda Silva|100288BD|Elie Glory|00|204515|204515|fcb587a0a0d10b65
30|2026-09-16T21:55:01.3830000-04:00|A3A|Kerachole|0.00|10020C04|Minda Silva|100288BD|Elie Glory|00|204515|204515|e5661b17f170944e
00|2026-09-16T21:55:01.4640000-04:00|002B||Stranjer DangerSiren uses Heated Split Shot.|50d60bc471e80465
00|2026-09-16T21:55:01.4640000-04:00|0029||   Direct hit! Chaos takes 27270 damage.|3410a4d32a26d21a
37|2026-09-16T21:55:01.4720000-04:00|40002A6D|Chaos|00004079|23061750||||||92.98|94.28|-0.00|0.13|e79e437d87f79931
261|2026-09-16T21:55:01.4880000-04:00|Change|40002A6D|Heading|0.0720|PosX|93.0095|PosY|94.6999|PosZ|-0.0000|9d44663d7643f243
261|2026-09-16T21:55:01.5100000-04:00|Change|100632C7|CurrentMP|6400|Heading|-2.7076|PosX|98.0817|PosY|98.1356|PosZ|-0.0016|e7fb8a22fd062a2a
00|2026-09-16T21:55:01.5660000-04:00|0031||Exdeath recovers from the effect of Feint.|72c0e73a17356113
00|2026-09-16T21:55:01.5660000-04:00|0030||Evil BatusaiDiabolos loses the effect of Kerakeia.|23b738d36f13c822
00|2026-09-16T21:55:01.5660000-04:00|0030||Evil BatusaiDiabolos loses the effect of Kerachole.|f0efbec22fd3249f
00|2026-09-16T21:55:01.5660000-04:00|0029||Direct hit! Evil BatusaiDiabolos hits Exdeath for 5401 damage.|6e62782e48d958f7
24|2026-09-16T21:55:01.5170000-04:00|1008704E|Arcane Valiance|HoT|0|A8E7|325219|325219|5000|10000|||91.23|104.89|-0.00|0.59|100288BD|Elie Glory|0|204515|204515|9300|10000|||98.73|101.70|0.00|3.02|e3b8db5c50bf7e53
24|2026-09-16T21:55:01.5170000-04:00|100B00B3|Skyler Phoenix|HoT|0|ED97|145776|227580|10000|10000|||96.69|97.81|-0.00|-0.72|100288BD|Elie Glory|0|204515|204515|9300|10000|||98.73|101.70|0.00|3.02|94614cd8700cfee1
38|2026-09-16T21:55:01.5170000-04:00|1008704E|Arcane Valiance|00646420|325219|325219|5000|10000|12||91.23|104.89|-0.00|0.59|0|0|0|0A0168|41F00000|E0000000|0B7A|3EC9BB1D|10020C04|1E016C|41F00000|E0000000|29CE0030|44E6B926|1008704E|02E7|0|1008704E|0A31|41CCBC5D|10020C04|0|0|0|0|0|0|0|0|0|0|0|0|0|0|0|0|0|0|0|0|0|0|0|0|0|0|0|0|0|0|0|0|0|0|0|0|0|0|0|0|0|0|0|0|0|0|0|0|0|0|0|0|0|0|0|0|0|0|0|0|0|0|0|0|0|0|0|0|0|0|0|0|0A35|414C560A|10020C04|0A3A|3EC9BB1D|10020C04|010A53|4033128E|10020C04|0F40|411E1070|100288BD|0F28|414AE97F|100288BD|0A26|411E1070|1003AAEE|FFF604C3|3FECCCAC|100288BD|5f24e44196644973
38|2026-09-16T21:55:01.5170000-04:00|40002A6C|Exdeath|00646400|23230956|37552669|10000|10000|0||101.43|100.88|0.00|-2.13|0|0|0|F8|4159E357|100632C7|0|0|0|0A9F|3F58D2BC|100B00B3|0|0|0|0A0A1A|41759945|1003AAEE|b2c1ea33bb9e2978
30|2026-09-16T21:55:01.5170000-04:00|4AB|Feint|0.00|1003AAEE|Enri Haze|40002A6C|Exdeath|00|37552669|227550|43f417f91196c259
38|2026-09-16T21:55:01.5170000-04:00|100B00B3|Skyler Phoenix|00646416|206599|227580|10000|10000|14||96.69|97.81|-0.00|-0.72|0|0|0|29CE0030|4519220F|100B00B3|0A31|41CCBC5D|10020C04|0B7A|3F076CF6|10020C04|0|0|0|0|0|0|0|0|0|0|0|0|0|0|0|0|0|0|0|0|0|0|0|0|0|0|0|0|0|0|0|0|0|0|0|0|0|0|0|0|0|0|0|0|0|0|0|0|0|0|0|0|0|0|0|0|0|0|0|0|0|0|0|0|0|0|0|0|0|0|0|0|0|0|0|0|0|0|0|0|0|0A3A|3F076CF6|10020C04|0A35|411E1070|10020C04|0AA0|418E6229|100B00B3|030A53|403BA600|10020C04|0F40|411E1070|100288BD|0747|C1F00000|100B00B3|0A26|411E1070|1003AAEE|FFF604C3|3FCAC064|100288BD|0F28|4146A7F7|100288BD|c94474d04c19f27a
38|2026-09-16T21:55:01.5170000-04:00|100632C7|Evil Batusai|00646413|325133|325133|6400|10000|5||98.33|98.15|-0.00|-2.83|0|0|0|0A2D|42700000|10020C04|29CE0030|44201870|100632C7|4F|0|100632C7|0|0|0|0|0|0|0|0|0|0|0|0|0|0|0|0|0|0|0|0|0|0|0|0|0|0|0|0|0|0|0|0|0|0|0|0|0|0|0|0|0|0|0|0|0|0|0|0|0|0|0|0|0|0|0|0|0|0|0|0|0|0|0|0|0|0|0|0|0|0|0|0|0|0|0|0|0|0|0|0|0|0A35|414DC6AE|10020C04|020A53|402A8F7F|10020C04|0|0|0|0|0|0|0F28|415378DA|100288BD|0|0|0|0F40|411E1070|100288BD|FFF604C3|3FB9997B|100288BD|0|0|0|0A26|411E1070|1003AAEE|abe80fc5e60a1aef
30|2026-09-16T21:55:01.5170000-04:00|B7A|Kerakeia|0.00|10020C04|Minda Silva|100632C7|Evil Batusai|00|325133|204515|edcf0d98189d7499
30|2026-09-16T21:55:01.5170000-04:00|A3A|Kerachole|0.00|10020C04|Minda Silva|100632C7|Evil Batusai|00|325133|204515|a4ef8f98eb335368
270|2026-09-16T21:55:01.5620000-04:00|40002A6C|-2.0807|0000|005A|101.4267|100.8773|0.1678|d349eaa172db4304
270|2026-09-16T21:55:01.5620000-04:00|40002A6D|-0.2183|0000|005A|92.7901|96.7574|0.1983|9713437dfbcbee10
21|2026-09-16T21:55:01.5620000-04:00|100632C7|Evil Batusai|07|attack|40002A6C|Exdeath|714003|15190000|0|0|0|0|0|0|0|0|0|0|0|0|0|0|23230956|37552669|10000|10000|||101.43|100.88|0.00|-2.13|325133|325133|6400|10000|||98.33|98.15|-0.00|-2.83|0000407B|0|1|00||01|07|07|0.100|311D|ecea9c6e94f0ee43
264|2026-09-16T21:55:01.5620000-04:00|100632C7|0007|0000407B|0||||-1.936|40002A6C|070b1a93d5ca5ecc
00|2026-09-16T21:55:01.6570000-04:00|0030||Mr ToxicDiabolos loses the effect of Kerakeia.|88a868ea580bf7d8
00|2026-09-16T21:55:01.6570000-04:00|0030||Mr ToxicDiabolos loses the effect of Kerachole.|34bcacec546433af
39|2026-09-16T21:55:01.6060000-04:00|100288BD|Elie Glory|204515|204515|9500|10000|||99.21|101.19|0.00|2.84|3cf197800dedc8d1
21|2026-09-16T21:55:01.6060000-04:00|1008704E|Arcane Valiance|07|attack|40002A6D|Chaos|710003|1AC70000|0|0|0|0|0|0|0|0|0|0|0|0|0|0|23061750|37552669|10000|10000|||93.00|95.12|-0.00|0.01|325219|325219|5000|10000|||90.48|105.33|-0.00|0.57|0000407C|0|1|00||01|07|07|0.100|95A7|3086c3afd63500d8
264|2026-09-16T21:55:01.6060000-04:00|1008704E|0007|0000407C|0||||0.531|40002A6D|635753b0afdea60b
21|2026-09-16T21:55:01.6520000-04:00|1003AAEE|Enri Haze|5F35|Slice|40002A6D|Chaos|712003|F3FC0000|A3E|1008000|1B|5F358000|0|0|0|0|0|0|0|0|0|0|23061750|37552669|10000|10000|||93.00|95.12|-0.00|0.01|210389|227550|10000|10000|||95.56|101.68|-0.00|-0.92|0000407D|0|1|00||01|5F35|5F35|0.600|0BE6|8a865770f644c992
264|2026-09-16T21:55:01.6520000-04:00|1003AAEE|5F35|0000407D|0||||-2.850|40002A6D|60cb0b68a3709c21
38|2026-09-16T21:55:01.6520000-04:00|100F612E|Mr Toxic|0064642A|193504|205177|9100|10000|15||109.30|107.39|0.00|1.49|0|0|0|29CE0030|4422E542|100F612E|0A31|41CBA9EE|10020C04|0|0|0|0|0|0|0|0|0|0|0|0|0|0|0|0|0|0|0|0|0|0|0|0|0|0|0|0|0|0|0|0|0|0|0|0|0|0|0|0|0|0|0|0|0|0|0|0|0|0|0|0|0|0|0|0|0|0|0|0|0|0|0|0|0|0|0|0|0|0|0|0|0|0|0|0|0|0|0|0|0|0|0|0|0A35|41475817|10020C04|0E5B|41334FA1|100F612E|030E5A|0|100F612E|0|0|0|0|0|0|030A53|40196893|10020C04|0F40|411BEB93|100288BD|0F28|414AE97F|100288BD|0A26|411BEB93|1003AAEE|0|0|0|FFF604C3|3F974BA8|100288BD|685abca4abe5170d
30|2026-09-16T21:55:01.6520000-04:00|B7A|Kerakeia|0.00|10020C04|Minda Silva|100F612E|Mr Toxic|00|205177|204515|fe125c768104ced4
30|2026-09-16T21:55:01.6520000-04:00|A3A|Kerachole|0.00|10020C04|Minda Silva|100F612E|Mr Toxic|00|205177|204515|5487246d20408bbe
261|2026-09-16T21:55:01.6670000-04:00|Change|100D83F9|Heading|-3.1048|PosX|93.2850|PosY|91.0563|PosZ|-0.0000|31ebea2eb09de5b1
00|2026-09-16T21:55:01.7190000-04:00|002B||Elie GloryUltros casts Glare III.|50de64da20eb3157
00|2026-09-16T21:55:01.7190000-04:00|0029||   Critical! Chaos takes 63955 damage.|2ff2f5a966a708a4
00|2026-09-16T21:55:01.7460000-04:00|002B||Skyler PhoenixDiabolos uses Drakesbane.|29ac88679416698e
00|2026-09-16T21:55:01.7460000-04:00|0029||   Chaos takes 42484 damage.|a4f805e049c0e172
00|2026-09-16T21:55:01.7460000-04:00|002E||   Skyler PhoenixDiabolos gains the effect of Draconian Fire.|56771e93d9963708
261|2026-09-16T21:55:01.7560000-04:00|Change|1008704E|Heading|0.5364|PosX|89.6194|PosY|105.8315|PosZ|-0.0015|f7ae3682bd788bac
261|2026-09-16T21:55:01.7940000-04:00|Change|100288BD|CurrentMP|9500|Heading|2.6428|PosX|99.9665|PosY|100.4416|PosZ|-0.0015|04c19df59ffe553b
261|2026-09-16T21:55:01.8120000-04:00|Change|100F612E|Heading|1.1587|PosX|110.5095|PosY|107.8010|PosZ|-0.0036|5c782efea0c65a9c
37|2026-09-16T21:55:01.7850000-04:00|40002A6D|Chaos|00004073|23019266||||||92.88|96.06|-0.00|-0.12|cf328c721493d69a
37|2026-09-16T21:55:01.7850000-04:00|100B00B3|Skyler Phoenix|00004073|206599|227580|10000|10000|14||96.70|98.08|-0.00|0.05|1600|0|0|01|23000747|0|41F00000|100B00B3|1b57a5a6f3b99a6b
00|2026-09-16T21:55:01.8830000-04:00|0030||Enri HazeSiren loses the effect of Kerakeia.|4c205b7658ee2312
00|2026-09-16T21:55:01.8830000-04:00|0030||Enri HazeSiren loses the effect of Kerachole.|9f74315df5955988
00|2026-09-16T21:55:01.8830000-04:00|0029||Stranjer DangerSiren hits Chaos for 5830 damage.|5c644ddad93f7ea3
37|2026-09-16T21:55:01.7850000-04:00|40002A6D|Chaos|00004076|22955311||||||92.88|96.06|-0.00|-0.12|337f23c4424cb9f8
21|2026-09-16T21:55:01.7850000-04:00|100D83F9|Stranjer Danger|08|Shot|40002A6D|Chaos|720003|16C60000|0|0|0|0|0|0|0|0|0|0|0|0|0|0|23061750|37552669|10000|10000|||92.88|96.06|-0.00|-0.12|221704|226428|10000|10000|||93.03|90.16|-0.00|-2.97|0000407E|0|1|00||01|08|08|0.100|0833|6db9561a015c07de
264|2026-09-16T21:55:01.7850000-04:00|100D83F9|0008|0000407E|0||||-2.940|40002A6D|1c616e314a17c2aa
38|2026-09-16T21:55:01.7850000-04:00|100B00B3|Skyler Phoenix|00646416|206599|227580|10000|10000|14||96.70|98.08|-0.00|0.05|0|0|0|29CE0030|45191DC7|100B00B3|0A31|41CA977F|10020C04|0B7A|3E85A29F|10020C04|0|0|0|0|0|0|0|0|0|0|0|0|0|0|0|0|0|0|0|0|0|0|0|0|0|0|0|0|0|0|0|0|0|0|0|0|0|0|0|0|0|0|0|0|0|0|0|0|0|0|0|0|0|0|0|0|0|0|0|0|0|0|0|0|0|0|0|0|0|0|0|0|0|0|0|0|0|0|0|0|0|0A3A|3E85A29F|10020C04|0A35|4119C6B6|10020C04|0AA0|418C3D4B|100B00B3|030A53|402A7F16|10020C04|0F40|4119C6B6|100288BD|0747|41EFA5E3|100B00B3|0A26|4119C6B6|1003AAEE|FFF604C3|3FA87292|100288BD|0F28|41425E3D|100288BD|85f4399a92fd91f5
38|2026-09-16T21:55:01.7850000-04:00|1003AAEE|Enri Haze|00646427|210389|227550|10000|10000|9||94.96|101.35|-0.00|-1.65|0|0|0|29CE0030|441C8F00|1003AAEE|0|0|0|0A31|41CA977F|10020C04|0|0|0|0|0|0|0|0|0|0|0|0|0|0|0|0|0|0|0|0|0|0|0|0|0|0|0|0|0|0|0|0|0|0|0|0|0|0|0|0|0|0|0|0|0|0|0|0|0|0|0|0|0|0|0|0|0|0|0|0|0|0|0|0|0|0|0|0|0|0|0|0|0|0|0|0|0|0|0|0|0|0A1D|422CAB8E|1003AAEE|0F40|4119C6B6|100288BD|0A35|41447F01|10020C04|0|0|0|020A53|40083144|10020C04|0A26|4119C6B6|1003AAEE|0F28|414D0A43|100288BD|FFF604C3|3F476C44|100288BD|8960dd2b5a107a00
30|2026-09-16T21:55:01.7850000-04:00|B7A|Kerakeia|0.00|10020C04|Minda Silva|1003AAEE|Enri Haze|00|227550|204515|5a60af9bcd357b4b
30|2026-09-16T21:55:01.7850000-04:00|A3A|Kerachole|0.00|10020C04|Minda Silva|1003AAEE|Enri Haze|00|227550|204515|9a54f2a1f8ce48fd
270|2026-09-16T21:55:01.8740000-04:00|40002A6D|-0.3669|0000|005A|92.2713|98.1307|0.1983|5bfa647a35cb661f
00|2026-09-16T21:55:01.9660000-04:00|002B||Mr ToxicDiabolos casts Holy in White.|6b6b63659b69f9c7
00|2026-09-16T21:55:01.9660000-04:00|0029||   Exdeath takes 59648 damage.|5731f6f168e5694a
00|2026-09-16T21:55:01.9660000-04:00|0030||Arcane ValianceJenova loses the effect of Kerakeia.|bac25a395197704c
00|2026-09-16T21:55:01.9660000-04:00|0030||Arcane ValianceJenova loses the effect of Kerachole.|afc2c3d9c5e5466e
38|2026-09-16T21:55:01.9190000-04:00|1008704E|Arcane Valiance|00646420|325219|325219|5000|10000|12||89.18|106.08|-0.00|0.54|0|0|0|0A0168|41F00000|E0000000|0|0|0|1E016C|41F00000|E0000000|29CE0030|44E6AC48|1008704E|02E7|0|1008704E|0A31|41C98510|10020C04|0|0|0|0|0|0|0|0|0|0|0|0|0|0|0|0|0|0|0|0|0|0|0|0|0|0|0|0|0|0|0|0|0|0|0|0|0|0|0|0|0|0|0|0|0|0|0|0|0|0|0|0|0|0|0|0|0|0|0|0|0|0|0|0|0|0|0|0|0|0|0|0|0A35|4145E773|10020C04|0|0|0|010A53|4019582F|10020C04|0F40|4117A1D9|100288BD|0F28|41447AE8|100288BD|0A26|4117A1D9|1003AAEE|FFF604C3|3FB957F1|100288BD|b272cf9b0376eb08
30|2026-09-16T21:55:01.9190000-04:00|B7A|Kerakeia|0.00|10020C04|Minda Silva|1008704E|Arcane Valiance|00|325219|204515|3b167f207eb59c34
30|2026-09-16T21:55:01.9190000-04:00|A3A|Kerachole|0.00|10020C04|Minda Silva|1008704E|Arcane Valiance|00|325219|204515|3ea4263e2f8aaead
261|2026-09-16T21:55:02.0350000-04:00|Change|10020C04|Heading|-2.2086|PosX|100.3990|PosY|95.4849|PosZ|0.0000|cbcc3a9be1c85301
00|2026-09-16T21:55:02.0590000-04:00|0030||Skyler PhoenixDiabolos loses the effect of Kerakeia.|5c2c02485844fd22
00|2026-09-16T21:55:02.0590000-04:00|0030||Skyler PhoenixDiabolos loses the effect of Kerachole.|5a44c8563aad18b0
00|2026-09-16T21:55:02.0590000-04:00|0030||You lose the effect of Eukrasia.|ca30639bc327d2a7
37|2026-09-16T21:55:02.0090000-04:00|40002A6C|Exdeath|00004078|23171308||||||101.43|100.88|0.00|-2.08|2d6c81f6bf59935a
39|2026-09-16T21:55:02.0090000-04:00|100F612E|Mr Toxic|195555|205177|9300|10000|||111.82|107.74|0.00|1.16|7422e298749e2238
21|2026-09-16T21:55:02.0530000-04:00|10020C04|Minda Silva|5EFA|Eukrasian Dosis III|40002A6D|Chaos|9510E|A380000|1B|5EFA8000|0|0|0|0|0|0|0|0|0|0|0|0|22955311|37552669|10000|10000|||92.60|97.03|-0.00|-0.24|204515|204515|7300|10000|||100.44|95.39|0.00|-2.37|0000407F|0|1|00||01|5EFA|5EFA|0.600|3F3D|0f47a0418ab69a54
264|2026-09-16T21:55:02.0530000-04:00|10020C04|5EFA|0000407F|0||||-1.589|40002A6D|30b8e7da1f033bf8
38|2026-09-16T21:55:02.0530000-04:00|10020C04|Minda Silva|00646428|204515|204515|6900|10000|26||100.44|95.39|0.00|-2.37|0|0|0|0A0168|41F00000|E0000000|0A2C|42700000|10020C04|29D20030|44E5E50C|10020C04|04B4|3E4ED461|10020C04|0A31|41C874AE|10020C04|0|0|0|0|0|0|0|0|0|0|0|0|0|0|0|0|0|0|0|0|0|0|0|0|0|0|0|0|0|0|0|0|0|0|0|0|0|0|0|0|0|0|0|0|0|0|0|0|0|0|0|0|0|0|0|0|0|0|0|0|0|0|0|0|0|0|0|0|0|0|0|0|0|0|0|0F28|4146A3DE|100288BD|0|0|0|0|0|0|020A53|3FBB0243|10020C04|0A35|41158115|10020C04|0|0|0|0F40|41158115|100288BD|FFF604C3|3F974BA3|100288BD|0A26|41158115|1003AAEE|3cfb9a0c5fccb2e9
30|2026-09-16T21:55:02.0530000-04:00|A2E|Eukrasia|0.00|10020C04|Minda Silva|10020C04|Minda Silva|00|204515|204515|9ef3ef8ca18f97ba
38|2026-09-16T21:55:02.0530000-04:00|100B00B3|Skyler Phoenix|00646416|206599|227580|10000|10000|14||96.75|98.24|-0.00|0.18|0|0|0|29CE0030|45191983|100B00B3|0A31|41C874AE|10020C04|0|0|0|0|0|0|0|0|0|0|0|0|0|0|0|0|0|0|0|0|0|0|0|0|0|0|0|0|0|0|0|0|0|0|0|0|0|0|0|0|0|0|0|0|0|0|0|0|0|0|0|0|0|0|0|0|0|0|0|0|0|0|0|0|0|0|0|0|0|0|0|0|0|0|0|0|0|0|0|0|0|0|0|0|0|0|0|0A35|41158115|10020C04|0AA0|418A1A7A|100B00B3|030A53|4019688F|10020C04|0F40|41158115|100288BD|0747|41ED8312|100B00B3|0A26|41158115|1003AAEE|FFF604C3|3F864584|100288BD|0F28|413E189C|100288BD|11934df94eeedee6
30|2026-09-16T21:55:02.0530000-04:00|B7A|Kerakeia|0.00|10020C04|Minda Silva|100B00B3|Skyler Phoenix|00|227580|204515|23a174a2e907ac67
30|2026-09-16T21:55:02.0530000-04:00|A3A|Kerachole|0.00|10020C04|Minda Silva|100B00B3|Skyler Phoenix|00|227580|204515|38faa9d32c2f13a5
31|2026-09-16T21:55:02.0530000-04:00|10020C04|4A1B0028|302|00|00|1fd1f438613647ea
00|2026-09-16T21:55:02.0750000-04:00|0029||Arcane ValianceJenova hits Chaos for 6855 damage.|31efd994429f0727
00|2026-09-16T21:55:02.0750000-04:00|002B||Enri HazeSiren uses Slice.|eb4c172ffb40bccf
00|2026-09-16T21:55:02.0750000-04:00|0029||   Critical! Chaos takes 62460 damage.|9fd7849284e97eee
37|2026-09-16T21:55:02.0970000-04:00|40002A6C|Exdeath|0000407B|23165907||||||101.43|100.88|0.00|-2.08|7a7d7d720a433821
270|2026-09-16T21:55:02.0970000-04:00|40002A6C|-2.0400|0000|005A|100.3585|100.3280|0.1678|cc01c1f187ce99d3
37|2026-09-16T21:55:02.1410000-04:00|40002A6D|Chaos|0000407C|22948456||||||92.60|97.03|-0.00|-0.24|d790a2179e70cddb
37|2026-09-16T21:55:02.1410000-04:00|40002A6D|Chaos|0000407D|22885996||||||92.60|97.03|-0.00|-0.24|af2316b62ded44a3
00|2026-09-16T21:55:02.2340000-04:00|0030||Stranjer DangerSiren loses the effect of Kerakeia.|4258895b099a2e6b
00|2026-09-16T21:55:02.2340000-04:00|0030||Stranjer DangerSiren loses the effect of Kerachole.|f13a492929745c78
270|2026-09-16T21:55:02.1860000-04:00|40002A6D|-0.4717|0000|005A|91.7219|99.1683|0.1983|e6fbb211e122cc54
38|2026-09-16T21:55:02.1860000-04:00|100D83F9|Stranjer Danger|0064641F|221704|226428|10000|10000|12||92.17|88.51|-0.00|-2.83|0|0|0|043C|458460E9|100D83F9|29CE0030|4518612B|100D83F9|0A31|41C7644B|10020C04|0|0|0|0|0|0|0|0|0|0|0|0|0|0|0|0|0|0|0|0|0|0|0|0|0|0|0|0|0|0|0|0|0|0|0|0|0|0|0|0|0|0|0|0|0|0|0|0|0|0|0|0|0|0|0|0|0|0|0|0|0|0|0|0|0|0|0|0|0|0|0|0|0|0|0|0|0|0|0|0|0|0F28|413E189C|100288BD|0|0|0|0|0|0|010A53|3FBB230D|10020C04|0A35|413F8527|10020C04|0|0|0|0F40|41136051|100288BD|FFF604C3|3F039544|100288BD|0A26|41136051|1003AAEE|ca38ec4a7cf6d894
30|2026-09-16T21:55:02.1860000-04:00|B7A|Kerakeia|0.00|10020C04|Minda Silva|100D83F9|Stranjer Danger|00|226428|204515|c0b0a3ef5567a511
30|2026-09-16T21:55:02.1860000-04:00|A3A|Kerachole|0.00|10020C04|Minda Silva|100D83F9|Stranjer Danger|00|226428|204515|5e2d4adf56b6f13f
261|2026-09-16T21:55:02.2990000-04:00|Change|100632C7|Heading|-1.9146|PosX|93.2292|PosY|96.8411|PosZ|-0.0000|465dfc52ba5367a3
00|2026-09-16T21:55:02.3250000-04:00|0030||You lose the effect of Lucid Dreaming.|5b78c319199793bd
21|2026-09-16T21:55:02.2750000-04:00|1008704E|Arcane Valiance|E28|Unmend|40002A6D|Chaos|752003|43E60000|0|0|0|0|0|0|0|0|0|0|0|0|0|0|22885996|37552669|10000|10000|||92.34|97.87|-0.00|-0.34|325219|325219|5000|10000|||87.52|107.29|-0.02|0.77|00004080|0|1|00||01|E28|E28|0.600|ECFD|021e541c33a7bf67
264|2026-09-16T21:55:02.2750000-04:00|1008704E|0E28|00004080|0||||2.675|40002A6D|c4cc075df556f4cd
21|2026-09-16T21:55:02.2770000-04:00|100288BD|Elie Glory|4094|Dia|40002A6D|Chaos|750003|23C70000|7070E|74F0000|1B|40948000|0|0|0|0|0|0|0|0|0|0|22885996|37552669|10000|10000|||92.34|97.87|-0.00|-0.34|204515|204515|9500|10000|||102.03|98.55|-0.00|2.36|00004081|0|1|00||01|4094|4094|0.600|3D1F|babfec16ffc34066
264|2026-09-16T21:55:02.2770000-04:00|100288BD|4094|00004081|0||||-1.641|40002A6D|b24597191a37c3f3
38|2026-09-16T21:55:02.2770000-04:00|10020C04|Minda Silva|00646428|204515|204515|6900|10000|26||100.85|94.23|0.00|2.95|0|0|0|0A0168|41F00000|E0000000|0A2C|42700000|10020C04|29D20030|44E5DDF2|10020C04|0|0|0|0A31|41C6AE05|10020C04|0|0|0|0|0|0|0|0|0|0|0|0|0|0|0|0|0|0|0|0|0|0|0|0|0|0|0|0|0|0|0|0|0|0|0|0|0|0|0|0|0|0|0|0|0|0|0|0|0|0|0|0|0|0|0|0|0|0|0|0|0|0|0|0|0|0|0|0|0|0|0|0|0|0|0|0F28|4143168F|100288BD|0|0|0|0|0|0|020A53|3F9E97C4|10020C04|0A35|4111F3C6|10020C04|0|0|0|0F40|4111F3C6|100288BD|FFF604C3|3F75C248|100288BD|0A26|4111F3C6|1003AAEE|237258c7f653f4d9
30|2026-09-16T21:55:02.2770000-04:00|4B4|Lucid Dreaming|0.00|10020C04|Minda Silva|10020C04|Minda Silva|00|204515|204515|ac18af38712dbd19
261|2026-09-16T21:55:02.3510000-04:00|Change|40002A6C|Heading|-2.0595|PosX|100.8688|PosY|100.5904|PosZ|0.0000|52b3b3aff760bf9c
38|2026-09-16T21:55:02.3640000-04:00|40002A6C|Exdeath|00646400|23165907|37552669|10000|10000|0||100.99|100.66|0.00|-2.06|0|0|0|F8|414C5609|100632C7|0|0|0|0|0|0|0|0|0|0A0A1A|41680BF7|1003AAEE|11f5f158a0203dff
30|2026-09-16T21:55:02.3640000-04:00|A9F|Chaotic Spring|0.00|100B00B3|Skyler Phoenix|40002A6C|Exdeath|00|37552669|227580|b64925f708e19dc8
270|2026-09-16T21:55:02.4080000-04:00|40002A6C|-2.0400|0000|005A|97.8561|99.0768|0.1678|2df04032b0eb83c1
00|2026-09-16T21:55:02.4190000-04:00|0031||Exdeath recovers from the effect of Chaotic Spring.|c8b25ea1bb9dda99
261|2026-09-16T21:55:02.4440000-04:00|Change|10020C04|CurrentMP|6900|Heading|2.6938|PCTargetID|40002A6C|PosX|101.3654|PosY|93.0525|f109f14158e9ec77
38|2026-09-16T21:55:02.4530000-04:00|100288BD|Elie Glory|00646418|204515|204515|9100|10000|17||102.67|98.01|-0.00|-1.64|0|0|0|29D20030|442458A6|100288BD|04B4|3FF2AFD3|100288BD|0|0|0|0A31|41C53F6D|10020C04|0|0|0|0|0|0|0|0|0|0|0|0|0|0|0|0|0|0|0|0|0|0|0|0|0|0|0|0|0|0|0|0|0|0|0|0|0|0|0|0|0|0|0|0|0|0|0|0|0|0|0|0|0|0|0|0|0|0|0|0|0|0|0|0|0|0|0|0|0|0|0|0|0|0|0|0|0|0|0F40|410F1697|100288BD|0|0|0|0|0|0|0A35|410F1697|10020C04|030A53|3FA9DB5C|10020C04|0A26|410F1697|1003AAEE|0F28|41359173|100288BD|11fc47876a0a4c00
30|2026-09-16T21:55:02.4530000-04:00|4C3|Confession|0.00|100288BD|Elie Glory|100288BD|Elie Glory|FFF6|204515|204515|61e7049d9db665bc
270|2026-09-16T21:55:02.4970000-04:00|40002A6D|-0.4800|0000|005A|91.2031|100.2059|0.1983|5b5bc854b4c25843
00|2026-09-16T21:55:02.5020000-04:00|0030||Elie GloryUltros loses the effect of Confession.|91ff2bd1f28afd99
261|2026-09-16T21:55:02.4940000-04:00|Change|100D83F9|Heading|-2.7373|PosX|91.1442|PosY|86.5059|PosZ|-0.0153|fe3476eab3ab0b93
00|2026-09-16T21:55:02.5340000-04:00|002B||You cast Eukrasian Dosis III.|004b3d9bc2a23b29
00|2026-09-16T21:55:02.5340000-04:00|002F||   Chaos suffers the effect of Eukrasian Dosis III.|25ce0b78b53e5a79
37|2026-09-16T21:55:02.5420000-04:00|40002A6D|Chaos|0000407E|22880166||||||92.02|98.55|-0.00|-0.41|4fd9d0c1c57eb2b8
00|2026-09-16T21:55:02.5900000-04:00|0030||Enri HazeSiren loses the effect of Confession.|25109b537344b26b
38|2026-09-16T21:55:02.5870000-04:00|1003AAEE|Enri Haze|00646427|210389|227550|10000|10000|9||95.96|104.01|-0.00|0.23|0|0|0|29CE0030|441C5BAD|1003AAEE|0|0|0|0A31|41C42CFE|10020C04|0|0|0|0|0|0|0|0|0|0|0|0|0|0|0|0|0|0|0|0|0|0|0|0|0|0|0|0|0|0|0|0|0|0|0|0|0|0|0|0|0|0|0|0|0|0|0|0|0|0|0|0|0|0|0|0|0|0|0|0|0|0|0|0|0|0|0|0|0|0|0|0|0|0|0|0|0|0|0|0|0|0A1D|42297655|1003AAEE|0F40|410CF1BA|100288BD|0A35|4137AA05|10020C04|0|0|0|020A53|3FA9BA9A|10020C04|0A26|410CF1BA|1003AAEE|0F28|41403547|100288BD|3276b88f13d4ac0e
30|2026-09-16T21:55:02.5870000-04:00|4C3|Confession|0.00|100288BD|Elie Glory|1003AAEE|Enri Haze|FFF6|227550|204515|57159b35c4bcd3e6
21|2026-09-16T21:55:02.6310000-04:00|100B00B3|Skyler Phoenix|405F|Raiden Thrust|40002A6D|Chaos|724003|92340000|13E|9E8000|1B|405F8000|0|0|0|0|0|0|0|0|0|0|22880166|37552669|10000|10000|||91.79|99.02|-0.00|-0.43|206599|227580|10000|10000|||96.94|98.82|-0.02|0.46|00004082|0|1|00||01|405F|405F|0.600|31EA|677d10dbbc7357ea
264|2026-09-16T21:55:02.6310000-04:00|100B00B3|405F|00004082|0||||-1.916|40002A6D|55c3f4705b7b39d3
38|2026-09-16T21:55:02.6310000-04:00|100B00B3|Skyler Phoenix|00646416|206599|227580|10000|10000|14||96.94|98.82|-0.02|0.46|0|0|0|29CE0030|45191043|100B00B3|0A31|41C3D2E1|10020C04|0|0|0|0|0|0|0|0|0|0|0|0|0|0|0|0|0|0|0|0|0|0|0|0|0|0|0|0|0|0|0|0|0|0|0|0|0|0|0|0|0|0|0|0|0|0|0|0|0|0|0|0|0|0|0|0|0|0|0|0|0|0|0|0|0|0|0|0|0|0|0|0|0|0|0|0|0|0|0|0|0|0|0|0|0|0|0|0A35|410C3D81|10020C04|0AA0|418578AD|100B00B3|030A53|3FE8B473|10020C04|0F40|410C3D81|100288BD|0|0|0|0A26|410C3D81|1003AAEE|FFF604C3|3EF0A35D|100288BD|0F28|4134D508|100288BD|4742116d7f508daf
30|2026-09-16T21:55:02.6310000-04:00|747|Draconian Fire|0.00|100B00B3|Skyler Phoenix|100B00B3|Skyler Phoenix|00|227580|227580|93a464bc9fa276a0
00|2026-09-16T21:55:02.6770000-04:00|0030||Skyler PhoenixDiabolos loses the effect of Draconian Fire.|3bbe5fae7e91cf18
24|2026-09-16T21:55:02.6750000-04:00|40002A6C|Exdeath|DoT|0|792|23165907|37552669|10000|10000|||99.48|99.89|-0.00|-2.05|1003AAEE|Enri Haze|FFFFFFFF|210389|227550|10000|10000|||96.17|104.74|-0.02|0.24|76ae50121ab1ac7c
24|2026-09-16T21:55:02.6750000-04:00|40002A6D|Chaos|DoT|0|4EC2|22880166|37552669|10000|10000|||91.79|99.02|-0.00|-0.43|10020C04|Minda Silva|FFFFFFFF|204515|204515|6900|10000|||101.52|92.72|0.00|2.77|6456e4cb595bccfd
38|2026-09-16T21:55:02.6750000-04:00|40002A6C|Exdeath|00646400|23163969|37552669|10000|10000|0||99.48|99.89|-0.00|-2.05|0|0|0|F8|41475C2F|100632C7|0|0|0|0|0|0|0|0|0|0A0A1A|4163121D|1003AAEE|897f452cf8fd6e41
38|2026-09-16T21:55:02.6750000-04:00|40002A6D|Chaos|00646400|22860004|37552669|10000|10000|0||91.79|99.02|-0.00|-0.43|0|0|0|0A0A1A|42178F68|1003AAEE|0A9F|417E4DA2|100B00B3|0|0|0|0|0|0|0A38|3F49B61E|10020C04|1bdb850e8f34cfda
261|2026-09-16T21:55:02.7070000-04:00|Change|1003AAEE|Heading|0.1956|PosX|96.2153|PosY|105.5257|PosZ|0.0000|c98b07c0840de5be
261|2026-09-16T21:55:02.7230000-04:00|Change|40002A6D|Heading|-0.4516|PosX|91.5534|PosY|99.4938|PosZ|-0.0000|89c257e2810e5951
00|2026-09-16T21:55:02.7220000-04:00|0030||Stranjer DangerSiren loses the effect of Confession.|bc23b3ef1ab869a9
270|2026-09-16T21:55:02.7190000-04:00|40002A6C|-1.9949|0000|005A|97.0321|98.6800|0.1678|3c2dc8ea55f31bde
38|2026-09-16T21:55:02.7190000-04:00|100D83F9|Stranjer Danger|0064641F|221704|226428|10000|10000|12||91.08|86.24|-0.00|-2.77|0|0|0|043C|45845CA3|100D83F9|29CE0030|4518589F|100D83F9|0A31|41C31C9B|10020C04|0|0|0|0|0|0|0|0|0|0|0|0|0|0|0|0|0|0|0|0|0|0|0|0|0|0|0|0|0|0|0|0|0|0|0|0|0|0|0|0|0|0|0|0|0|0|0|0|0|0|0|0|0|0|0|0|0|0|0|0|0|0|0|0|0|0|0|0|0|0|0|0|0|0|0|0|0|0|0|0|0|0F28|41358941|100288BD|0|0|0|0|0|0|010A53|3F6D5059|10020C04|0A35|4136F5CC|10020C04|0|0|0|0F40|410AD0F6|100288BD|0|0|0|0A26|410AD0F6|1003AAEE|aab61f316cfa0d34
30|2026-09-16T21:55:02.7190000-04:00|4C3|Confession|0.00|100288BD|Elie Glory|100D83F9|Stranjer Danger|FFF6|226428|204515|b9dd2d1e157bee63
261|2026-09-16T21:55:02.7510000-04:00|Change|100288BD|CurrentMP|9100|Heading|-1.9158|PosX|102.7477|PosY|97.9160|PosZ|-0.0000|38a10e49264c581f
261|2026-09-16T21:55:02.7680000-04:00|Change|100F612E|CurrentMP|9300|Heading|1.6110|PosX|115.0988|PosY|106.8959|PosZ|-0.0007|4540423d82c384f7
00|2026-09-16T21:55:02.8570000-04:00|002D||Critical! Evil BatusaiDiabolos's Kardia restores 22103 of his HP.|f8f6db206125d102
00|2026-09-16T21:55:02.8570000-04:00|0030||Mr ToxicDiabolos loses the effect of Confession.|7b440aaf122d6fb4
24|2026-09-16T21:55:02.8100000-04:00|100632C7|Evil Batusai|HoT|A2C|5657|325133|325133|6400|10000|||90.26|95.69|-0.00|-1.94|10020C04|Minda Silva|1|204515|204515|6900|10000|||101.76|91.62|0.00|3.08|4c6637fc5eb86665
37|2026-09-16T21:55:02.8100000-04:00|40002A6D|Chaos|0000407F|22860004|37552669|10000|10000|0||91.44|99.73|-0.00|-0.46|0|0|0|01|04000A38|0|41F00000|10020C04|47dc7cb3c5ae9fbb
26|2026-09-16T21:55:02.8100000-04:00|A38|Eukrasian Dosis III|30.00|10020C04|Minda Silva|40002A6D|Chaos|00|37552669|204515|89066f802ed40dcc
38|2026-09-16T21:55:02.8100000-04:00|100632C7|Evil Batusai|00646413|325133|325133|6400|10000|5||90.26|95.69|-0.00|-1.94|0|0|0|0A2D|42700000|10020C04|29CE0030|441FC5B2|100632C7|4F|0|100632C7|0|0|0|0|0|0|0|0|0|0|0|0|0|0|0|0|0|0|0|0|0|0|0|0|0|0|0|0|0|0|0|0|0|0|0|0|0|0|0|0|0|0|0|0|0|0|0|0|0|0|0|0|0|0|0|0|0|0|0|0|0|0|0|0|0|0|0|0|0|0|0|0|0|0|0|0|0|0|0|0|0|0A35|41391690|10020C04|020A53|3FAF9DF9|10020C04|0|0|0|0|0|0|0F28|413EC8BC|100288BD|0|0|0|0F40|41096052|100288BD|FFF604C3|3E20C3AB|100288BD|0|0|0|0A26|41096052|1003AAEE|b1d947fe64e9d5d5
26|2026-09-16T21:55:02.8100000-04:00|A2D|Kardion|60.00|10020C04|Minda Silva|100632C7|Evil Batusai|00|325133|204515|0faedb10830c441e
39|2026-09-16T21:55:02.8540000-04:00|10020C04|Minda Silva|204515|204515|7100|10000|||101.76|91.62|0.00|3.08|486e47b498da13e3
38|2026-09-16T21:55:02.8540000-04:00|100F612E|Mr Toxic|0064642A|195555|205177|9300|10000|15||115.08|106.90|0.00|1.61|0|0|0|29CE0030|44229846|100F612E|0A31|41C20A2C|10020C04|0|0|0|0|0|0|0|0|0|0|0|0|0|0|0|0|0|0|0|0|0|0|0|0|0|0|0|0|0|0|0|0|0|0|0|0|0|0|0|0|0|0|0|0|0|0|0|0|0|0|0|0|0|0|0|0|0|0|0|0|0|0|0|0|0|0|0|0|0|0|0|0|0|0|0|0|0|0|0|0|0|0|0|0|0A35|4134189D|10020C04|0E5B|41201027|100F612E|030E5A|0|100F612E|0|0|0|0|0|0|030A53|3F98D540|10020C04|0F40|4108AC19|100288BD|0F28|4137AA05|100288BD|0A26|4108AC19|1003AAEE|e48e67e4baa6b982
30|2026-09-16T21:55:02.8540000-04:00|4C3|Confession|0.00|100288BD|Elie Glory|100F612E|Mr Toxic|FFF6|205177|204515|317cef608bb2b96f
21|2026-09-16T21:55:02.8990000-04:00|1003AAEE|Enri Haze|5F47|Unveiled Gallows|40002A6D|Chaos|710003|93450000|100000F|A1B8000|0|0|0|0|0|0|0|0|0|0|0|0|22860004|37552669|10000|10000|||91.25|100.10|0.00|-0.48|210389|227550|10000|10000|||96.29|106.89|-0.00|0.12|00004083|0|1|00||01|5F47|5F47|0.600|11D8|072bb68677bac389
264|2026-09-16T21:55:02.8990000-04:00|1003AAEE|5F47|00004083|0||||-2.704|40002A6D|c0a909be22079116
38|2026-09-16T21:55:02.8990000-04:00|1003AAEE|Enri Haze|00646427|210389|227550|10000|10000|9||96.29|106.89|-0.00|0.12|0|0|0|29CE0030|441C47B6|1003AAEE|0|0|0|0A31|41C1AE03|10020C04|0|0|0|0|0|0|0|0|0|0|0|0|0|0|0|0|0|0|0|0|0|0|0|0|0|0|0|0|0|0|0|0|0|0|0|0|0|0|0|0|0|0|0|0|0|0|0|0|0|0|0|0|0|0|0|0|0|0|0|0|0|0|0|0|0|0|0|0|0|0|0|0|0|0|0|0|0|0|0|0|0|0A1D|422836DB|1003AAEE|0F40|4107F3C7|100288BD|0A35|4132AC12|10020C04|010A1B|C1F00000|1003AAEE|020A53|3F81CAFD|10020C04|0A26|4107F3C7|1003AAEE|0F28|413B3754|100288BD|56fd414a5eeb9786
26|2026-09-16T21:55:02.8990000-04:00|A1B|Soul Reaver|30.00|1003AAEE|Enri Haze|1003AAEE|Enri Haze|01|227550|227550|83177d2c4de062d3
38|2026-09-16T21:55:02.9870000-04:00|100632C7|Evil Batusai|00646413|325133|325133|6400|10000|5||89.47|95.42|-0.00|-1.90|0|0|0|0A2D|42700000|10020C04|29CE0030|441FBA5E|100632C7|4F|0|100632C7|0|0|0|0|0|0|0|0|0|0|0|0|0|0|0|0|0|0|0|0|0|0|0|0|0|0|0|0|0|0|0|0|0|0|0|0|0|0|0|0|0|0|0|0|0|0|0|0|0|0|0|0|0|0|0|0|0|0|0|0|0|0|0|0|0|0|0|0|0|0|0|0|0|0|0|0|0|0|0|0|0|0A35|41364193|10020C04|020A53|3F98F609|10020C04|0|0|0|0|0|0|0F28|413BF3BF|100288BD|0|0|0|0F40|41068B55|100288BD|0|0|0|0|0|0|0A26|41068B55|1003AAEE|80c4d3d6b59b061d
30|2026-09-16T21:55:02.9870000-04:00|4C3|Confession|0.00|100288BD|Elie Glory|100632C7|Evil Batusai|FFF6|325133|204515|3416ac4be093c4b8
270|2026-09-16T21:55:03.0320000-04:00|40002A6C|-1.9727|0000|005A|95.5672|98.0392|0.1678|bf5293f4024fe85e
270|2026-09-16T21:55:03.0320000-04:00|40002A6D|-0.5358|0000|005A|91.2031|100.2059|0.1983|c14c8dc3e51edfdd
21|2026-09-16T21:55:03.0320000-04:00|100B00B3|Skyler Phoenix|07|attack|40002A6D|Chaos|720003|1DEB0000|0|0|0|0|0|0|0|0|0|0|0|0|0|0|22860004|37552669|10000|10000|||91.25|100.10|0.00|-0.48|206599|227580|10000|10000|||97.48|101.27|-0.00|-1.92|00004084|0|1|00||01|07|07|0.200|8A84|fae28734a7f5d160
264|2026-09-16T21:55:03.0320000-04:00|100B00B3|0007|00004084|0||||0.258|40002A6D|55d15b6da71fa7de
00|2026-09-16T21:55:03.0340000-04:00|0030||Evil BatusaiDiabolos loses the effect of Confession.|36fc76e4db1ba49d
00|2026-09-16T21:55:03.0340000-04:00|0029||Skyler PhoenixDiabolos hits Chaos for 7659 damage.|796dd5affc841051
261|2026-09-16T21:55:03.0800000-04:00|Change|100632C7|Heading|-1.9580|PosX|88.4390|PosY|94.9329|PosZ|-0.0016|4e78e13ada1dfac9
261|2026-09-16T21:55:03.0800000-04:00|Change|100B00B3|Heading|-1.1586|PosX|97.7713|PosY|102.2184|PosZ|0.0000|975aa8ecd08ebf2b
261|2026-09-16T21:55:03.1150000-04:00|Change|1008704E|CurrentMP|5200|Heading|1.7535|PosX|87.2572|PosY|107.7268|PosZ|-0.0019|34510c09407009b5
00|2026-09-16T21:55:03.1290000-04:00|0030||Skyler PhoenixDiabolos loses the effect of Confession.|967fb8b7033c8a84
21|2026-09-16T21:55:03.0770000-04:00|40002A6D|Chaos|C252|unknown_c252|1008704E|Arcane Valiance|730003|AF780000|0|0|0|0|0|0|0|0|0|0|0|0|0|0|325219|325219|5000|10000|||87.27|107.71|-0.00|1.77|22860004|37552669|10000|10000|||91.20|100.21|0.00|-0.48|00004085|0|1|00||01|C252|C252|0.100|6A2B|1edbf6ac5c9e29c4
264|2026-09-16T21:55:03.0770000-04:00|40002A6D|C252|00004085|0||||-0.536|1008704E|bdd0c9380a873bc6
39|2026-09-16T21:55:03.1210000-04:00|1008704E|Arcane Valiance|325219|325219|5200|10000|||87.27|107.71|-0.00|1.77|4ca3aace20135819
38|2026-09-16T21:55:03.1210000-04:00|100B00B3|Skyler Phoenix|00646416|206599|227580|10000|10000|14||97.71|102.04|-0.00|-1.33|0|0|0|29CE0030|4519086F|100B00B3|0A31|41BFE75A|10020C04|0|0|0|0|0|0|0|0|0|0|0|0|0|0|0|0|0|0|0|0|0|0|0|0|0|0|0|0|0|0|0|0|0|0|0|0|0|0|0|0|0|0|0|0|0|0|0|0|0|0|0|0|0|0|0|0|0|0|0|0|0|0|0|0|0|0|0|0|0|0|0|0|0|0|0|0|0|0|0|0|0|0|0|0|0|0|0|0A35|41046678|10020C04|0AA0|41818D26|100B00B3|030A53|3FA9FC22|10020C04|0F40|41046678|100288BD|0|0|0|0A26|41046678|1003AAEE|0|0|0|0F28|412CFDFF|100288BD|f605bea2fa673592
30|2026-09-16T21:55:03.1210000-04:00|4C3|Confession|0.00|100288BD|Elie Glory|100B00B3|Skyler Phoenix|FFF6|227580|204515|66ab2e50bd4256a4
31|2026-09-16T21:55:03.1210000-04:00|10020C04|28|303|00|00|37c8fbcf515f3edb
00|2026-09-16T21:55:03.2120000-04:00|002B||Skyler PhoenixDiabolos uses Raiden Thrust.|f9e6493c54972155
00|2026-09-16T21:55:03.2140000-04:00|0029||   Direct hit! Chaos takes 37428 damage.|bd76ab669e41781f
00|2026-09-16T21:55:03.2250000-04:00|002B||Arcane ValianceJenova casts Unmend.|0100eb7bf7fcedc1
00|2026-09-16T21:55:03.2250000-04:00|0029||   Critical! Chaos takes 17382 damage.|7b2952cc8ef512d1
00|2026-09-16T21:55:03.2630000-04:00|0030||You lose the effect of Confession.|fe3145dc71438fd1
21|2026-09-16T21:55:03.2100000-04:00|100D83F9|Stranjer Danger|1CF4|Heated Slug Shot|40002A6D|Chaos|38722003|C72E0000|53E|A98000|11B|B348000|0|0|0|0|0|0|0|0|0|0|22860004|37552669|10000|10000|||91.20|100.21|0.00|-0.49|221704|226428|10000|10000|||91.07|85.72|-0.00|-2.91|00004086|0|1|00||01|1CF4|1CF4|0.600|80C0|98c7020d019378f1
264|2026-09-16T21:55:03.2100000-04:00|100D83F9|1CF4|00004086|0||||0.018|40002A6D|97c738c63ac46f95
37|2026-09-16T21:55:03.2550000-04:00|40002A6D|Chaos|00004080|22842622||||||91.20|100.21|0.00|-0.49|22f34c5b3ea575f9
37|2026-09-16T21:55:03.2550000-04:00|40002A6D|Chaos|00004082|22805194||||||91.20|100.21|0.00|-0.49|aeb1602b70274c5c
39|2026-09-16T21:55:03.2550000-04:00|100D83F9|Stranjer Danger|223968|226428|10000|10000|||91.07|85.72|-0.00|-2.91|eac50d3e35478d22
38|2026-09-16T21:55:03.2550000-04:00|10020C04|Minda Silva|00646428|204515|204515|7100|10000|26||101.58|89.64|0.00|-3.13|0|0|0|0A0168|41F00000|E0000000|0A2C|42700000|10020C04|29D20030|44E5BE8D|10020C04|0|0|0|0A31|41BED4EB|10020C04|0|0|0|0|0|0|0|0|0|0|0|0|0|0|0|0|0|0|0|0|0|0|0|0|0|0|0|0|0|0|0|0|0|0|0|0|0|0|0|0|0|0|0|0|0|0|0|0|0|0|0|0|0|0|0|0|0|0|0|0|0|0|0|0|0|0|0|0|0|0|0|0|0|0|0|0F28|41336464|100288BD|0|0|0|0|0|0|020A53|3E84196C|10020C04|0A35|4102419B|10020C04|0|0|0|0F40|4102419B|100288BD|0|0|0|0A26|4102419B|1003AAEE|3b845b5e419361a5
26|2026-09-16T21:55:03.2550000-04:00|A2C|Kardia|60.00|10020C04|Minda Silva|10020C04|Minda Silva|00|204515|204515|4f9f34d285174ae6
30|2026-09-16T21:55:03.2550000-04:00|4C3|Confession|0.00|100288BD|Elie Glory|10020C04|Minda Silva|FFF6|204515|204515|85a1ddf7b11e2627
261|2026-09-16T21:55:03.2690000-04:00|Change|100288BD|Heading|2.5849|NPCTargetID|40002A6C|PCTargetID|40002A6C|PosX|104.7023|PosY|96.0967|PosZ|-0.0000|4ce2b380eb44979e
261|2026-09-16T21:55:03.3020000-04:00|Change|40002A6C|Heading|-1.9875|PosX|96.3209|PosY|98.3799|PosZ|-0.0000|d83bcea5822e5efe
270|2026-09-16T21:55:03.3440000-04:00|40002A6C|-1.9727|0000|005A|92.9732|96.9405|0.1983|dfd857b17331cf8d
270|2026-09-16T21:55:03.3440000-04:00|40002A6D|-0.5981|0000|005A|91.2031|100.2059|0.1983|a1c018aeea208715
00|2026-09-16T21:55:03.3960000-04:00|002B||Enri HazeSiren uses Unveiled Gallows.|5195ccf7ada2fd3d
00|2026-09-16T21:55:03.3960000-04:00|0029||   Chaos takes 37701 damage.|36d2cabc205b17ba
00|2026-09-16T21:55:03.3960000-04:00|002E||   Enri HazeSiren gains the effect of Soul Reaver.|20f32ec16fbf1fa2
00|2026-09-16T21:55:03.3960000-04:00|0030||Arcane ValianceJenova loses the effect of Confession.|b2620e01cc15c448
38|2026-09-16T21:55:03.3890000-04:00|1008704E|Arcane Valiance|00646420|325219|325219|5200|10000|12||86.94|107.80|-0.00|1.74|0|0|0|0A0168|41F00000|E0000000|0|0|0|1E016C|41F00000|E0000000|29CE0030|44E67D3E|1008704E|02E7|0|1008704E|0A31|41BDC27C|10020C04|0|0|0|0|0|0|0|0|0|0|0|0|0|0|0|0|0|0|0|0|0|0|0|0|0|0|0|0|0|0|0|0|0|0|0|0|0|0|0|0|0|0|0|0|0|0|0|0|0|0|0|0|0|0|0|0|0|0|0|0|0|0|0|0|0|0|0|0|0|0|0|0|0A35|412E6258|10020C04|0|0|0|010A53|3F6D0ED8|10020C04|0F40|41001CBE|100288BD|0F28|412CF5CD|100288BD|0A26|41001CBE|1003AAEE|a3d25d5690ecac17
30|2026-09-16T21:55:03.3890000-04:00|4C3|Confession|0.00|100288BD|Elie Glory|1008704E|Arcane Valiance|FFF6|325219|204515|0dc22438e5a2c871
261|2026-09-16T21:55:03.4220000-04:00|Change|10020C04|CurrentMP|7100|Heading|2.1263|PosX|102.5742|PosY|88.1335|PosZ|0.0000|4d8ded1f5a612a7c
37|2026-09-16T21:55:03.4330000-04:00|40002A6D|Chaos|00004083|22767493||||||91.20|100.21|0.00|-0.55|304d3b906346b7e8
37|2026-09-16T21:55:03.4330000-04:00|1003AAEE|Enri Haze|00004083|210389|227550|10000|10000|9||94.50|107.38|-0.00|-1.11|2700|0|0|01|21000A1B|01|41F00000|1003AAEE|2423039ccb9e5725
38|2026-09-16T21:55:03.4340000-04:00|1003AAEE|Enri Haze|00646427|210389|227550|10000|10000|9||94.50|107.38|-0.00|-1.11|0|0|0|29CE0030|441C257A|1003AAEE|0|0|0|0A31|41BD6653|10020C04|0|0|0|0|0|0|0|0|0|0|0|0|0|0|0|0|0|0|0|0|0|0|0|0|0|0|0|0|0|0|0|0|0|0|0|0|0|0|0|0|0|0|0|0|0|0|0|0|0|0|0|0|0|0|0|0|0|0|0|0|0|0|0|0|0|0|0|0|0|0|0|0|0|0|0|0|0|0|0|0|0|0A1D|42261309|1003AAEE|0F40|40FEC8D8|100288BD|0A35|412A1CB7|10020C04|010A1B|41EFA3D7|1003AAEE|020A53|3EF5406A|10020C04|0A26|40FEC8D8|1003AAEE|0F28|4132A7F9|100288BD|3277bc8c16b78e17
00|2026-09-16T21:55:03.5140000-04:00|0029||Chaos hits Arcane ValianceJenova for 44920 damage.|2700a2d55a9e4ed2
00|2026-09-16T21:55:03.5320000-04:00|002B||Elie GloryUltros casts Dia.|351feb92a4342c6c
00|2026-09-16T21:55:03.5320000-04:00|0029||   Chaos takes 9159 damage.|bb7d2e58d841333f
00|2026-09-16T21:55:03.5320000-04:00|002F||   Chaos suffers the effect of Dia.|e57c9bb9f9dd2218
24|2026-09-16T21:55:03.5230000-04:00|10020C04|Minda Silva|HoT|A53|4121|204515|204515|7100|10000|||102.66|88.08|0.00|2.12|10020C04|Minda Silva|0|204515|204515|7100|10000|||102.66|88.08|0.00|2.12|1d09872d210bc117
38|2026-09-16T21:55:03.5230000-04:00|10020C04|Minda Silva|00646428|204515|204515|7100|10000|26||102.66|88.08|0.00|2.12|0|0|0|0A0168|41F00000|E0000000|0A2C|42700000|10020C04|29D20030|44E5B5F9|10020C04|0|0|0|0A31|41BCB00D|10020C04|0|0|0|0|0|0|0|0|0|0|0|0|0|0|0|0|0|0|0|0|0|0|0|0|0|0|0|0|0|0|0|0|0|0|0|0|0|0|0|0|0|0|0|0|0|0|0|0|0|0|0|0|0|0|0|0|0|0|0|0|0|0|0|0|0|0|0|0|0|0|0|0|0|0|0|0F28|412F1AAA|100288BD|0|0|0|0|0|0|0|0|0|0A35|40FBEFC1|10020C04|0|0|0|0F40|40FBEFC1|100288BD|0|0|0|0A26|40FBEFC1|1003AAEE|5d8e053cdd706e45
30|2026-09-16T21:55:03.5230000-04:00|A53|Panhaimatinon|0.00|10020C04|Minda Silva|10020C04|Minda Silva|02|204515|204515|e6301c6767c58415
37|2026-09-16T21:55:03.5680000-04:00|40002A6D|Chaos|00004084|22759834||||||91.20|100.21|0.00|-0.55|721f8037eac982ae
37|2026-09-16T21:55:03.5680000-04:00|40002A6D|Chaos|00004081|22750675|37552669|10000|10000|0||91.20|100.21|0.00|-0.55|0|0|0|01|0200074F|0|41F00000|100288BD|f5fd15482bd3b156
26|2026-09-16T21:55:03.5680000-04:00|74F|Dia|30.00|100288BD|Elie Glory|40002A6D|Chaos|00|37552669|204515|1abedc6c42661b6e
39|2026-09-16T21:55:03.5680000-04:00|1003AAEE|Enri Haze|212664|227550|10000|10000|||94.50|107.38|-0.00|-1.11|632efb673b3ccb7c
00|2026-09-16T21:55:03.5790000-04:00|002D||Your Panhaima restores 16673 of your HP.|80b8c58834c060c7
00|2026-09-16T21:55:03.5790000-04:00|0030||You lose the effect of Panhaimatinon.|3676e79794437491
37|2026-09-16T21:55:03.6120000-04:00|1008704E|Arcane Valiance|00004085|280299|325219|5200|10000|5||86.33|107.92|-0.00|1.75|2000|0|0|03|05000000|0|0|E0000000|1E000A35|0|41700000|10020C04|20000000|0|0|E0000000|4a0378746bed2635
26|2026-09-16T21:55:03.6120000-04:00|A35|Panhaima|15.00|10020C04|Minda Silva|1008704E|Arcane Valiance|00|325219|204515|17a3975ed35123d9
38|2026-09-16T21:55:03.6120000-04:00|1008704E|Arcane Valiance|00646420|280299|325219|5200|10000|5||86.33|107.92|-0.00|1.75|0|0|0|0A0168|41F00000|E0000000|0|0|0|1E016C|41F00000|E0000000|29CE0030|44E6761B|1008704E|02E7|0|1008704E|0|0|0|0|0|0|0|0|0|0|0|0|0|0|0|0|0|0|0|0|0|0|0|0|0|0|0|0|0|0|0|0|0|0|0|0|0|0|0|0|0|0|0|0|0|0|0|0|0|0|0|0|0|0|0|0|0|0|0|0|0|0|0|0|0|0|0|0|0|0|0|0|0|0|0|0A35|416F4FDF|10020C04|0|0|0|0|0|0|0F40|40F916AA|100288BD|0F28|41296465|100288BD|0A26|40F916AA|1003AAEE|25c4571730f5f153
30|2026-09-16T21:55:03.6120000-04:00|A31|Eukrasian Prognosis|0.00|10020C04|Minda Silva|1008704E|Arcane Valiance|00|325219|204515|fb52e1f15523d794
30|2026-09-16T21:55:03.6120000-04:00|A53|Panhaimatinon|0.00|10020C04|Minda Silva|1008704E|Arcane Valiance|01|325219|204515|effd274ef896a68d
00|2026-09-16T21:55:03.6670000-04:00|0030||Arcane ValianceJenova loses the effect of Eukrasian Prognosis.|c45d29b8e6b78cce
00|2026-09-16T21:55:03.6670000-04:00|0030||Arcane ValianceJenova loses the effect of Panhaimatinon.|fd1a4b8e28000dd7
00|2026-09-16T21:55:03.6670000-04:00|002E||Arcane ValianceJenova gains the effect of Panhaima.|d9d0fd97b6e347ff
00|2026-09-16T21:55:03.6670000-04:00|0030||Arcane ValianceJenova loses the effect of Panhaima.|8508e90859a53bc3
00|2026-09-16T21:55:03.6670000-04:00|002D||Critical! Stranjer DangerSiren's Panhaima restores 13811 of her HP.|687625323b2f9da3
00|2026-09-16T21:55:03.6670000-04:00|0030||Stranjer DangerSiren loses the effect of Panhaimatinon.|b813af3aa2ad2c7e
270|2026-09-16T21:55:03.6580000-04:00|40002A6C|-2.0039|0000|005A|92.2102|96.6048|0.1983|16e263df8459c2dc
270|2026-09-16T21:55:03.6580000-04:00|40002A6D|-0.5982|0000|005A|90.6538|100.9994|0.1983|d4ad0a76d27fb18c
24|2026-09-16T21:55:03.6580000-04:00|1003AAEE|Enri Haze|HoT|0|B259|210389|227550|10000|10000|||94.47|107.39|-0.00|-1.02|100288BD|Elie Glory|0|204515|204515|9100|10000|||106.25|95.02|-0.00|2.30|e7e567e64cc9df84
24|2026-09-16T21:55:03.6580000-04:00|100D83F9|Stranjer Danger|HoT|A53|35F3|223968|226428|10000|10000|||90.96|84.54|-0.00|0.31|10020C04|Minda Silva|1|204515|204515|7100|10000|||103.01|87.85|0.00|2.16|3a5ff554a31909d9
38|2026-09-16T21:55:03.6580000-04:00|1003AAEE|Enri Haze|00646427|227550|227550|10000|10000|9||94.47|107.39|-0.00|-1.02|0|0|0|29CE0030|441C1734|1003AAEE|0|0|0|0A31|41BB9D9F|10020C04|0|0|0|0|0|0|0|0|0|0|0|0|0|0|0|0|0|0|0|0|0|0|0|0|0|0|0|0|0|0|0|0|0|0|0|0|0|0|0|0|0|0|0|0|0|0|0|0|0|0|0|0|0|0|0|0|0|0|0|0|0|0|0|0|0|0|0|0|0|0|0|0|0|0|0|0|0|0|0|0|0|0A1D|42252EB0|1003AAEE|0F40|40F7A606|100288BD|0A35|41268B4F|10020C04|010A1B|41EDDB23|1003AAEE|020A53|3E83135A|10020C04|0A26|40F7A606|1003AAEE|0F28|412F1691|100288BD|2bff35657f75ae8a
38|2026-09-16T21:55:03.6580000-04:00|100D83F9|Stranjer Danger|0064641F|226428|226428|10000|10000|12||90.96|84.54|-0.00|0.31|0|0|0|043C|45845527|100D83F9|29CE0030|451849A7|100D83F9|0A31|41BB9D9F|10020C04|0|0|0|0|0|0|0|0|0|0|0|0|0|0|0|0|0|0|0|0|0|0|0|0|0|0|0|0|0|0|0|0|0|0|0|0|0|0|0|0|0|0|0|0|0|0|0|0|0|0|0|0|0|0|0|0|0|0|0|0|0|0|0|0|0|0|0|0|0|0|0|0|0|0|0|0|0|0|0|0|0|0F28|41268B4F|100288BD|0|0|0|0|0|0|0|0|0|0A35|4127F7DA|10020C04|0|0|0|0F40|40F7A606|100288BD|0|0|0|0A26|40F7A606|1003AAEE|0ba4c2094d99f5e7
30|2026-09-16T21:55:03.6580000-04:00|A53|Panhaimatinon|0.00|10020C04|Minda Silva|100D83F9|Stranjer Danger|01|226428|204515|6a8ec0343e412855
36|2026-09-16T21:55:03.7010000-04:00|14B4|3|ec67935246b34167
24|2026-09-16T21:55:03.7460000-04:00|10020C04|Minda Silva|HoT|0|865E|204515|204515|7100|10000|||103.70|87.38|0.00|2.17|1003AAEE|Enri Haze|0|227550|227550|10000|10000|||94.38|107.40|-0.00|-0.88|a24aedfc44b16c7c
24|2026-09-16T21:55:03.7460000-04:00|100632C7|Evil Batusai|HoT|0|88BB|325133|325133|6400|10000|||84.97|93.24|-0.00|-2.02|1003AAEE|Enri Haze|0|227550|227550|10000|10000|||94.38|107.40|-0.00|-0.88|045e5fedc0b1a0c5
38|2026-09-16T21:55:03.7460000-04:00|10020C04|Minda Silva|00646428|204515|204515|7100|10000|26||103.70|87.38|0.00|2.17|0|0|0|0A0168|41F00000|E0000000|0A2C|42700000|10020C04|29D20030|44E5AEDF|10020C04|0|0|0|0A31|41BAE965|10020C04|0|0|0|0|0|0|0|0|0|0|0|0|0|0|0|0|0|0|0|0|0|0|0|0|0|0|0|0|0|0|0|0|0|0|0|0|0|0|0|0|0|0|0|0|0|0|0|0|0|0|0|0|0|0|0|0|0|0|0|0|0|0|0|0|0|0|0|0|0|0|0|0|0|0|0|0F28|412B8D5B|100288BD|0A2E|0|10020C04|0|0|0|0|0|0|0A35|40F4D520|10020C04|0|0|0|0F40|40F4D520|100288BD|0|0|0|0A26|40F4D520|1003AAEE|d93fa8fa025da310
26|2026-09-16T21:55:03.7460000-04:00|A2E|Eukrasia|9999.00|10020C04|Minda Silva|10020C04|Minda Silva|00|204515|204515|cdf31429e2b51d97
21|2026-09-16T21:55:03.7460000-04:00|10020C04|Minda Silva|5EE2|Eukrasia|10020C04|Minda Silva|3E|1068000|0|0|0|0|0|0|0|0|0|0|0|0|0|0|204515|204515|7100|10000|||103.70|87.38|0.00|2.17|204515|204515|7100|10000|||103.70|87.38|0.00|2.17|00004087|0|1|00||01|5EE2|5EE2|0.600|D90A|810c2976101ae03f
264|2026-09-16T21:55:03.7460000-04:00|10020C04|5EE2|00004087|0||||2.185|10020C04|6b7a3cfbea11acea
38|2026-09-16T21:55:03.7460000-04:00|100632C7|Evil Batusai|00646413|325133|325133|6400|10000|5||84.97|93.24|-0.00|-2.02|0|0|0|0A2D|42700000|10020C04|29CE0030|441F89DC|100632C7|4F|0|100632C7|0|0|0|0|0|0|0|0|0|0|0|0|0|0|0|0|0|0|0|0|0|0|0|0|0|0|0|0|0|0|0|0|0|0|0|0|0|0|0|0|0|0|0|0|0|0|0|0|0|0|0|0|0|0|0|0|0|0|0|0|0|0|0|0|0|0|0|0|0|0|0|0|0|0|0|0|0|0|0|0|0|0A35|412A20D0|10020C04|020A53|3EDFBF90|10020C04|0|0|0|0|0|0|0F28|412FD2FC|100288BD|0|0|0|0F40|40F4D520|100288BD|0|0|0|0|0|0|0A26|40F4D520|1003AAEE|5830e5a329d33099
31|2026-09-16T21:55:03.7460000-04:00|10020C04|28|10303|00|00|b08e3dc26b44a5d1
00|2026-09-16T21:55:03.7500000-04:00|002E||You gain the effect of Eukrasia.|26eb3bf41391a6d6
261|2026-09-16T21:55:03.8280000-04:00|Change|100F612E|CastBuffID|34654|CastDurationCurrent|0.0169|CastDurationMax|2.3000|CastTargetID|40002A6C|Heading|1.7337|IsCasting1|1|IsCasting2|1|PosX|116.9360|PosY|106.7368|PosZ|-0.0153|c25176164ceb25d7
00|2026-09-16T21:55:03.8420000-04:00|002D||Elie GloryUltros's Panhaima restores 25179 of her HP.|5b7f6e96544bf6c9
00|2026-09-16T21:55:03.8420000-04:00|0030||Elie GloryUltros loses the effect of Panhaimatinon.|1c5c38275a146e8d
00|2026-09-16T21:55:03.8420000-04:00|002B||Mr ToxicDiabolos begins casting Stone in Yellow.|c753ff8f7a9c34b4
00|2026-09-16T21:55:03.8420000-04:00|0029||Direct hit! Enri HazeSiren hits Chaos for 10885 damage.|a85af862cab34641
24|2026-09-16T21:55:03.7910000-04:00|100288BD|Elie Glory|HoT|A53|625B|204515|204515|9100|10000|||107.42|94.39|-0.00|2.16|10020C04|Minda Silva|0|204515|204515|7100|10000|||104.06|87.12|0.00|2.23|8eabccb92a17c0e3
20|2026-09-16T21:55:03.7910000-04:00|100F612E|Mr Toxic|875E|Stone in Yellow|40002A6C|Exdeath|2.300|116.84|106.76|0.00|1.63|0b7d4870bdd1cd2d
263|2026-09-16T21:55:03.7910000-04:00|100F612E|875E|91.112|96.086|0.198|-1.957|034a2d5af50a4bab
21|2026-09-16T21:55:03.7910000-04:00|1003AAEE|Enri Haze|07|attack|40002A6D|Chaos|714003|2A850000|0|0|0|0|0|0|0|0|0|0|0|0|0|0|22750675|37552669|10000|10000|||91.09|100.38|0.00|-0.58|227550|227550|10000|10000|||94.33|107.40|-0.00|-0.80|00004088|0|1|00||01|07|07|0.100|311B|3bb93755bf7cdf4f
264|2026-09-16T21:55:03.7910000-04:00|1003AAEE|0007|00004088|0||||-1.936|40002A6D|b7f0e423390a8111
38|2026-09-16T21:55:03.7910000-04:00|100288BD|Elie Glory|00646418|204515|204515|9100|10000|17||107.42|94.39|-0.00|2.16|0|0|0|29D20030|44240306|100288BD|04B4|3F0ED87E|100288BD|0|0|0|0A31|41BA8B30|10020C04|0|0|0|0|0|0|0|0|0|0|0|0|0|0|0|0|0|0|0|0|0|0|0|0|0|0|0|0|0|0|0|0|0|0|0|0|0|0|0|0|0|0|0|0|0|0|0|0|0|0|0|0|0|0|0|0|0|0|0|0|0|0|0|0|0|0|0|0|0|0|0|0|0|0|0|0|0|0|0F40|40F35C4B|100288BD|0|0|0|0|0|0|0A35|40F35C4B|10020C04|0|0|0|0A26|40F35C4B|1003AAEE|0F28|41202904|100288BD|adebb80ea79e99f3
30|2026-09-16T21:55:03.7910000-04:00|A53|Panhaimatinon|0.00|10020C04|Minda Silva|100288BD|Elie Glory|03|204515|204515|e996a810d9953ded
24|2026-09-16T21:55:03.8350000-04:00|100F612E|Mr Toxic|HoT|0|D7B2|195555|205177|9300|10000|||116.84|106.76|0.00|1.63|1003AAEE|Enri Haze|0|227550|227550|10000|10000|||94.33|107.40|-0.00|-0.80|85f527a2463784e9
24|2026-09-16T21:55:03.8350000-04:00|100288BD|Elie Glory|HoT|0|8894|204515|204515|9100|10000|||107.42|94.39|-0.00|2.16|100288BD|Elie Glory|0|204515|204515|9100|10000|||107.42|94.39|-0.00|2.16|cf3a4aedecb26c20
21|2026-09-16T21:55:03.8350000-04:00|100632C7|Evil Batusai|07|attack|40002A6C|Exdeath|716003|23610000|0|0|0|0|0|0|0|0|0|0|0|0|0|0|23163969|37552669|10000|10000|||93.43|97.14|-0.00|-1.98|325133|325133|6400|10000|||84.58|93.15|-0.00|-1.98|00004089|0|1|00||01|07|07|0.100|2F9D|ed30fcc2751aa5f8
264|2026-09-16T21:55:03.8350000-04:00|100632C7|0007|00004089|0||||-1.973|40002A6C|82c212332c871f6d
38|2026-09-16T21:55:03.8350000-04:00|100F612E|Mr Toxic|0064642A|205177|205177|9300|10000|15||116.84|106.76|0.00|1.63|0|0|0|29CE0030|4422597E|100F612E|0A31|41BA3113|10020C04|0|0|0|0|0|0|0|0|0|0|0|0|0|0|0|0|0|0|0|0|0|0|0|0|0|0|0|0|0|0|0|0|0|0|0|0|0|0|0|0|0|0|0|0|0|0|0|0|0|0|0|0|0|0|0|0|0|0|0|0|0|0|0|0|0|0|0|0|0|0|0|0|0|0|0|0|0|0|0|0|0|0|0|0|0A35|41246673|10020C04|0E5B|41105DFD|100F612E|030E5A|0|100F612E|0|0|0|0|0|0|030A53|3E5A1EBA|10020C04|0F40|40F1F3D8|100288BD|0F28|4127F7DB|100288BD|0A26|40F1F3D8|1003AAEE|ba6c10d404fcc305
38|2026-09-16T21:55:03.8350000-04:00|100288BD|Elie Glory|00646418|204515|204515|9650|10000|17||107.42|94.39|-0.00|2.16|0|0|0|29D20030|44240035|100288BD|04B4|3F0394E8|100288BD|0|0|0|0A31|41BA3113|10020C04|0|0|0|0|0|0|0|0|0|0|0|0|0|0|0|0|0|0|0|0|0|0|0|0|0|0|0|0|0|0|0|0|0|0|0|0|0|0|0|0|0|0|0|0|0|0|0|0|0|0|0|0|0|0|0|0|0|0|0|0|0|0|0|0|0|0|0|0|0|0|0|0|0|0|0|0|0|0|0F40|40F1F3D8|100288BD|0|0|0|0|0|0|0A35|40F1F3D8|10020C04|0|0|0|0A26|40F1F3D8|1003AAEE|0F28|411F74CB|100288BD|494d7ac8cba21c28
261|2026-09-16T21:55:03.8900000-04:00|Change|100632C7|Heading|-1.9730|PosX|83.7548|PosY|92.9519|PosZ|-0.0014|d8164ede4d07d56c
00|2026-09-16T21:55:03.9350000-04:00|002D||Enri HazeSiren's Panhaima restores 16897 of his HP.|29cfe7f2817668cd
00|2026-09-16T21:55:03.9350000-04:00|0030||Enri HazeSiren loses the effect of Panhaimatinon.|9ac0d9ddc2fd188f
21|2026-09-16T21:55:03.8810000-04:00|100B00B3|Skyler Phoenix|5E|Elusive Jump|100B00B3|Skyler Phoenix|F|74E8000|0|0|0|0|0|0|0|0|0|0|0|0|0|0|206599|227580|10000|10000|||99.54|103.34|-0.00|2.34|206599|227580|10000|10000|||99.54|103.34|-0.00|2.34|0000408A|0|1|00||01|5E|5E|0.800|0832|9b298a1165929c96
264|2026-09-16T21:55:03.8810000-04:00|100B00B3|005E|0000408A|0||||-2.940|100B00B3|d5f5f783f49d163e
38|2026-09-16T21:55:03.8810000-04:00|100B00B3|Skyler Phoenix|00646416|206599|227580|10000|10000|14||99.54|103.34|-0.00|2.34|0|0|0|29CE0030|4518FC4B|100B00B3|0A31|41B9D2DE|10020C04|0|0|0|0|0|0|0|0|0|0|0|0|0|0|0|0|0|0|0|0|0|0|0|0|0|0|0|0|0|0|0|0|0|0|0|0|0|0|0|0|0|0|0|0|0|0|0|0|0|0|0|0|0|0|0|0|0|0|0|0|0|0|0|0|0|0|0|0|0|0|0|0|0|0|0|0|0|0|0|0|0|0|0|0|074E|C1700000|100B00B3|0A35|40F07B03|10020C04|0AA0|4176F157|100B00B3|030A53|3F1168EA|10020C04|0F40|40F07B03|100288BD|0|0|0|0A26|40F07B03|1003AAEE|0|0|0|0F28|4120D50C|100288BD|e04743a956865bdd
26|2026-09-16T21:55:03.8810000-04:00|74E|Enhanced Piercing Talon|15.00|100B00B3|Skyler Phoenix|100B00B3|Skyler Phoenix|00|227580|227580|74191793a29cf845
24|2026-09-16T21:55:03.9250000-04:00|1003AAEE|Enri Haze|HoT|A53|4201|227550|227550|10000|10000|||94.11|107.26|-0.00|-1.03|10020C04|Minda Silva|0|204515|204515|7100|10000|||104.70|86.59|0.00|2.26|cd5129131fc90cb4
24|2026-09-16T21:55:03.9250000-04:00|100D83F9|Stranjer Danger|HoT|0|8987|226428|226428|10000|10000|||91.02|84.01|-0.00|1.59|1003AAEE|Enri Haze|0|227550|227550|10000|10000|||94.11|107.26|-0.00|-1.03|7bee5e0c711ff01f
38|2026-09-16T21:55:03.9250000-04:00|1003AAEE|Enri Haze|00646427|227550|227550|10000|10000|9||94.11|107.26|-0.00|-1.03|0|0|0|29CE0030|441C060C|1003AAEE|0|0|0|0A31|41B978C1|10020C04|0|0|0|0|0|0|0|0|0|0|0|0|0|0|0|0|0|0|0|0|0|0|0|0|0|0|0|0|0|0|0|0|0|0|0|0|0|0|0|0|0|0|0|0|0|0|0|0|0|0|0|0|0|0|0|0|0|0|0|0|0|0|0|0|0|0|0|0|0|0|0|0|0|0|0|0|0|0|0|0|0|0A1D|42241C42|1003AAEE|0F40|40EF1290|100288BD|0A35|41224197|10020C04|010A1B|41EBB645|1003AAEE|0|0|0|0A26|40EF1290|1003AAEE|0F28|412ACCD9|100288BD|0968e6bf9f1b0bd9
30|2026-09-16T21:55:03.9250000-04:00|A53|Panhaimatinon|0.00|10020C04|Minda Silva|1003AAEE|Enri Haze|02|227550|204515|9845e421e770ddca
38|2026-09-16T21:55:03.9250000-04:00|100D83F9|Stranjer Danger|0064641F|226428|226428|10000|10000|12||91.02|84.01|-0.00|1.59|0|0|0|043C|45845303|100D83F9|29CE0030|4518455F|100D83F9|0A31|41B978C1|10020C04|0|0|0|0|0|0|0|0|0|0|0|0|0|0|0|0|0|0|0|0|0|0|0|0|0|0|0|0|0|0|0|0|0|0|0|0|0|0|0|0|0|0|0|0|0|0|0|0|0|0|0|0|0|0|0|0|0|0|0|0|0|0|0|0|0|0|0|0|0|0|0|0|0|0|0|0|0|0|0|0|0|0F28|41224197|100288BD|0|0|0|0|0|0|0|0|0|0A35|4123AE22|10020C04|0|0|0|0F40|40EF1290|100288BD|0|0|0|0A26|40EF1290|1003AAEE|f60678057a0eb88a
00|2026-09-16T21:55:03.9610000-04:00|002B||You cast Eukrasia.|f910ee8090768b40
00|2026-09-16T21:55:03.9820000-04:00|002B||Stranjer DangerSiren uses Heated Slug Shot.|e6ce86a62e2fbc62
00|2026-09-16T21:55:03.9820000-04:00|0029||   Critical! Chaos takes 50990(+56%) damage.|7a9668db3df3fca5
270|2026-09-16T21:55:03.9690000-04:00|40002A6C|-2.0039|0000|005A|89.6467|95.4146|0.1983|eb60619183361dd6
270|2026-09-16T21:55:03.9690000-04:00|40002A6D|-0.6496|0000|005A|90.1045|101.7013|0.1983|1a5f0fc49e1e5438
37|2026-09-16T21:55:04.0130000-04:00|40002A6D|Chaos|00004086|22699685||||||90.81|100.77|0.00|-0.59|009191d00fa90303
261|2026-09-16T21:55:04.0450000-04:00|Change|100288BD|CurrentMP|9650|Heading|1.9851|PosX|109.1967|PosY|93.7322|PosZ|-0.0007|1d9d849e3160a30d
00|2026-09-16T21:55:04.0610000-04:00|002D||Critical! Mr ToxicDiabolos's Panhaima restores 40538 of his HP.|e5a85997c46a33f9
00|2026-09-16T21:55:04.0620000-04:00|0030||Mr ToxicDiabolos loses the effect of Panhaimatinon.|ec7a8bb966518900
24|2026-09-16T21:55:04.0580000-04:00|100F612E|Mr Toxic|HoT|A53|9E5A|205177|205177|9300|10000|||116.99|106.74|0.00|2.45|10020C04|Minda Silva|1|204515|204515|7100|10000|||105.05|86.30|0.00|2.29|244eaf414715491b
38|2026-09-16T21:55:04.0580000-04:00|100F612E|Mr Toxic|0064642A|205177|205177|9300|10000|15||116.99|106.74|0.00|2.45|0|0|0|29CE0030|44224B38|100F612E|0A31|41B8685E|10020C04|0|0|0|0|0|0|0|0|0|0|0|0|0|0|0|0|0|0|0|0|0|0|0|0|0|0|0|0|0|0|0|0|0|0|0|0|0|0|0|0|0|0|0|0|0|0|0|0|0|0|0|0|0|0|0|0|0|0|0|0|0|0|0|0|0|0|0|0|0|0|0|0|0|0|0|0|0|0|0|0|0|0|0|0|0A35|4120D50C|10020C04|0E5B|410CCC96|100F612E|030E5A|0|100F612E|0|0|0|0|0|0|0|0|0|0F40|40EAD106|100288BD|0F28|41246674|100288BD|0A26|40EAD106|1003AAEE|d086166904e966cf
30|2026-09-16T21:55:04.0580000-04:00|A53|Panhaimatinon|0.00|10020C04|Minda Silva|100F612E|Mr Toxic|03|205177|204515|d5520af61d9e3c24
261|2026-09-16T21:55:04.0890000-04:00|Change|40002A6C|Heading|-1.9996|PosX|91.6340|PosY|96.3301|PosZ|-0.0000|fadd53b9d0d44397
39|2026-09-16T21:55:04.1470000-04:00|100632C7|Evil Batusai|325133|325133|6600|10000|||82.49|92.58|-0.00|-1.98|af0b057c95ea0921
21|2026-09-16T21:55:04.1480000-04:00|1003AAEE|Enri Haze|5F3F|Gallows|40002A6D|Chaos|710003|C36A0000|A3E|1018000|F|A1C8000|0|0|0|0|0|0|0|0|0|0|22699685|37552669|10000|10000|||90.62|101.03|0.00|-0.61|227550|227550|10000|10000|||93.91|107.14|-0.00|-0.86|0000408B|0|1|00||01|5F3F|5F3F|0.600|0F80|30e9cb8893366d10
264|2026-09-16T21:55:04.1480000-04:00|1003AAEE|5F3F|0000408B|0||||-2.761|40002A6D|c1fbd03dcc68684e
00|2026-09-16T21:55:04.1940000-04:00|0030||Enri HazeSiren loses the effect of Soul Reaver.|bb0e2a50fe5608a6
00|2026-09-16T21:55:04.1940000-04:00|0030||Enri HazeSiren loses the effect of Enhanced Gallows.|999ab8e64700209c
00|2026-09-16T21:55:04.1940000-04:00|002D||Evil BatusaiDiabolos's Panhaima restores 17395 of his HP.|aa572c6c0a170b7b
00|2026-09-16T21:55:04.1940000-04:00|0030||Evil BatusaiDiabolos loses the effect of Panhaimatinon.|2bf3c8bd2999af22
38|2026-09-16T21:55:04.1480000-04:00|1003AAEE|Enri Haze|00646427|227550|227550|10000|10000|9||93.91|107.14|-0.00|-0.86|0|0|0|29CE0030|441BF7D7|1003AAEE|0|0|0|0A31|41B7B218|10020C04|0|0|0|0|0|0|0|0|0|0|0|0|0|0|0|0|0|0|0|0|0|0|0|0|0|0|0|0|0|0|0|0|0|0|0|0|0|0|0|0|0|0|0|0|0|0|0|0|0|0|0|0|0|0|0|0|0|0|0|0|0|0|0|0|0|0|0|0|0|0|0|0|0|0|0|0|0|0|0|0|0|0|0|0|0F40|40E7F7EF|100288BD|0A35|411EB448|10020C04|0A1C|C2700000|1003AAEE|0|0|0|0A26|40E7F7EF|1003AAEE|0F28|41273F8A|100288BD|b5427d0fe8376cd9
30|2026-09-16T21:55:04.1480000-04:00|A1D|Enhanced Gallows|0.00|1003AAEE|Enri Haze|1003AAEE|Enri Haze|00|227550|227550|a71c02e88972486a
30|2026-09-16T21:55:04.1480000-04:00|A1B|Soul Reaver|0.00|1003AAEE|Enri Haze|1003AAEE|Enri Haze|01|227550|227550|eeb94ed250daee69
26|2026-09-16T21:55:04.1480000-04:00|A1C|Enhanced Gibbet|60.00|1003AAEE|Enri Haze|1003AAEE|Enri Haze|00|227550|227550|44e8c9d285fbfcf9
24|2026-09-16T21:55:04.1910000-04:00|100632C7|Evil Batusai|HoT|A53|43F3|325133|325133|6400|10000|||82.49|92.58|-0.00|-1.98|10020C04|Minda Silva|0|204515|204515|7100|10000|||105.71|85.72|0.00|2.20|93ba6c303ed9acbb
38|2026-09-16T21:55:04.1910000-04:00|100632C7|Evil Batusai|00646413|325133|325133|6600|10000|5||82.49|92.58|-0.00|-1.98|0|0|0|0A2D|42700000|10020C04|29CE0030|441F6D50|100632C7|4F|0|100632C7|0|0|0|0|0|0|0|0|0|0|0|0|0|0|0|0|0|0|0|0|0|0|0|0|0|0|0|0|0|0|0|0|0|0|0|0|0|0|0|0|0|0|0|0|0|0|0|0|0|0|0|0|0|0|0|0|0|0|0|0|0|0|0|0|0|0|0|0|0|0|0|0|0|0|0|0|0|0|0|0|0|0A35|4122FE02|10020C04|0|0|0|0|0|0|0|0|0|0F28|4128B02E|100288BD|0|0|0|0F40|40E68F7C|100288BD|0|0|0|0|0|0|0A26|40E68F7C|1003AAEE|e1b0b55a89ed8513
30|2026-09-16T21:55:04.1910000-04:00|A53|Panhaimatinon|0.00|10020C04|Minda Silva|100632C7|Evil Batusai|02|325133|204515|028de99e19219389
261|2026-09-16T21:55:04.2070000-04:00|Change|100B00B3|Heading|-2.9404|PosX|100.2304|PosY|106.8472|PosZ|-0.0001|ee76efa8861cfaa8
270|2026-09-16T21:55:04.2810000-04:00|40002A6C|-1.9040|0000|005A|87.9377|94.6211|0.1983|4d35706132e6e60a
21|2026-09-16T21:55:04.2810000-04:00|40002A6C|Exdeath|C250|unknown_c250|100632C7|Evil Batusai|710003|20814001|0|0|0|0|0|0|0|0|0|0|0|0|0|0|325133|325133|6400|10000|||82.05|92.44|-0.00|-1.98|23163969|37552669|10000|10000|||91.37|96.21|-0.00|-2.00|0000408C|0|1|00||01|C250|C250|0.100|326C|520fd5f5e36d8142
264|2026-09-16T21:55:04.2810000-04:00|40002A6C|C250|0000408C|0||||-1.904|100632C7|e62680bd4adfd42d
00|2026-09-16T21:55:04.2890000-04:00|0029||Critical direct hit! Evil BatusaiDiabolos hits Exdeath for 9057 damage.|f3f7c8bed9481010
261|2026-09-16T21:55:04.2980000-04:00|Change|10020C04|Heading|2.5248|PosX|106.4231|PosY|84.8293|PosZ|0.0000|0a44a13be970dd55
37|2026-09-16T21:55:04.3250000-04:00|40002A6D|Chaos|00004088|22688800||||||90.31|101.44|0.00|-0.63|94bf51c2e2af8088
37|2026-09-16T21:55:04.3250000-04:00|1003AAEE|Enri Haze|00004088|227550|227550|10000|10000|9||93.88|107.33|-0.00|-1.73|2700|0|0|01|21000A1C|0|C2700000|1003AAEE|b8f8b2cdd3945063
37|2026-09-16T21:55:04.3700000-04:00|40002A6C|Exdeath|00004089|23154912||||||90.40|95.76|-0.00|-1.99|824461d6930d550b
39|2026-09-16T21:55:04.3700000-04:00|100B00B3|Skyler Phoenix|208874|227580|10000|10000|||100.73|109.31|-0.00|-2.94|1ebb0f8fedfcc2f6
38|2026-09-16T21:55:04.3700000-04:00|100288BD|Elie Glory|00646418|204515|204515|9650|10000|17||110.87|93.37|-0.00|1.86|0|0|0|29D20030|4423DDF8|100288BD|0|0|0|0|0|0|0A31|41B5E963|10020C04|0|0|0|0|0|0|0|0|0|0|0|0|0|0|0|0|0|0|0|0|0|0|0|0|0|0|0|0|0|0|0|0|0|0|0|0|0|0|0|0|0|0|0|0|0|0|0|0|0|0|0|0|0|0|0|0|0|0|0|0|0|0|0|0|0|0|0|0|0|0|0|0|0|0|0|0|0|0|0F40|40E0D51D|100288BD|0|0|0|0|0|0|0A35|40E0D51D|10020C04|0|0|0|0A26|40E0D51D|1003AAEE|0F28|4116E571|100288BD|dc5a5981c0920daa
30|2026-09-16T21:55:04.3700000-04:00|4B4|Lucid Dreaming|0.00|100288BD|Elie Glory|100288BD|Elie Glory|00|204515|204515|56d2461e6efc7ff2
00|2026-09-16T21:55:04.3810000-04:00|0030||Elie GloryUltros loses the effect of Lucid Dreaming.|e0b77d27d3a960aa
00|2026-09-16T21:55:04.4630000-04:00|002D||Skyler PhoenixDiabolos's Panhaima restores 24570 of his HP.|6ced35634d1cd76c
00|2026-09-16T21:55:04.4630000-04:00|0030||Skyler PhoenixDiabolos loses the effect of Panhaimatinon.|90dd2c4de7599205
00|2026-09-16T21:55:04.4630000-04:00|0029||Stranjer DangerSiren hits Chaos for 5817 damage.|68f492f4a9829803
24|2026-09-16T21:55:04.4590000-04:00|100B00B3|Skyler Phoenix|HoT|A53|5FFA|208874|227580|10000|10000|||101.09|111.10|-0.00|-2.94|10020C04|Minda Silva|0|204515|204515|7100|10000|||106.82|84.36|0.00|2.28|3c6ba315713b6372
21|2026-09-16T21:55:04.4590000-04:00|100D83F9|Stranjer Danger|08|Shot|40002A6D|Chaos|720003|16B90000|0|0|0|0|0|0|0|0|0|0|0|0|0|0|22688800|37552669|10000|10000|||90.19|101.59|0.00|-0.64|226428|226428|10000|10000|||91.17|83.67|-0.00|2.13|0000408D|0|1|00||01|08|08|0.100|D3DB|5055d136c44b99d0
264|2026-09-16T21:55:04.4590000-04:00|100D83F9|0008|0000408D|0||||2.058|40002A6D|955a0dcb83cd59c7
38|2026-09-16T21:55:04.4590000-04:00|100B00B3|Skyler Phoenix|00646416|227580|227580|10000|10000|14||101.09|111.10|-0.00|-2.94|0|0|0|29CE0030|4518F30F|100B00B3|0A31|41B5331D|10020C04|0|0|0|0|0|0|0|0|0|0|0|0|0|0|0|0|0|0|0|0|0|0|0|0|0|0|0|0|0|0|0|0|0|0|0|0|0|0|0|0|0|0|0|0|0|0|0|0|0|0|0|0|0|0|0|0|0|0|0|0|0|0|0|0|0|0|0|0|0|0|0|0|0|0|0|0|0|0|0|0|0|0|0|0|074E|C1700000|100B00B3|0A35|40DDFC06|10020C04|0AA0|416DB1DC|100B00B3|0|0|0|0F40|40DDFC06|100288BD|0|0|0|0A26|40DDFC06|1003AAEE|0|0|0|0F28|41179591|100288BD|d60aca0a0c3c0ba0
30|2026-09-16T21:55:04.4590000-04:00|A53|Panhaimatinon|0.00|10020C04|Minda Silva|100B00B3|Skyler Phoenix|03|227580|204515|46e2dfd9a3534446
261|2026-09-16T21:55:04.4750000-04:00|Change|100B00B3|Heading|-2.9404|PosX|101.3957|PosY|112.5957|PosZ|-0.0001|975a9386ddf046a8
270|2026-09-16T21:55:04.5040000-04:00|40002A6D|-0.4548|0000|005A|90.1045|101.7013|0.1983|2139653e37bcbdc7
24|2026-09-16T21:55:04.5040000-04:00|1008704E|Arcane Valiance|HoT|0|ADAD|280299|325219|5200|10000|||85.07|108.45|-0.00|1.83|1003AAEE|Enri Haze|0|227550|227550|10000|10000|||93.90|107.45|-0.00|-1.15|46aa959802c78507
24|2026-09-16T21:55:04.5040000-04:00|100B00B3|Skyler Phoenix|HoT|0|87C4|208874|227580|10000|10000|||101.09|111.10|-0.00|-2.94|100288BD|Elie Glory|0|204515|204515|9650|10000|||111.46|93.34|-0.00|1.80|15f0e94fb32b9e2c
38|2026-09-16T21:55:04.5040000-04:00|1008704E|Arcane Valiance|00646420|324760|325219|5200|10000|5||85.07|108.45|-0.00|1.83|0|0|0|0A0168|41F00000|E0000000|0|0|0|1E016C|41F00000|E0000000|29CE0030|44E65991|1008704E|02E7|0|1008704E|0|0|0|0|0|0|0|0|0|0|0|0|0|0|0|0|0|0|0|0|0|0|0|0|0|0|0|0|0|0|0|0|0|0|0|0|0|0|0|0|0|0|0|0|0|0|0|0|0|0|0|0|0|0|0|0|0|0|0|0|0|0|0|0|0|0|0|0|0|0|0|0|0|0|0|0A35|41610A41|10020C04|0|0|0|0|0|0|0F40|40DC8B62|100288BD|0F28|411B1EC7|100288BD|0A26|40DC8B62|1003AAEE|d4c3c00b8d164e57
38|2026-09-16T21:55:04.5040000-04:00|100B00B3|Skyler Phoenix|00646416|227580|227580|10000|10000|14||101.09|111.10|-0.00|-2.94|0|0|0|29CE0030|4518F257|100B00B3|0A31|41B4D6F4|10020C04|0|0|0|0|0|0|0|0|0|0|0|0|0|0|0|0|0|0|0|0|0|0|0|0|0|0|0|0|0|0|0|0|0|0|0|0|0|0|0|0|0|0|0|0|0|0|0|0|0|0|0|0|0|0|0|0|0|0|0|0|0|0|0|0|0|0|0|0|0|0|0|0|0|0|0|0|0|0|0|0|0|0|0|0|074E|C1700000|100B00B3|0A35|40DC8B62|10020C04|0AA0|416CF98A|100B00B3|0|0|0|0F40|40DC8B62|100288BD|0|0|0|0A26|40DC8B62|1003AAEE|0|0|0|0F28|4116DD3F|100288BD|4dd1d9aeea58e322
00|2026-09-16T21:55:04.5160000-04:00|002B||Skyler PhoenixDiabolos uses Elusive Jump.|6bbe108071ddc829
00|2026-09-16T21:55:04.5160000-04:00|002E||   Skyler PhoenixDiabolos gains the effect of Enhanced Piercing Talon.|51dba553092e9abe
00|2026-09-16T21:55:04.5620000-04:00|002B||Enri HazeSiren uses Gallows.|f777e4b847ccb208
00|2026-09-16T21:55:04.5620000-04:00|0029||   Chaos takes 50026 damage.|60d7f00a3b695545
00|2026-09-16T21:55:04.5620000-04:00|002E||   Enri HazeSiren gains the effect of Enhanced Gibbet.|7c74d651d0ed6c16
37|2026-09-16T21:55:04.5490000-04:00|100B00B3|Skyler Phoenix|0000408A|227580|227580|10000|10000|14||101.70|114.11|-0.00|-2.94|1600|0|0|01|1E00074E|0|41700000|100B00B3|808421162bdcc3e3
38|2026-09-16T21:55:04.5490000-04:00|100B00B3|Skyler Phoenix|00646416|227580|227580|10000|10000|14||101.70|114.11|-0.00|-2.94|0|0|0|29CE0030|4518F19F|100B00B3|0A31|41B47ACB|10020C04|0|0|0|0|0|0|0|0|0|0|0|0|0|0|0|0|0|0|0|0|0|0|0|0|0|0|0|0|0|0|0|0|0|0|0|0|0|0|0|0|0|0|0|0|0|0|0|0|0|0|0|0|0|0|0|0|0|0|0|0|0|0|0|0|0|0|0|0|0|0|0|0|0|0|0|0|0|0|0|0|0|0|0|0|074E|416F47AE|100B00B3|0A35|40DB1ABE|10020C04|0AA0|416C4138|100B00B3|0|0|0|0F40|40DB1ABE|100288BD|0|0|0|0A26|40DB1ABE|1003AAEE|0|0|0|0F28|411624ED|100288BD|717f6f208eb2d73d
39|2026-09-16T21:55:04.5930000-04:00|100288BD|Elie Glory|204515|204515|9850|10000|||112.45|93.28|-0.00|1.70|22f75cd52ff0b317
21|2026-09-16T21:55:04.5930000-04:00|1008704E|Arcane Valiance|07|attack|40002A6D|Chaos|710003|1A0B0000|0|0|0|0|0|0|0|0|0|0|0|0|0|0|22688800|37552669|10000|10000|||90.10|101.70|0.00|-0.64|324760|325219|5200|10000|||85.36|108.68|-0.02|1.85|0000408E|0|1|00||01|07|07|0.100|D0FE|883da7bba4e0d02d
264|2026-09-16T21:55:04.5930000-04:00|1008704E|0007|0000408E|0||||1.988|40002A6D|97db81748f39c9a0
261|2026-09-16T21:55:04.7140000-04:00|Change|100B00B3|Heading|-2.9404|PosX|102.4507|PosY|117.7759|PosZ|-0.0153|5f70cf365f4c1fcd
00|2026-09-16T21:55:04.7340000-04:00|0030||You lose the effect of Eukrasia.|0ee5d174161450f4
37|2026-09-16T21:55:04.6380000-04:00|40002A6D|Chaos|0000408B|22638774||||||90.10|101.70|0.00|-0.61|27a4b5f1fb2ff5e2
37|2026-09-16T21:55:04.6380000-04:00|1003AAEE|Enri Haze|0000408B|227550|227550|10000|10000|9||94.27|108.50|-0.00|-0.40|2700|0|0|01|21000A1C|0|42700000|1003AAEE|04821bea5d6c0511
38|2026-09-16T21:55:04.6380000-04:00|1003AAEE|Enri Haze|00646427|227550|227550|10000|10000|9||94.27|108.50|-0.00|-0.40|0|0|0|29CE0030|441BD86C|1003AAEE|0|0|0|0A31|41B3C485|10020C04|0|0|0|0|0|0|0|0|0|0|0|0|0|0|0|0|0|0|0|0|0|0|0|0|0|0|0|0|0|0|0|0|0|0|0|0|0|0|0|0|0|0|0|0|0|0|0|0|0|0|0|0|0|0|0|0|0|0|0|0|0|0|0|0|0|0|0|0|0|0|0|0|0|0|0|0|0|0|0|0|0|0|0|0|0F40|40D841A7|100288BD|0A35|4116D926|10020C04|0A1C|426FD1EC|1003AAEE|0|0|0|0A26|40D841A7|1003AAEE|0F28|411F6468|100288BD|fb558fa209da990e
21|2026-09-16T21:55:04.6830000-04:00|100288BD|Elie Glory|4094|Dia|40002A6C|Exdeath|750003|24140000|7070E|74F0000|1B|40948000|0|0|0|0|0|0|0|0|0|0|23154912|37552669|10000|10000|||88.61|94.93|-0.00|-1.93|204515|204515|9650|10000|||112.84|93.26|-0.00|1.66|0000408F|0|1|00||01|4094|4094|0.600|4340|18b330ee42b443a6
264|2026-09-16T21:55:04.6830000-04:00|100288BD|4094|0000408F|0||||-1.491|40002A6C|13be450823dc3976
21|2026-09-16T21:55:04.7270000-04:00|10020C04|Minda Silva|5EFA|Eukrasian Dosis III|40002A6C|Exdeath|9510E|A380000|1B|5EFA8000|0|0|0|0|0|0|0|0|0|0|0|0|23154912|37552669|10000|10000|||88.61|94.93|-0.00|-1.93|204515|204515|7100|10000|||106.83|84.27|0.00|-1.12|00004090|0|1|00||01|5EFA|5EFA|0.600|560B|71167640ba5ee72a
264|2026-09-16T21:55:04.7270000-04:00|10020C04|5EFA|00004090|0||||-1.030|40002A6C|2578ca660637d971
38|2026-09-16T21:55:04.7270000-04:00|10020C04|Minda Silva|00646428|204515|204515|6700|10000|26||106.83|84.27|0.00|-1.12|0|0|0|0A0168|41F00000|E0000000|0A2C|42700000|10020C04|29D20030|44E58F73|10020C04|0|0|0|0A31|41B30E3F|10020C04|0|0|0|0|0|0|0|0|0|0|0|0|0|0|0|0|0|0|0|0|0|0|0|0|0|0|0|0|0|0|0|0|0|0|0|0|0|0|0|0|0|0|0|0|0|0|0|0|0|0|0|0|0|0|0|0|0|0|0|0|0|0|0|0|0|0|0|0|0|0|0|0|0|0|0|0F28|411BD719|100288BD|0|0|0|0|0|0|0|0|0|0A35|40D56890|10020C04|0|0|0|0F40|40D56890|100288BD|0|0|0|0A26|40D56890|1003AAEE|ccd5fd6dc62d0a5a
30|2026-09-16T21:55:04.7270000-04:00|A2E|Eukrasia|0.00|10020C04|Minda Silva|10020C04|Minda Silva|00|204515|204515|4c0e7eb91ac9b8e6
31|2026-09-16T21:55:04.7270000-04:00|10020C04|28|303|00|00|3054feb910d80811
261|2026-09-16T21:55:04.7970000-04:00|Change|100288BD|CurrentMP|9450|Heading|-1.4910|PosX|114.1948|PosY|93.0752|PosZ|-0.0000|56e79f966aa92a3c
00|2026-09-16T21:55:04.8180000-04:00|0029||Arcane ValianceJenova hits Chaos for 6667 damage.|d99dfbb398b1d755
21|2026-09-16T21:55:04.7730000-04:00|1008704E|Arcane Valiance|E21|Hard Slash|40002A6D|Chaos|710003|524D0000|1B|E218000|0|0|0|0|0|0|0|0|0|0|0|0|22638774|37552669|10000|10000|||90.10|101.70|0.00|-0.55|324760|325219|5200|10000|||85.79|108.99|-0.02|1.99|00004091|0|1|00||01|E21|E21|0.600|ED8E|dd8599eafb654828
264|2026-09-16T21:55:04.7730000-04:00|1008704E|0E21|00004091|0||||2.689|40002A6D|07383c0de6ba6c46
21|2026-09-16T21:55:04.7730000-04:00|100632C7|Evil Batusai|09|Fast Blade|40002A6C|Exdeath|714003|48250000|1B|98000|0|0|0|0|0|0|0|0|0|0|0|0|23154912|37552669|10000|10000|||87.97|94.63|-0.00|-1.91|325133|325133|6600|10000|||81.99|92.58|-0.00|-1.99|00004092|0|1|00||01|09|09|0.600|B225|d1d9cb3fbda3f254
264|2026-09-16T21:55:04.7730000-04:00|100632C7|0009|00004092|0||||1.231|40002A6C|4c434c230cb76a03
261|2026-09-16T21:55:04.8850000-04:00|Change|100632C7|CurrentMP|6600|Heading|1.2311|PosX|81.9867|PosY|92.5764|PosZ|-0.0000|10994534cc304f38
261|2026-09-16T21:55:04.9210000-04:00|Change|1003AAEE|Heading|0.1043|PosX|94.6474|PosY|110.2822|PosZ|0.0000|52dcad5dd5588762
00|2026-09-16T21:55:04.9420000-04:00|0029||Exdeath hits Evil BatusaiDiabolos for 73857 damage.|daaa6249f3940db0
39|2026-09-16T21:55:04.9940000-04:00|100F612E|Mr Toxic|205177|205177|9500|10000|||117.11|106.74|0.00|-2.06|297f6300e660be00
261|2026-09-16T21:55:04.9870000-04:00|Change|100F612E|CastDurationCurrent|1.1575|CurrentMP|9500|Heading|-2.0505|PosX|117.1069|PosZ|-0.0014|267007708a1870ed
00|2026-09-16T21:55:05.1320000-04:00|0030||Evil BatusaiDiabolos loses the effect of Panhaima.|778388364f94406d
00|2026-09-16T21:55:05.1320000-04:00|0030||Skyler PhoenixDiabolos loses the effect of Enhanced Piercing Talon.|228bd7158d2694da
37|2026-09-16T21:55:05.0830000-04:00|100632C7|Evil Batusai|0000408C|251276|325133|6600|10000|0||81.99|92.58|-0.00|1.23|1300|0|0|01|1E000000|0|0|E0000000|848c5cafac67a64f
38|2026-09-16T21:55:05.0830000-04:00|100632C7|Evil Batusai|00646413|251276|325133|6600|10000|0||81.99|92.58|-0.00|1.23|0|0|0|0A2D|42700000|10020C04|29CE0030|441F343C|100632C7|4F|0|100632C7|0|0|0|0|0|0|0|0|0|0|0|0|0|0|0|0|0|0|0|0|0|0|0|0|0|0|0|0|0|0|0|0|0|0|0|0|0|0|0|0|0|0|0|0|0|0|0|0|0|0|0|0|0|0|0|0|0|0|0|0|0|0|0|0|0|0|0|0|0|0|0|0|0|0|0|0|0|0|0|0|0|0|0|0|0|0|0|0|0|0|0|0|0|0F28|411A6A8E|100288BD|0|0|0|0F40|40CA0434|100288BD|0|0|0|0|0|0|0A26|40CA0434|1003AAEE|376ba37124112856
26|2026-09-16T21:55:05.0830000-04:00|A2D|Kardion|60.00|10020C04|Minda Silva|100632C7|Evil Batusai|00|325133|204515|947f11f8f83b13ca
30|2026-09-16T21:55:05.0830000-04:00|A35|Panhaima|0.00|10020C04|Minda Silva|100632C7|Evil Batusai|00|325133|204515|e5e3af763a4203a9
37|2026-09-16T21:55:05.1280000-04:00|40002A6D|Chaos|0000408E|22632107||||||90.10|101.70|0.00|-0.45|ca2134ab3e22fe3b
21|2026-09-16T21:55:05.1290000-04:00|100B00B3|Skyler Phoenix|5A|Piercing Talon|40002A6D|Chaos|720003|797C0000|0|0|0|0|0|0|0|0|0|0|0|0|0|0|22638774|37552669|10000|10000|||90.10|101.70|0.00|-0.45|227580|227580|10000|10000|||102.45|117.22|-0.00|2.87|00004093|0|1|00||01|5A|5A|0.600|1EFC|e45684f259c602f6
264|2026-09-16T21:55:05.1290000-04:00|100B00B3|005A|00004093|0||||-2.381|40002A6D|c9be6f379f8d6531
38|2026-09-16T21:55:05.1290000-04:00|100B00B3|Skyler Phoenix|00646416|227580|227580|10000|10000|14||102.45|117.22|-0.00|2.87|0|0|0|29CE0030|4518E85F|100B00B3|0A31|41AFD8FE|10020C04|0|0|0|0|0|0|0|0|0|0|0|0|0|0|0|0|0|0|0|0|0|0|0|0|0|0|0|0|0|0|0|0|0|0|0|0|0|0|0|0|0|0|0|0|0|0|0|0|0|0|0|0|0|0|0|0|0|0|0|0|0|0|0|0|0|0|0|0|0|0|0|0|0|0|0|0|0|0|0|0|0|0|0|0|0|0|0|0A35|40C89390|10020C04|0AA0|4162FDA4|100B00B3|0|0|0|0F40|40C89390|100288BD|0|0|0|0A26|40C89390|1003AAEE|0|0|0|0F28|410CE159|100288BD|bc8b7eeb9718988e
30|2026-09-16T21:55:05.1290000-04:00|74E|Enhanced Piercing Talon|0.00|100B00B3|Skyler Phoenix|100B00B3|Skyler Phoenix|00|227580|227580|5d05f88af94b2056
00|2026-09-16T21:55:05.1850000-04:00|002B||You cast Eukrasian Dosis III.|c6cb2e2418c6bd8b
00|2026-09-16T21:55:05.1850000-04:00|002F||   Exdeath suffers the effect of Eukrasian Dosis III.|bf299cd1e878b1b7
37|2026-09-16T21:55:05.2170000-04:00|40002A6D|Chaos|0000408D|22626290||||||90.10|101.70|0.00|-0.45|ba310f5a2c9585e9
270|2026-09-16T21:55:05.2610000-04:00|40002A6D|-0.6167|0000|005A|90.1045|101.7013|0.1983|30e08441e45ce06c
261|2026-09-16T21:55:05.3210000-04:00|Change|10020C04|CurrentMP|6700|Heading|2.7793|PosX|107.5403|PosY|83.1651|19fffca2d30135ee
00|2026-09-16T21:55:05.3290000-04:00|002B||Arcane ValianceJenova uses Hard Slash.|fd5f70581d2127f3
00|2026-09-16T21:55:05.3290000-04:00|0029||   Chaos takes 21069 damage.|1ddd8b2bfc9d4c5c
00|2026-09-16T21:55:05.3610000-04:00|002B||Evil BatusaiDiabolos uses Fast Blade.|ede35997771d418e
00|2026-09-16T21:55:05.3610000-04:00|0029||   Direct hit! Exdeath takes 18469 damage.|40d134f0b9808cfe
37|2026-09-16T21:55:05.3510000-04:00|40002A6D|Chaos|00004091|22605221||||||90.10|101.70|0.00|-0.49|827a963f2584ec51
37|2026-09-16T21:55:05.3960000-04:00|40002A6C|Exdeath|00004092|23136443||||||87.94|94.62|-0.00|-1.90|f7a29b9c4e1f55a1
00|2026-09-16T21:55:05.4900000-04:00|002D||Evil BatusaiDiabolos's Kardia restores 13805 of his HP.|e6e98ca29094494d
24|2026-09-16T21:55:05.4850000-04:00|100632C7|Evil Batusai|HoT|A2C|35ED|251276|325133|6600|10000|||82.17|92.61|-0.00|1.64|10020C04|Minda Silva|0|204515|204515|6700|10000|||107.57|83.05|0.00|2.86|39f44123ca9cc287
37|2026-09-16T21:55:05.4850000-04:00|40002A6C|Exdeath|00004090|23136443|37552669|10000|10000|0||87.94|94.62|-0.00|-1.90|0|0|0|01|01000A38|0|41F00000|10020C04|fade81bb52637d32
26|2026-09-16T21:55:05.4850000-04:00|A38|Eukrasian Dosis III|30.00|10020C04|Minda Silva|40002A6C|Exdeath|00|37552669|204515|2f921a5ca033af2a
38|2026-09-16T21:55:05.4850000-04:00|100632C7|Evil Batusai|00646413|265081|325133|6600|10000|0||82.17|92.61|-0.00|1.64|0|0|0|0A2D|42700000|10020C04|29CE0030|441F1A83|100632C7|4F|0|100632C7|0|0|0|0|0|0|0|0|0|0|0|0|0|0|0|0|0|0|0|0|0|0|0|0|0|0|0|0|0|0|0|0|0|0|0|0|0|0|0|0|0|0|0|0|0|0|0|0|0|0|0|0|0|0|0|0|0|0|0|0|0|0|0|0|0|0|0|0|0|0|0|0|0|0|0|0|0|0|0|0|0|0|0|0|0|0|0|0|0|0|0|0|0|0F28|4113FBF7|100288BD|0|0|0|0F40|40BD2703|100288BD|0|0|0|0|0|0|0A26|40BD2703|1003AAEE|e13fcf7350df8950
00|2026-09-16T21:55:05.5780000-04:00|002B||Arcane ValianceJenova uses Sprint.|7296aa7cfa4e00fb
00|2026-09-16T21:55:05.5780000-04:00|002E||   Arcane ValianceJenova gains the effect of Sprint.|5a689fcaf062ae7a
270|2026-09-16T21:55:05.5740000-04:00|40002A6D|-0.7703|0000|005A|90.1045|101.7013|0.1983|e0f33e424cb159f6
21|2026-09-16T21:55:05.5740000-04:00|100F612E|Mr Toxic|875E|Stone in Yellow|40002A6C|Exdeath|454003|C6D44001|F|E5C8000|0|0|0|0|0|0|0|0|0|0|0|0|23136443|37552669|10000|10000|||87.94|94.62|-0.00|-1.90|205177|205177|9500|10000|||117.11|106.74|0.00|-1.97|00004094|0|1|00||01|875E|875E|0.100|3046|93c7594ade18349a
264|2026-09-16T21:55:05.5740000-04:00|100F612E|875E|00004094|0||||-1.957|40002A6C|b2b12c685bf5fb2d
21|2026-09-16T21:55:05.5740000-04:00|1008704E|Arcane Valiance|03|Sprint|1008704E|Arcane Valiance|1E00000E|320000|0|0|0|0|0|0|0|0|0|0|0|0|0|0|324760|325219|5200|10000|||86.26|109.24|-0.00|2.07|324760|325219|5200|10000|||86.26|109.24|-0.00|2.07|00004095|0|1|00||01|03|03|0.600|D991|305b42191f594a1d
264|2026-09-16T21:55:05.5740000-04:00|1008704E|0003|00004095|0||||2.198|1008704E|a334a19d969fe07a
38|2026-09-16T21:55:05.5740000-04:00|100F612E|Mr Toxic|0064642A|205177|205177|9100|10000|15||117.11|106.74|0.00|-1.97|0|0|0|29CE0030|4421EA36|100F612E|0A31|41AC4794|10020C04|0|0|0|0|0|0|0|0|0|0|0|0|0|0|0|0|0|0|0|0|0|0|0|0|0|0|0|0|0|0|0|0|0|0|0|0|0|0|0|0|0|0|0|0|0|0|0|0|0|0|0|0|0|0|0|0|0|0|0|0|0|0|0|0|0|0|0|0|0|0|0|0|0|0|0|0|0|0|0|0|0|0|0|0|0A35|41089386|10020C04|0E5C|C1F00000|100F612E|020E5A|0|100F612E|0|0|0|0|0|0|0|0|0|0F40|40BA4DEC|100288BD|0F28|410C24EE|100288BD|0A26|40BA4DEC|1003AAEE|239268881c8ac6cd
30|2026-09-16T21:55:05.5740000-04:00|E5B|Aetherhues|0.00|100F612E|Mr Toxic|100F612E|Mr Toxic|00|205177|205177|b37b52f396643911
26|2026-09-16T21:55:05.5740000-04:00|E5C|Aetherhues II|30.00|100F612E|Mr Toxic|100F612E|Mr Toxic|00|205177|205177|d7bc56a1d68f8fb1
26|2026-09-16T21:55:05.5740000-04:00|E5A|Subtractive Palette|9999.00|100F612E|Mr Toxic|100F612E|Mr Toxic|02|205177|205177|bec26b973499b562
24|2026-09-16T21:55:05.6620000-04:00|40002A6C|Exdeath|DoT|0|2F34|23136443|37552669|10000|10000|||87.94|94.62|-0.00|-1.90|1003AAEE|Enri Haze|FFFFFFFF|227550|227550|10000|10000|||94.28|114.53|-0.00|-0.07|d07e0d97797527a2
24|2026-09-16T21:55:05.6620000-04:00|40002A6D|Chaos|DoT|0|7824|22605221|37552669|10000|10000|||90.10|101.70|0.00|-0.57|10020C04|Minda Silva|FFFFFFFF|204515|204515|6700|10000|||107.57|83.05|0.00|2.86|7b961f9ca7ed9ad9
38|2026-09-16T21:55:05.6620000-04:00|40002A6C|Exdeath|00646400|23124359|37552669|10000|10000|0||87.94|94.62|-0.00|-1.90|0|0|0|F8|41179177|100632C7|0A38|41EE3B63|10020C04|0|0|0|0|0|0|0A0A1A|41334765|1003AAEE|2664dcf3d2126004
38|2026-09-16T21:55:05.6620000-04:00|40002A6D|Chaos|00646400|22574465|37552669|10000|10000|0||90.10|101.70|0.00|-0.57|0|0|0|0A0A1A|420B9CD1|1003AAEE|0A9F|414E82EA|100B00B3|074F|41DEE34D|100288BD|0|0|0|0A38|41D8D2E8|10020C04|a5f5d4b2aaf49a96
261|2026-09-16T21:55:05.7270000-04:00|Change|1003AAEE|Heading|-0.0679|PosX|94.2193|PosY|115.3232|PosZ|-0.0022|92da43e35b9abfa8
37|2026-09-16T21:55:05.7060000-04:00|1008704E|Arcane Valiance|00004095|324760|325219|5200|10000|5||85.56|108.05|-0.00|2.20|2000|0|0|01|01000032|1E|41200000|1008704E|9a7ae1f8e8eb78bc
26|2026-09-16T21:55:05.7060000-04:00|32|Sprint|10.00|1008704E|Arcane Valiance|1008704E|Arcane Valiance|1E|325219|325219|1dcfd912b3579630
21|2026-09-16T21:55:05.7070000-04:00|100D83F9|Stranjer Danger|1CF5|Heated Clean Shot|40002A6D|Chaos|3D720003|9F3B0000|53E|A98000|A3E|F58000|11B|B398000|0|0|0|0|0|0|0|0|22574465|37552669|10000|10000|||90.10|101.70|0.00|-0.61|226428|226428|10000|10000|||92.36|83.03|-0.00|2.59|00004096|0|1|00||01|1CF5|1CF5|0.600|7AFC|4199fef930eeae85
264|2026-09-16T21:55:05.7070000-04:00|100D83F9|1CF5|00004096|0||||-0.123|40002A6D|ae9986dd897ef82e
39|2026-09-16T21:55:05.8400000-04:00|10020C04|Minda Silva|204515|204515|6900|10000|||107.53|83.02|0.00|-2.47|2dbf132419b8a86a
00|2026-09-16T21:55:05.9110000-04:00|002B||Skyler PhoenixDiabolos uses Piercing Talon.|1326c077e2e7e63e
00|2026-09-16T21:55:05.9110000-04:00|0029||   Chaos takes 31100 damage.|16c63e9b2362d362
270|2026-09-16T21:55:05.8840000-04:00|40002A6D|-0.7932|0000|005A|90.1045|101.7013|0.1983|9a3ac71bc4ea2f1b
261|2026-09-16T21:55:05.9400000-04:00|Change|100F612E|CastBuffID|0|CastDurationCurrent|0.0000|CastDurationMax|0.0000|CastTargetID|E0000000|CurrentMP|9100|Heading|-1.9568|IsCasting1|0|IsCasting2|0|PosX|117.1129|PosZ|0.0000|60d3a24c8b06173c
00|2026-09-16T21:55:05.8880000-04:00|002B||Elie GloryUltros casts Dia.|b23e364069e3423c
00|2026-09-16T21:55:05.8880000-04:00|0029||   Exdeath takes 9236 damage.|5dbe534af984bba9
00|2026-09-16T21:55:05.8880000-04:00|002F||   Exdeath suffers the effect of Dia.|07b1ea8d331f9ea0
37|2026-09-16T21:55:05.9740000-04:00|40002A6D|Chaos|00004093|22543365||||||90.10|101.70|0.00|-0.71|f7db841fc21fdb10
37|2026-09-16T21:55:05.9740000-04:00|40002A6C|Exdeath|0000408F|23115123|37552669|10000|10000|0||87.94|94.62|-0.00|-1.90|0|0|0|01|0200074F|0|41F00000|100288BD|656b1df0e6b18ded
26|2026-09-16T21:55:05.9740000-04:00|74F|Dia|30.00|100288BD|Elie Glory|40002A6C|Exdeath|00|37552669|204515|76507ca196096d7c
00|2026-09-16T21:55:06.0330000-04:00|002B||You begin casting Dosis III.|475636c51f4a5775
261|2026-09-16T21:55:06.1220000-04:00|Change|1008704E|CurrentMP|5400|Heading|2.0887|PosX|84.1018|PosY|107.4533|PosZ|-0.0153|bed05292f7163e76
39|2026-09-16T21:55:06.1080000-04:00|1008704E|Arcane Valiance|325219|325219|5400|10000|||84.35|107.51|-0.00|2.15|f6d4f794ef24886b
21|2026-09-16T21:55:06.1080000-04:00|40002A6D|Chaos|C252|unknown_c252|1008704E|Arcane Valiance|730003|2A574001|0|0|0|0|0|0|0|0|0|0|0|0|0|0|324760|325219|5200|10000|||84.35|107.51|-0.00|2.15|22543365|37552669|10000|10000|||90.10|101.70|0.00|-0.75|00004097|0|1|00||01|C252|C252|0.100|5D27|d0fd5e66f7c4b9e8
264|2026-09-16T21:55:06.1080000-04:00|40002A6D|C252|00004097|0||||-0.855|1008704E|b22bd841020b2bbb
21|2026-09-16T21:55:06.1080000-04:00|100632C7|Evil Batusai|07|attack|40002A6C|Exdeath|710003|114A0000|0|0|0|0|0|0|0|0|0|0|0|0|0|0|23115123|37552669|10000|10000|||87.94|94.62|-0.00|-1.90|265081|325133|6600|10000|||82.32|92.64|-0.00|1.96|00004098|0|1|00||01|07|07|0.100|CFA0|ab1cf66ef8e8aa46
264|2026-09-16T21:55:06.1080000-04:00|100632C7|0007|00004098|0||||1.954|40002A6C|5da8f59dc2ffecb0
270|2026-09-16T21:55:06.1960000-04:00|40002A6D|-0.8553|0000|005A|90.1045|101.7013|0.1983|d3592608164dc64d
20|2026-09-16T21:55:06.1960000-04:00|10020C04|Minda Silva|5EF8|Dosis III|40002A6C|Exdeath|1.443|107.53|83.02|0.00|-1.04|c56195ab3fb8742f
263|2026-09-16T21:55:06.1960000-04:00|10020C04|5EF8|87.938|94.621|0.198|-1.036|868b0c1919bca535
00|2026-09-16T21:55:06.2680000-04:00|002B||Mr ToxicDiabolos casts Stone in Yellow.|eba092986edc6ddd
00|2026-09-16T21:55:06.2680000-04:00|0029||   Direct hit! Exdeath takes 116436 damage.|5e04d05906ee9a41
00|2026-09-16T21:55:06.2680000-04:00|002E||   Mr ToxicDiabolos gains the effect of Aetherhues II.|c421f4a1dfa306af
261|2026-09-16T21:55:06.2800000-04:00|Change|100288BD|Heading|1.2391|NPCTargetID|40002A6D|PCTargetID|40002A6D|PosX|117.4181|PosY|93.0952|PosZ|-0.0000|30d6ab75a098afc5
261|2026-09-16T21:55:06.2570000-04:00|Change|10020C04|CastBuffID|24312|CastDurationCurrent|0.2756|CastDurationMax|1.4430|CastTargetID|40002A6C|CurrentMP|6900|Heading|-1.0363|IsCasting1|1|IsCasting2|1|PosX|107.5319|PosY|83.0209|9cf4f1f454e12a0b
37|2026-09-16T21:55:06.3760000-04:00|40002A6C|Exdeath|00004094|22998687||||||87.94|94.62|-0.00|-1.90|5032362bbae836c5
37|2026-09-16T21:55:06.3760000-04:00|100F612E|Mr Toxic|00004094|205177|205177|9100|10000|15||117.11|106.74|0.00|-1.96|2A00|0|0|01|1F000E5C|0|41F00000|100F612E|b3b9928dc794ac4e
38|2026-09-16T21:55:06.3760000-04:00|100F612E|Mr Toxic|0064642A|205177|205177|9100|10000|15||117.11|106.74|0.00|-1.96|0|0|0|29CE0030|4421B6E3|100F612E|0A31|41A5DD12|10020C04|0|0|0|0|0|0|0|0|0|0|0|0|0|0|0|0|0|0|0|0|0|0|0|0|0|0|0|0|0|0|0|0|0|0|0|0|0|0|0|0|0|0|0|0|0|0|0|0|0|0|0|0|0|0|0|0|0|0|0|0|0|0|0|0|0|0|0|0|0|0|0|0|0|0|0|0|0|0|0|0|0|0|0|0|0A35|40F77D12|10020C04|0E5C|41EFA3D7|100F612E|020E5A|0|100F612E|0|0|0|0|0|0|0|0|0|0F40|40A0A3EC|100288BD|0F28|40FE9FE6|100288BD|0A26|40A0A3EC|1003AAEE|2f262d94c86848aa
00|2026-09-16T21:55:06.4490000-04:00|002B||Stranjer DangerSiren uses Heated Clean Shot.|3dfabc1ad90bdcec
00|2026-09-16T21:55:06.4490000-04:00|0029||   Chaos takes 40763(+61%) damage.|db8f0f5c7ecf8e4e
00|2026-09-16T21:55:06.5410000-04:00|0029||Chaos hits Arcane ValianceJenova for 76375 damage.|d1d810b5fb69214d
37|2026-09-16T21:55:06.5100000-04:00|40002A6D|Chaos|00004096|22502602||||||90.10|101.70|0.00|-0.83|400fe66bb8f3c5b1
270|2026-09-16T21:55:06.5100000-04:00|40002A6D|-0.9922|0000|005A|90.1045|101.7013|0.1983|e825cdd0079f0251
00|2026-09-16T21:55:06.5630000-04:00|0029||Evil BatusaiDiabolos hits Exdeath for 4426 damage.|7a5328d24fe08d86
20|2026-09-16T21:55:06.6000000-04:00|1003AAEE|Enri Haze|5F42|Harpe|40002A6D|Chaos|1.300|93.43|117.33|0.00|-0.37|01c32ceee3f2040a
263|2026-09-16T21:55:06.6000000-04:00|1003AAEE|5F42|90.104|101.701|0.198|-2.932|165e5f725d5b0359
37|2026-09-16T21:55:06.6450000-04:00|1008704E|Arcane Valiance|00004097|248844|325219|5400|10000|0||83.02|106.81|-0.00|1.66|2000|0|0|01|1E000000|0|0|E0000000|911e5ebe828b7462
37|2026-09-16T21:55:06.6450000-04:00|40002A6C|Exdeath|00004098|22994261||||||87.94|94.62|-0.00|-1.90|1ed5648e0a2d95af
24|2026-09-16T21:55:06.6450000-04:00|1003AAEE|Enri Haze|HoT|0|8A7D|227550|227550|10000|10000|||93.43|117.33|0.00|-0.37|100288BD|Elie Glory|0|204515|204515|9450|10000|||117.42|93.10|-0.00|1.24|55af457dd009d31a
271|2026-09-16T21:55:06.6450000-04:00|40002A6A|0.9813|00|00|85.8579|85.8579|0.0000|f9dc7612e7df9086
38|2026-09-16T21:55:06.6450000-04:00|1008704E|Arcane Valiance|00646420|248844|325219|5400|10000|0||83.02|106.81|-0.00|1.66|0|0|0|0A0168|41F00000|E0000000|1E0032|411045A4|1008704E|1E016C|41F00000|E0000000|29CE0030|44E6150D|1008704E|02E7|0|1008704E|0|0|0|0|0|0|0|0|0|0|0|0|0|0|0|0|0|0|0|0|0|0|0|0|0|0|0|0|0|0|0|0|0|0|0|0|0|0|0|0|0|0|0|0|0|0|0|0|0|0|0|0|0|0|0|0|0|0|0|0|0|0|0|0|0|0|0|0|0|0|0|0|0|0|0|0|0|0|0|0|0|0|0|0|0F40|40980845|100288BD|0F28|40F1BA83|100288BD|0A26|40980845|1003AAEE|89b4734745f921ce
30|2026-09-16T21:55:06.6450000-04:00|A35|Panhaima|0.00|10020C04|Minda Silva|1008704E|Arcane Valiance|00|325219|204515|0357ecf3d6658919
38|2026-09-16T21:55:06.6450000-04:00|1003AAEE|Enri Haze|00646427|227550|227550|10000|10000|9||93.43|117.33|0.00|-0.37|0|0|0|29CE0030|441B57FE|1003AAEE|0|0|0|0A31|41A3B628|10020C04|0|0|0|0|0|0|0|0|0|0|0|0|0|0|0|0|0|0|0|0|0|0|0|0|0|0|0|0|0|0|0|0|0|0|0|0|0|0|0|0|0|0|0|0|0|0|0|0|0|0|0|0|0|0|0|0|0|0|0|0|0|0|0|0|0|0|0|0|0|0|0|0|0|0|0|0|0|0|0|0|0|0|0|0|0F40|40980845|100288BD|0A35|40ED78F9|10020C04|0A1C|4267CAD3|1003AAEE|0|0|0|0A26|40980845|1003AAEE|0F28|40FE8F82|100288BD|899c66341cd3b4b4
00|2026-09-16T21:55:06.6530000-04:00|002B||Enri HazeSiren begins casting Harpe.|a4bebf5e3ecbf3fd
00|2026-09-16T21:55:06.6530000-04:00|0030||Arcane ValianceJenova loses the effect of Panhaima.|bef09a9589a33ca7
00|2026-09-16T21:55:06.7400000-04:00|0044|Kefka|Careful now!|3e0d2b0a884ddf75
261|2026-09-16T21:55:06.7300000-04:00|Change|1003AAEE|CastBuffID|24386|CastDurationCurrent|0.1045|CastDurationMax|1.3000|CastTargetID|40002A6D|Heading|-0.9973|IsCasting1|1|IsCasting2|1|PosX|93.4309|PosY|117.3265|PosZ|0.0000|26cca862b210e9f2
21|2026-09-16T21:55:06.7340000-04:00|40002A6A|Kefka|BAE4|Ultima Blaster|100F612E|Mr Toxic|750003|3DDC4001|E80E|B7D0000|1B|BAE48000|0|0|0|0|0|0|0|0|0|0|205177|205177|9100|10000|||117.11|106.74|0.00|-1.96|9415000|9415000|10000|10000|||85.86|85.86|-0.00|0.98|00004099|0|1|00||01|BAE4|BAE4|1.800|A7FB|6452af98d15a426c
264|2026-09-16T21:55:06.7340000-04:00|40002A6A|BAE4|00004099|0||||0.981|40002A6A|c0954ebe63b38594
33|2026-09-16T21:55:06.7340000-04:00|800375D2|80000027|19|02|1BDB|40002A31|cce5d41822c6361c
24|2026-09-16T21:55:06.7340000-04:00|10020C04|Minda Silva|HoT|0|8B0F|204515|204515|6900|10000|||107.53|83.02|0.00|-1.04|1003AAEE|Enri Haze|0|227550|227550|10000|10000|||93.43|117.33|0.00|-0.79|0f03225dbbd51738
24|2026-09-16T21:55:06.7340000-04:00|100632C7|Evil Batusai|HoT|0|D2F8|265081|325133|6600|10000|||82.29|92.74|-0.00|0.21|1003AAEE|Enri Haze|0|227550|227550|10000|10000|||93.43|117.33|0.00|-0.79|96a57dad5771a6bb
36|2026-09-16T21:55:06.7340000-04:00|1590|3|934013e577f59f74
38|2026-09-16T21:55:06.7340000-04:00|10020C04|Minda Silva|00646428|204515|204515|6900|10000|26||107.53|83.02|0.00|-1.04|0|0|0|0A0168|41F00000|E0000000|0A2C|42700000|10020C04|29D20030|44E54F39|10020C04|0|0|0|0A31|41A2FFE2|10020C04|0|0|0|0|0|0|0|0|0|0|0|0|0|0|0|0|0|0|0|0|0|0|0|0|0|0|0|0|0|0|0|0|0|0|0|0|0|0|0|0|0|0|0|0|0|0|0|0|0|0|0|0|0|0|0|0|0|0|0|0|0|0|0|0|0|0|0|0|0|0|0|0|0|0|0|0F28|40F774E2|100288BD|0|0|0|0|0|0|0|0|0|0A35|40952F2E|10020C04|0|0|0|0F40|40952F2E|100288BD|0|0|0|0A26|40952F2E|1003AAEE|370ca1c2545b039b
26|2026-09-16T21:55:06.7340000-04:00|A2C|Kardia|60.00|10020C04|Minda Silva|10020C04|Minda Silva|00|204515|204515|1a78bcfaed0875b7
38|2026-09-16T21:55:06.7340000-04:00|100F612E|Mr Toxic|0064642A|205177|205177|9100|10000|15||117.11|106.74|0.00|-1.96|0|0|0|29CE0030|44219FFB|100F612E|0A31|41A2FFE2|10020C04|0B7D|403D2F1B|40002A6A|0|0|0|0|0|0|0|0|0|0|0|0|0|0|0|0|0|0|0|0|0|0|0|0|0|0|0|0|0|0|0|0|0|0|0|0|0|0|0|0|0|0|0|0|0|0|0|0|0|0|0|0|0|0|0|0|0|0|0|0|0|0|0|0|0|0|0|0|0|0|0|0|0|0|0|0|0|0|0|0|0|0A35|40EC0854|10020C04|0E5C|41ECC6A7|100F612E|020E5A|0|100F612E|0|0|0|0|0|0|0|0|0|0F40|40952F2E|100288BD|0F28|40F32B28|100288BD|0A26|40952F2E|1003AAEE|35d693bec71a9cf1
26|2026-09-16T21:55:06.7340000-04:00|B7D|Magic Vulnerability Up|2.96|40002A6A|Kefka|100F612E|Mr Toxic|00|205177|9415000|f8c0bc45f41a712e
38|2026-09-16T21:55:06.7340000-04:00|100632C7|Evil Batusai|00646413|319089|325133|6600|10000|0||82.29|92.74|-0.00|0.21|0|0|0|0A2D|42700000|10020C04|29CE0030|441ECA96|100632C7|4F|0|100632C7|0|0|0|0|0|0|0|0|0|0|0|0|0|0|0|0|0|0|0|0|0|0|0|0|0|0|0|0|0|0|0|0|0|0|0|0|0|0|0|0|0|0|0|0|0|0|0|0|0|0|0|0|0|0|0|0|0|0|0|0|0|0|0|0|0|0|0|0|0|0|0|0|0|0|0|0|0|0|0|0|0|0|0|0|0|0|0|0|0|0|0|0|0|0F28|41000013|100288BD|0|0|0|0F40|40952F2E|100288BD|0|0|0|0|0|0|0A26|40952F2E|1003AAEE|05903003d549df0e
261|2026-09-16T21:55:06.7850000-04:00|Change|40002A6A|Heading|0.9813|ModelStatus|0|724330b46042d308
270|2026-09-16T21:55:06.8230000-04:00|40002A6C|-1.8866|0000|005A|87.9377|94.6211|0.1983|54c16f9e8ec6d3bf
24|2026-09-16T21:55:06.8230000-04:00|100F612E|Mr Toxic|HoT|0|A907|205177|205177|9100|10000|||117.11|106.74|0.00|-1.96|1003AAEE|Enri Haze|0|227550|227550|10000|10000|||93.43|117.33|0.00|-0.79|f98deafdded588d5
24|2026-09-16T21:55:06.8230000-04:00|100288BD|Elie Glory|HoT|0|85DA|204515|204515|9450|10000|||117.42|93.10|-0.00|1.24|100288BD|Elie Glory|0|204515|204515|9450|10000|||117.42|93.10|-0.00|1.24|4a653126420c6924
38|2026-09-16T21:55:06.8230000-04:00|100F612E|Mr Toxic|0064642A|205177|205177|9100|10000|15||117.11|106.74|0.00|-1.96|0|0|0|29CE0030|44219A49|100F612E|0A31|41A2499C|10020C04|0B7D|40377CEE|40002A6A|0|0|0|0|0|0|0|0|0|0|0|0|0|0|0|0|0|0|0|0|0|0|0|0|0|0|0|0|0|0|0|0|0|0|0|0|0|0|0|0|0|0|0|0|0|0|0|0|0|0|0|0|0|0|0|0|0|0|0|0|0|0|0|0|0|0|0|0|0|0|0|0|0|0|0|0|0|0|0|0|0|0A35|40E92F3D|10020C04|0E5C|41EC1061|100F612E|020E5A|0|100F612E|0|0|0|0|0|0|0|0|0|0F40|40925617|100288BD|0F28|40F05211|100288BD|0A26|40925617|1003AAEE|56e785b39b0e009a
38|2026-09-16T21:55:06.8230000-04:00|100288BD|Elie Glory|00646418|204515|204515|9450|10000|17||117.42|93.10|-0.00|1.24|0|0|0|29D20030|44234100|100288BD|0|0|0|0|0|0|0A31|41A2499C|10020C04|0|0|0|0|0|0|0|0|0|0|0|0|0|0|0|0|0|0|0|0|0|0|0|0|0|0|0|0|0|0|0|0|0|0|0|0|0|0|0|0|0|0|0|0|0|0|0|0|0|0|0|0|0|0|0|0|0|0|0|0|0|0|0|0|0|0|0|0|0|0|0|0|0|0|0|0|0|0|0F40|40925617|100288BD|0|0|0|0|0|0|0A35|40925617|10020C04|0|0|0|0A26|40925617|1003AAEE|0F28|40DF4BEA|100288BD|afb5097fab2d480a
261|2026-09-16T21:55:06.9130000-04:00|Change|40002A69|Heading|1.7528|PosX|80.0000|PosY|100.0000|PosZ|-0.0000|ff06a2b256422145
271|2026-09-16T21:55:06.8670000-04:00|40002A69|1.7528|00|00|80.0000|100.0000|0.0000|f1b9673b6113701e
24|2026-09-16T21:55:06.9120000-04:00|100D83F9|Stranjer Danger|HoT|0|8AE9|226428|226428|10000|10000|||92.39|82.99|-0.00|-0.12|1003AAEE|Enri Haze|0|227550|227550|10000|10000|||93.43|117.33|0.00|-1.61|366425fb0f146b65
38|2026-09-16T21:55:06.9120000-04:00|100D83F9|Stranjer Danger|0064641F|226428|226428|10000|10000|12||92.39|82.99|-0.00|-0.12|0|0|0|043C|45843B27|100D83F9|29CE0030|451815A7|100D83F9|0A31|41A19356|10020C04|0|0|0|0|0|0|0|0|0|0|0|0|0|0|0|0|0|0|0|0|0|0|0|0|0|0|0|0|0|0|0|0|0|0|0|0|0|0|0|0|0|0|0|0|0|0|0|0|0|0|0|0|0|0|0|0|0|0|0|0|0|0|0|0|0|0|0|0|0|0|0|0|0|0|0|0|0|0|0|0|0|0F28|40E4EDB4|100288BD|0|0|0|0|0|0|0|0|0|0A35|40E7C6CB|10020C04|0|0|0|0F40|408F7D00|100288BD|0|0|0|0A26|408F7D00|1003AAEE|9d1a1c05bbabfd66
21|2026-09-16T21:55:06.9550000-04:00|40002A69|Kefka|BAE4|Ultima Blaster|100288BD|Elie Glory|750003|43CF4001|E80E|B7D0000|1B|BAE48000|0|0|0|0|0|0|0|0|0|0|204515|204515|9450|10000|||117.42|93.10|-0.00|1.24|9415000|9415000|10000|10000|||80.00|100.00|-0.00|1.75|0000409A|0|1|00||01|BAE4|BAE4|1.800|C76A|3943847b4fbb0d77
264|2026-09-16T21:55:06.9550000-04:00|40002A69|BAE4|0000409A|0||||1.753|40002A69|15bf3ae54d490280
38|2026-09-16T21:55:06.9560000-04:00|100288BD|Elie Glory|00646418|204515|204515|9450|10000|17||117.42|93.10|-0.00|1.24|0|0|0|29D20030|4423387D|100288BD|0B7D|403D2F1B|40002A69|0|0|0|0A31|41A13939|10020C04|0|0|0|0|0|0|0|0|0|0|0|0|0|0|0|0|0|0|0|0|0|0|0|0|0|0|0|0|0|0|0|0|0|0|0|0|0|0|0|0|0|0|0|0|0|0|0|0|0|0|0|0|0|0|0|0|0|0|0|0|0|0|0|0|0|0|0|0|0|0|0|0|0|0|0|0|0|0|0F40|408E148D|100288BD|0|0|0|0|0|0|0A35|408E148D|10020C04|0|0|0|0A26|408E148D|1003AAEE|0F28|40DB0A60|100288BD|a31ed23b7c7fffc9
26|2026-09-16T21:55:06.9560000-04:00|B7D|Magic Vulnerability Up|2.96|40002A69|Kefka|100288BD|Elie Glory|00|204515|9415000|610854c7f62ad20a
261|2026-09-16T21:55:07.0320000-04:00|Change|40002A69|ModelStatus|0|61dcd5d2ab6ec0c2
00|2026-09-16T21:55:07.0390000-04:00|002B||Kefka uses Ultima Blaster.|f722fb84026f5b8d
00|2026-09-16T21:55:07.0390000-04:00|0029||   Mr ToxicDiabolos takes 81372 damage.|5361682da626a92e
00|2026-09-16T21:55:07.0390000-04:00|002F||   Mr ToxicDiabolos suffers the effect of Magic Vulnerability Up.|2810910260a7a446
37|2026-09-16T21:55:07.0910000-04:00|100F612E|Mr Toxic|00004099|123805|205177|9100|10000|0||117.11|106.74|0.00|-1.96|2A00|0|0|03|01000000|0|0|E0000000|02000B7D|0|4029374C|40002A6A|1E000000|0|0|E0000000|15931394612d4b77
261|2026-09-16T21:55:07.0820000-04:00|Change|40002A68|Heading|2.5332|PosX|85.8579|PosY|114.1421|PosZ|0.0000|c7086cb4b189a8d8
271|2026-09-16T21:55:07.0910000-04:00|40002A68|2.5332|00|00|85.8579|114.1421|0.0000|d26cb3f24d6a89cb
20|2026-09-16T21:55:07.0910000-04:00|100288BD|Elie Glory|6503|Glare III|40002A6D|Chaos|1.450|117.42|93.10|-0.00|1.24|b7c3a7b01dca02de
263|2026-09-16T21:55:07.0910000-04:00|100288BD|6503|90.104|101.701|0.198|-1.266|8c8ec23c55e0ee7e
38|2026-09-16T21:55:07.0910000-04:00|100F612E|Mr Toxic|0064642A|123805|205177|9100|10000|0||117.11|106.74|0.00|-1.96|0|0|0|29CE0030|44218923|100F612E|0|0|0|0B7D|40265604|40002A6A|0|0|0|0|0|0|0|0|0|0|0|0|0|0|0|0|0|0|0|0|0|0|0|0|0|0|0|0|0|0|0|0|0|0|0|0|0|0|0|0|0|0|0|0|0|0|0|0|0|0|0|0|0|0|0|0|0|0|0|0|0|0|0|0|0|0|0|0|0|0|0|0|0|0|0|0|0|0|0|0|0|0|0|0|0E5C|41E9EB83|100F612E|020E5A|0|100F612E|0|0|0|0|0|0|0|0|0|0F40|4089C2A1|100288BD|0F28|40E7BE9B|100288BD|0A26|4089C2A1|1003AAEE|a4bf703bc9bf3250
30|2026-09-16T21:55:07.0910000-04:00|A31|Eukrasian Prognosis|0.00|10020C04|Minda Silva|100F612E|Mr Toxic|00|205177|204515|7fa61d81ec6effc9
30|2026-09-16T21:55:07.0910000-04:00|A35|Panhaima|0.00|10020C04|Minda Silva|100F612E|Mr Toxic|00|205177|204515|30d1b54d4e4d6dd9
00|2026-09-16T21:55:07.0990000-04:00|0030||Mr ToxicDiabolos loses the effect of Eukrasian Prognosis.|e8065e7cc8664eb0
00|2026-09-16T21:55:07.0990000-04:00|0030||Mr ToxicDiabolos loses the effect of Panhaima.|643b462fa1f50a8b
00|2026-09-16T21:55:07.0990000-04:00|002B||Elie GloryUltros begins casting Glare III.|85a7b7d092a7f053
261|2026-09-16T21:55:07.1710000-04:00|Change|100632C7|CurrentMP|6800|Heading|0.0252|PosX|82.2159|PosY|92.8015|PosZ|-0.0000|6366f1a41d769689
270|2026-09-16T21:55:07.1350000-04:00|40002A6C|-1.8659|0000|005A|87.9377|94.6211|0.1983|fd513d175736dee1
39|2026-09-16T21:55:07.1350000-04:00|100632C7|Evil Batusai|322340|325133|6800|10000|||82.25|92.78|-0.00|-0.37|99ec13c75f23915a
21|2026-09-16T21:55:07.1350000-04:00|10020C04|Minda Silva|5EF8|Dosis III|40002A6C|Exdeath|750003|9FCE0000|1B|5EF88000|0|0|0|0|0|0|0|0|0|0|0|0|22994261|37552669|10000|10000|||87.94|94.62|-0.00|-1.89|204515|204515|6900|10000|||107.53|83.02|0.00|-1.04|0000409B|0|1|00||01|5EF8|5EF8|0.100|55C6|ea0027f8c1062264
264|2026-09-16T21:55:07.1350000-04:00|10020C04|5EF8|0000409B|0||||-1.036|40002A6C|7ad8f520fdc0bedf
21|2026-09-16T21:55:07.1350000-04:00|100D83F9|Stranjer Danger|08|Shot|40002A6D|Chaos|724003|1C0F0000|0|0|0|0|0|0|0|0|0|0|0|0|0|0|22502602|37552669|10000|10000|||90.10|101.70|0.00|-0.99|226428|226428|10000|10000|||92.39|82.99|-0.00|-0.12|0000409C|0|1|00||01|08|08|0.100|7B01|f8dee475ff930b39
264|2026-09-16T21:55:07.1350000-04:00|100D83F9|0008|0000409C|0||||-0.123|40002A6D|481dd52b1813baba
21|2026-09-16T21:55:07.1800000-04:00|40002A68|Kefka|BAE4|Ultima Blaster|10020C04|Minda Silva|750003|E8390000|E80E|B7D0000|1B|BAE48000|0|0|0|0|0|0|0|0|0|0|204515|204515|6900|10000|||107.53|83.02|0.00|-1.04|9415000|9415000|10000|10000|||114.14|85.86|-0.00|-0.79|0000409D|0|1|00||01|BAE4|BAE4|1.800|E735|379eb730c96a61b1
264|2026-09-16T21:55:07.1800000-04:00|40002A68|BAE4|0000409D|0||||2.533|40002A68|3fd22aedfac1a1fe
38|2026-09-16T21:55:07.1800000-04:00|10020C04|Minda Silva|00646428|204515|204515|6500|10000|26||107.53|83.02|0.00|-1.04|0|0|0|0A0168|41F00000|E0000000|0A2C|42700000|10020C04|29D20030|44E540F3|10020C04|0B7D|403D1EB8|40002A68|0A31|419F6E78|10020C04|0|0|0|0|0|0|0|0|0|0|0|0|0|0|0|0|0|0|0|0|0|0|0|0|0|0|0|0|0|0|0|0|0|0|0|0|0|0|0|0|0|0|0|0|0|0|0|0|0|0|0|0|0|0|0|0|0|0|0|0|0|0|0|0|0|0|0|0|0|0|0|0|0|0|0|0F28|40E92F3E|100288BD|0|0|0|0|0|0|0|0|0|0A35|4086E98A|10020C04|0|0|0|0F40|4086E98A|100288BD|0|0|0|0A26|4086E98A|1003AAEE|db2188b899acbcf9
00|2026-09-16T21:55:07.1930000-04:00|0029||Direct hit! Stranjer DangerSiren hits Chaos for 7183 damage.|cf2a3b32d034de32
26|2026-09-16T21:55:07.1800000-04:00|B7D|Magic Vulnerability Up|2.96|40002A68|Kefka|10020C04|Minda Silva|00|204515|9415000|7a2b0a10ce74d466
261|2026-09-16T21:55:07.1710000-04:00|Change|100288BD|CastBuffID|25859|CastDurationCurrent|0.0996|CastDurationMax|1.4500|CastTargetID|40002A6D|Heading|0.6571|IsCasting1|1|IsCasting2|1|b5577823011937db
261|2026-09-16T21:55:07.2220000-04:00|Change|40002A68|ModelStatus|0|136cc51c916715cb
21|2026-09-16T21:55:07.2240000-04:00|1008704E|Arcane Valiance|E27|Syphon Strike|40002A6D|Chaos|24710003|69D90000|B|2588000|11B|E278000|0|0|0|0|0|0|0|0|0|0|22502602|37552669|10000|10000|||90.10|101.70|0.00|-0.99|248844|325219|5400|10000|||82.78|106.62|-0.00|1.61|0000409E|0|1|00||01|E27|E27|0.600|D7A9|1bf864e1925805d7
264|2026-09-16T21:55:07.2240000-04:00|1008704E|0E27|0000409E|0||||2.152|40002A6D|eda2f528b838fa44
00|2026-09-16T21:55:07.2730000-04:00|002B||Kefka uses Ultima Blaster.|d184e7ab897a9f9f
00|2026-09-16T21:55:07.2730000-04:00|0029||   Elie GloryUltros takes 82895 damage.|f729b8d40e5a5dfb
00|2026-09-16T21:55:07.2730000-04:00|002F||   Elie GloryUltros suffers the effect of Magic Vulnerability Up.|3c155cc942643348
00|2026-09-16T21:55:07.3190000-04:00|0030||Elie GloryUltros loses the effect of Eukrasian Prognosis.|c736dc8a229776b3
00|2026-09-16T21:55:07.3190000-04:00|0030||Elie GloryUltros loses the effect of Panhaima.|00b62be37eead8f6
261|2026-09-16T21:55:07.3160000-04:00|Change|10020C04|CastDurationCurrent|1.2851|CurrentMP|6500|6d5141ff817d76fd
261|2026-09-16T21:55:07.3160000-04:00|Change|40002A67|Heading|-2.9407|PosX|100.0000|PosY|120.0000|PosZ|0.0000|cafa607297f07866
37|2026-09-16T21:55:07.3140000-04:00|100288BD|Elie Glory|0000409A|121620|204515|9450|10000|0||117.42|93.10|-0.00|0.10|1800|0|0|03|01000B7D|0|402926E9|40002A69|03000000|0|0|E0000000|21000000|0|0|E0000000|27ad52ad3e90c8f6
271|2026-09-16T21:55:07.3140000-04:00|40002A67|-2.9407|00|00|100.0000|120.0000|0.0000|f875e222cee0c11c
21|2026-09-16T21:55:07.3140000-04:00|40002A6C|Exdeath|C250|unknown_c250|100632C7|Evil Batusai|F1710006|2B1C4001|0|0|0|0|0|0|0|0|0|0|0|0|0|0|322340|325133|6800|10000|||82.19|92.81|-0.00|0.34|22994261|37552669|10000|10000|||87.94|94.62|-0.00|-1.88|0000409F|0|1|00||01|C250|C250|0.100|33FA|7bc5436d4821d539
264|2026-09-16T21:55:07.3140000-04:00|40002A6C|C250|0000409F|0||||-1.866|100632C7|272eb376654a43e5
21|2026-09-16T21:55:07.3140000-04:00|100632C7|Evil Batusai|0F|Riot Blade|40002A6C|Exdeath|30710003|57840000|B|3E88000|11B|F8000|0|0|0|0|0|0|0|0|0|0|22994261|37552669|10000|10000|||87.94|94.62|-0.00|-1.88|322340|325133|6800|10000|||82.19|92.81|-0.00|0.34|000040A0|0|1|00||01|0F|0F|0.600|B422|c7382258a0159f7a
264|2026-09-16T21:55:07.3140000-04:00|100632C7|000F|000040A0|0||||1.280|40002A6C|ac0f7b524edbfe27
38|2026-09-16T21:55:07.3140000-04:00|100288BD|Elie Glory|00646418|121620|204515|9450|10000|0||117.42|93.10|-0.00|0.10|0|0|0|29D20030|44232195|100288BD|0B7D|402645A1|40002A69|0|0|0|0|0|0|0|0|0|0|0|0|0|0|0|0|0|0|0|0|0|0|0|0|0|0|0|0|0|0|0|0|0|0|0|0|0|0|0|0|0|0|0|0|0|0|0|0|0|0|0|0|0|0|0|0|0|0|0|0|0|0|0|0|0|0|0|0|0|0|0|0|0|0|0|0|0|0|0|0|0|0|0|0|0F40|40829FCF|100288BD|0|0|0|0|0|0|0|0|0|0|0|0|0A26|40829FCF|1003AAEE|0F28|40CF95A2|100288BD|292481204532c9d0
30|2026-09-16T21:55:07.3140000-04:00|A31|Eukrasian Prognosis|0.00|10020C04|Minda Silva|100288BD|Elie Glory|00|204515|204515|4cb2311cbbfa8193
30|2026-09-16T21:55:07.3140000-04:00|A35|Panhaima|0.00|10020C04|Minda Silva|100288BD|Elie Glory|00|204515|204515|7aac4dd049465a81
21|2026-09-16T21:55:07.3580000-04:00|1003AAEE|Enri Haze|5F42|Harpe|40002A6D|Chaos|750003|663E0000|A3E|1008000|0|0|0|0|0|0|0|0|0|0|0|0|22502602|37552669|10000|10000|||90.10|101.70|0.00|-0.99|227550|227550|10000|10000|||93.43|117.33|0.00|-2.93|000040A1|0|1|00||01|5F42|5F42|0.100|088A|5ebebd67c745ddc0
264|2026-09-16T21:55:07.3580000-04:00|1003AAEE|5F42|000040A1|0||||-2.932|40002A6D|16541d7f56cb9622
21|2026-09-16T21:55:07.4030000-04:00|40002A67|Kefka|BAE4|Ultima Blaster|100D83F9|Stranjer Danger|750003|8D5F4001|E80E|B7D0000|1B|BAE48000|0|0|0|0|0|0|0|0|0|0|226428|226428|10000|10000|||92.39|82.90|-0.02|1.49|9415000|9415000|10000|10000|||100.00|120.00|0.00|-2.94|000040A2|0|1|00||01|BAE4|BAE4|1.800|082F|0668e0dd3c2a9d4a
264|2026-09-16T21:55:07.4030000-04:00|40002A67|BAE4|000040A2|0||||-2.941|40002A67|272a1b53db6f4a18
38|2026-09-16T21:55:07.4030000-04:00|100D83F9|Stranjer Danger|0064641F|226428|226428|10000|10000|12||92.39|82.90|-0.02|1.49|0|0|0|043C|4584373B|100D83F9|29CE0030|45180DCF|100D83F9|0A31|419DA5C3|10020C04|0B7D|403D1EB8|40002A67|0|0|0|0|0|0|0|0|0|0|0|0|0|0|0|0|0|0|0|0|0|0|0|0|0|0|0|0|0|0|0|0|0|0|0|0|0|0|0|0|0|0|0|0|0|0|0|0|0|0|0|0|0|0|0|0|0|0|0|0|0|0|0|0|0|0|0|0|0|0|0|0|0|0|0|0|0|0|0F28|40D5376C|100288BD|0|0|0|0|0|0|0|0|0|0A35|40D81083|10020C04|0|0|0|0F40|407F8D70|100288BD|0|0|0|0A26|407F8D70|1003AAEE|f76deeb9b6b5a36b
26|2026-09-16T21:55:07.4030000-04:00|B7D|Magic Vulnerability Up|2.96|40002A67|Kefka|100D83F9|Stranjer Danger|00|226428|9415000|89b139b35874f0ef
261|2026-09-16T21:55:07.4320000-04:00|Change|40002A67|ModelStatus|0|cf32b3d9102a2851
00|2026-09-16T21:55:07.4390000-04:00|002B||Kefka uses Ultima Blaster.|5c16fa38e8560e00
00|2026-09-16T21:55:07.4400000-04:00|0029||   You take 59449 damage.|85a65cb599583fc8
00|2026-09-16T21:55:07.4400000-04:00|002F||   You suffer the effect of Magic Vulnerability Up.|01cdb00af6b463c3
24|2026-09-16T21:55:07.4930000-04:00|1008704E|Arcane Valiance|HoT|0|8ACA|248844|325219|5400|10000|||82.74|106.59|-0.02|2.01|1003AAEE|Enri Haze|0|227550|227550|10000|10000|||93.43|117.33|0.00|-2.93|d6f60878326bcd5f
24|2026-09-16T21:55:07.4930000-04:00|100B00B3|Skyler Phoenix|HoT|0|88A3|227580|227580|10000|10000|||107.16|117.57|0.00|1.32|100288BD|Elie Glory|0|121620|204515|9450|10000|||117.42|93.10|-0.00|-0.33|9f649790715cf3a6
38|2026-09-16T21:55:07.4930000-04:00|1008704E|Arcane Valiance|00646420|284374|325219|5400|10000|0||82.74|106.59|-0.02|2.01|0|0|0|0A0168|41F00000|E0000000|1E0032|4102B43D|1008704E|1E016C|41F00000|E0000000|29CE0030|44E5F9E9|1008704E|02E7|0|1008704E|0|0|0|0|0|0|0|0|0|0|0|0|0|0|0|0|0|0|0|0|0|0|0|0|0|0|0|0|0|0|0|0|0|0|0|0|0|0|0|0|0|0|0|0|0|0|0|0|0|0|0|0|0|0|0|0|0|0|0|0|0|0|0|0|0|0|0|0|0|0|0|0|0|0|0|0|0|0|0|0|0|0|0|0|0F40|4079CAE0|100288BD|0F28|40D697AE|100288BD|0A26|4079CAE0|1003AAEE|a4aefe2e2c036f9c
38|2026-09-16T21:55:07.4930000-04:00|100B00B3|Skyler Phoenix|00646416|227580|227580|10000|10000|14||107.16|117.57|0.00|1.32|0|0|0|29CE0030|4518C297|100B00B3|0A31|419CED71|10020C04|0|0|0|0|0|0|0|0|0|0|0|0|0|0|0|0|0|0|0|0|0|0|0|0|0|0|0|0|0|0|0|0|0|0|0|0|0|0|0|0|0|0|0|0|0|0|0|0|0|0|0|0|0|0|0|0|0|0|0|0|0|0|0|0|0|0|0|0|0|0|0|0|0|0|0|0|0|0|0|0|0|0|0|0|0|0|0|0A35|4079CAE0|10020C04|0AA0|413D269F|100B00B3|0|0|0|0F40|4079CAE0|100288BD|0|0|0|0A26|4079CAE0|1003AAEE|0|0|0|0F28|40CE149A|100288BD|7b90799d167e4a35
37|2026-09-16T21:55:07.5360000-04:00|10020C04|Minda Silva|0000409D|145066|204515|6500|10000|0||107.53|83.02|0.00|-1.04|2800|0|0|03|03000B7D|0|40291686|40002A68|04000000|0|0|E0000000|22000000|0|0|E0000000|9404dfa8d160154f
271|2026-09-16T21:55:07.5360000-04:00|40002A66|-2.1571|00|00|114.1421|114.1421|0.0000|a84e24962e6969ba
38|2026-09-16T21:55:07.5360000-04:00|10020C04|Minda Silva|00646428|145066|204515|6500|10000|0||107.53|83.02|0.00|-1.04|0|0|0|0A0168|41F00000|E0000000|0A2C|42700000|10020C04|29D20030|44E5358E|10020C04|0B7D|40265603|40002A68|0|0|0|0|0|0|0|0|0|0|0|0|0|0|0|0|0|0|0|0|0|0|0|0|0|0|0|0|0|0|0|0|0|0|0|0|0|0|0|0|0|0|0|0|0|0|0|0|0|0|0|0|0|0|0|0|0|0|0|0|0|0|0|0|0|0|0|0|0|0|0|0|0|0|0|0|0|0|0F28|40DDCAE2|100288BD|0|0|0|0|0|0|0|0|0|0|0|0|0|0|0|0F40|40770A5D|100288BD|0|0|0|0A26|40770A5D|1003AAEE|85ccf6a4c70ba0f9
30|2026-09-16T21:55:07.5360000-04:00|A31|Eukrasian Prognosis|0.00|10020C04|Minda Silva|10020C04|Minda Silva|00|204515|204515|d87b58657b84e9f8
30|2026-09-16T21:55:07.5360000-04:00|A35|Panhaima|0.00|10020C04|Minda Silva|10020C04|Minda Silva|00|204515|204515|358cf2d5342f6842
39|2026-09-16T21:55:07.5820000-04:00|100288BD|Elie Glory|123665|204515|9650|10000|||117.42|93.10|-0.00|-0.99|4bea699704958acd
21|2026-09-16T21:55:07.5820000-04:00|1008704E|Arcane Valiance|07|attack|40002A6D|Chaos|712003|28C80000|0|0|0|0|0|0|0|0|0|0|0|0|0|0|22502602|37552669|10000|10000|||90.10|101.70|0.00|-0.99|248844|325219|5400|10000|||82.72|106.58|-0.00|1.88|000040A3|0|1|00||01|07|07|0.244|C143|0553a32246edcf3a
264|2026-09-16T21:55:07.5820000-04:00|1008704E|0007|000040A3|0||||1.602|40002A6D|43fc1974cad851ca
00|2026-09-16T21:55:07.5940000-04:00|0030||You lose the effect of Eukrasian Prognosis.|4bb9bdbe089c8d59
00|2026-09-16T21:55:07.5940000-04:00|0030||You lose the effect of Panhaima.|0d78a0caa673e344
00|2026-09-16T21:55:07.5940000-04:00|0029||Critical! Arcane ValianceJenova hits Chaos for 10440 damage.|d1cf4200fdba8500
21|2026-09-16T21:55:07.6260000-04:00|40002A66|Kefka|BAE4|Ultima Blaster|100632C7|Evil Batusai|EC750005|FBCA0000|E80E|B7D0000|1B|BAE48000|0|0|0|0|0|0|0|0|0|0|322340|325133|6800|10000|||82.13|92.84|-0.00|1.28|9415000|9415000|10000|10000|||114.14|114.14|0.00|-2.16|000040A4|0|1|00||01|BAE4|BAE4|1.800|281C|3f7ffe8716483d68
264|2026-09-16T21:55:07.6260000-04:00|40002A66|BAE4|000040A4|0||||-2.157|40002A66|76df81fa96320ef4
21|2026-09-16T21:55:07.6260000-04:00|100B00B3|Skyler Phoenix|5A|Piercing Talon|40002A6D|Chaos|724003|550B0000|0|0|0|0|0|0|0|0|0|0|0|0|0|0|22502602|37552669|10000|10000|||90.10|101.70|0.00|-0.99|227580|227580|10000|10000|||107.16|117.57|0.00|1.32|000040A5|0|1|00||01|5A|5A|0.600|2178|f063f7ab49b6acaf
264|2026-09-16T21:55:07.6260000-04:00|100B00B3|005A|000040A5|0||||-2.320|40002A6D|5b75adc2d33db98c
38|2026-09-16T21:55:07.6260000-04:00|100632C7|Evil Batusai|00646413|322340|325133|6800|10000|0||82.13|92.84|-0.00|1.28|0|0|0|0A2D|42700000|10020C04|29CE0030|441E9181|100632C7|4F|0|100632C7|0B7D|403D2F1B|40002A66|0|0|0|0|0|0|0|0|0|0|0|0|0|0|0|0|0|0|0|0|0|0|0|0|0|0|0|0|0|0|0|0|0|0|0|0|0|0|0|0|0|0|0|0|0|0|0|0|0|0|0|0|0|0|0|0|0|0|0|0|0|0|0|0|0|0|0|0|0|0|0|0|0|0|0|0|0|0|0|0|0|0|0|0|0|0|0|0|0|0|0F28|40E374DE|100288BD|0|0|0|0F40|407147CE|100288BD|0|0|0|0|0|0|0A26|407147CE|1003AAEE|ae97cd2cfcf1799e
26|2026-09-16T21:55:07.6260000-04:00|A2D|Kardion|60.00|10020C04|Minda Silva|100632C7|Evil Batusai|00|325133|204515|49f60f6f74e301f1
26|2026-09-16T21:55:07.6260000-04:00|B7D|Magic Vulnerability Up|2.96|40002A66|Kefka|100632C7|Evil Batusai|00|325133|9415000|9d9d87a897370067
00|2026-09-16T21:55:07.6880000-04:00|002B||Kefka uses Ultima Blaster.|9999ac8baac3e3ff
00|2026-09-16T21:55:07.6880000-04:00|0029||   Stranjer DangerSiren takes 101727 damage.|9c0e5aa985ac7515
00|2026-09-16T21:55:07.6880000-04:00|002F||   Stranjer DangerSiren suffers the effect of Magic Vulnerability Up.|0617def1a7ce0d87
261|2026-09-16T21:55:07.7010000-04:00|Change|40002A66|Heading|-2.1571|ModelStatus|0|78fd2a4105d0042b
261|2026-09-16T21:55:07.7400000-04:00|Change|1003AAEE|CastBuffID|0|CastDurationCurrent|0.0000|CastDurationMax|0.0000|CastTargetID|E0000000|Heading|-2.9320|IsCasting1|0|IsCasting2|0|166cd30e99ced8e6
00|2026-09-16T21:55:07.7660000-04:00|0030||Stranjer DangerSiren loses the effect of Eukrasian Prognosis.|678ffeba82b1efad
00|2026-09-16T21:55:07.7660000-04:00|0030||Stranjer DangerSiren loses the effect of Panhaima.|79380768345777c6
270|2026-09-16T21:55:07.7140000-04:00|40002A6D|-0.9637|0000|005A|89.6772|102.0065|0.1983|0df09c1af46345e7
37|2026-09-16T21:55:07.7600000-04:00|100D83F9|Stranjer Danger|000040A2|124701|226428|10000|10000|0||92.39|82.81|-0.00|2.51|1F00|0|0|03|02000000|0|0|E0000000|03000B7D|0|402926E9|40002A67|22000000|0|0|E0000000|620a385c70cbbbbd
261|2026-09-16T21:55:07.7630000-04:00|Change|40002A65|Heading|-1.3886|PosX|120.0000|PosY|100.0000|PosZ|0.0000|1b9cb29c9747bb21
271|2026-09-16T21:55:07.7600000-04:00|40002A65|-1.3886|00|00|120.0000|100.0000|0.0000|6692e946fb61ae74
38|2026-09-16T21:55:07.7600000-04:00|100D83F9|Stranjer Danger|0064641F|124701|226428|10000|10000|0||92.39|82.81|-0.00|2.51|0|0|0|043C|45843461|100D83F9|29CE0030|4518081B|100D83F9|0|0|0|0B7D|402645A1|40002A67|0|0|0|0|0|0|0|0|0|0|0|0|0|0|0|0|0|0|0|0|0|0|0|0|0|0|0|0|0|0|0|0|0|0|0|0|0|0|0|0|0|0|0|0|0|0|0|0|0|0|0|0|0|0|0|0|0|0|0|0|0|0|0|0|0|0|0|0|0|0|0|0|0|0|0|0|0|0|0F28|40C9CADF|100288BD|0|0|0|0|0|0|0|0|0|0|0|0|0|0|0|0F40|4068B459|100288BD|0|0|0|0A26|4068B459|1003AAEE|98f5c85f74815b85
30|2026-09-16T21:55:07.7600000-04:00|A31|Eukrasian Prognosis|0.00|10020C04|Minda Silva|100D83F9|Stranjer Danger|00|226428|204515|e34dcba1e4429ce0
30|2026-09-16T21:55:07.7600000-04:00|A35|Panhaima|0.00|10020C04|Minda Silva|100D83F9|Stranjer Danger|00|226428|204515|e1a442a51adbb68c
00|2026-09-16T21:55:07.7980000-04:00|002B||Arcane ValianceJenova uses Syphon Strike.|1a037a421bad786f
00|2026-09-16T21:55:07.7980000-04:00|0029||   Chaos takes 27097(+36%) damage.|a106e8c7aca38e6b
00|2026-09-16T21:55:07.7980000-04:00|002D||   Arcane ValianceJenova recovers 600 MP.|72287c6fc1b940c2
261|2026-09-16T21:55:07.8420000-04:00|Change|1008704E|CurrentMP|6000|Heading|1.6888|PosX|82.6886|PosY|106.7329|PosZ|0.0000|554bf8ff5e1d547d
00|2026-09-16T21:55:07.8520000-04:00|002D||Evil BatusaiDiabolos's Kardia restores 13620 of his HP.|8a749d0b06b672c6
24|2026-09-16T21:55:07.8040000-04:00|100632C7|Evil Batusai|HoT|A2C|3534|322340|325133|6800|10000|||82.11|92.85|-0.02|1.28|10020C04|Minda Silva|0|145066|204515|6500|10000|||107.53|83.02|0.00|-1.04|c863b3f552ed5797
37|2026-09-16T21:55:07.8040000-04:00|40002A6C|Exdeath|0000409B|22953351||||||87.94|94.62|-0.00|-1.87|9709d6066d83fe60
38|2026-09-16T21:55:07.8040000-04:00|100632C7|Evil Batusai|00646413|325133|325133|6800|10000|0||82.11|92.85|-0.02|1.28|0|0|0|0A2D|42700000|10020C04|29CE0030|441E861D|100632C7|4F|0|100632C7|0B7D|4031CAC1|40002A66|0|0|0|0|0|0|0|0|0|0|0|0|0|0|0|0|0|0|0|0|0|0|0|0|0|0|0|0|0|0|0|0|0|0|0|0|0|0|0|0|0|0|0|0|0|0|0|0|0|0|0|0|0|0|0|0|0|0|0|0|0|0|0|0|0|0|0|0|0|0|0|0|0|0|0|0|0|0|0|0|0|0|0|0|0|0|0|0|0|0|0F28|40DDC2B0|100288BD|0|0|0|0F40|4065E374|100288BD|0|0|0|0|0|0|0A26|4065E374|1003AAEE|ab225b5f14cc7e39
37|2026-09-16T21:55:07.8490000-04:00|40002A6D|Chaos|0000409E|22475505||||||90.03|101.75|0.00|-0.99|f8f6bca5e0f3034c
37|2026-09-16T21:55:07.8490000-04:00|1008704E|Arcane Valiance|0000409E|284374|325219|6000|10000|0||82.69|106.72|-0.00|1.70|2000|0|0|0|0be66dbba9e9d192
21|2026-09-16T21:55:07.8490000-04:00|40002A65|Kefka|BAE4|Ultima Blaster|1008704E|Arcane Valiance|750003|25B84001|E80E|B7D0000|1B|BAE48000|0|0|0|0|0|0|0|0|0|0|284374|325219|5400|10000|||82.69|106.72|-0.00|1.70|9415000|9415000|10000|10000|||120.00|100.00|0.00|-1.39|000040A6|0|1|00||01|BAE4|BAE4|1.800|476C|1791ab77557a9a88
264|2026-09-16T21:55:07.8490000-04:00|40002A65|BAE4|000040A6|0||||-1.389|40002A65|d2be03c8ea81f2bc
38|2026-09-16T21:55:07.8490000-04:00|1008704E|Arcane Valiance|00646420|284374|325219|6000|10000|0||82.69|106.72|-0.00|1.70|0|0|0|0A0168|41F00000|E0000000|1E0032|40FA0420|1008704E|1E016C|41F00000|E0000000|29CE0030|44E5EE85|1008704E|02E7|0|1008704E|0B7D|403D1EB8|40002A65|0|0|0|0|0|0|0|0|0|0|0|0|0|0|0|0|0|0|0|0|0|0|0|0|0|0|0|0|0|0|0|0|0|0|0|0|0|0|0|0|0|0|0|0|0|0|0|0|0|0|0|0|0|0|0|0|0|0|0|0|0|0|0|0|0|0|0|0|0|0|0|0|0|0|0|0|0|0|0|0|0|0F40|4063022C|100288BD|0F28|40CB3352|100288BD|0A26|4063022C|1003AAEE|c4759180e203860d
26|2026-09-16T21:55:07.8490000-04:00|B7D|Magic Vulnerability Up|2.96|40002A65|Kefka|1008704E|Arcane Valiance|00|325219|9415000|211f8bb83fc3c61e
261|2026-09-16T21:55:07.8830000-04:00|Change|40002A65|ModelStatus|0|39fd4669af6b8833
37|2026-09-16T21:55:07.8930000-04:00|40002A6D|Chaos|0000409C|22468322||||||89.96|101.80|0.00|-0.98|246b6778fc7de87a
00|2026-09-16T21:55:07.9540000-04:00|002B||Kefka uses Ultima Blaster.|43d0cc8b717baad2
00|2026-09-16T21:55:07.9540000-04:00|0029||   Blocked! Evil BatusaiDiabolos takes 64458(-20%) damage.|2633588c9fd848d1
00|2026-09-16T21:55:07.9540000-04:00|002F||   Evil BatusaiDiabolos suffers the effect of Magic Vulnerability Up.|d5bb51e4c143fa9e
00|2026-09-16T21:55:07.9900000-04:00|002B||Evil BatusaiDiabolos uses Riot Blade.|aa59fa3698540cb0
00|2026-09-16T21:55:07.9900000-04:00|0029||   Exdeath takes 22404(+48%) damage.|3e89ad27c12aa9fb
00|2026-09-16T21:55:07.9900000-04:00|002D||   Evil BatusaiDiabolos recovers 1000 MP.|8d6f515c3a238e2f
00|2026-09-16T21:55:08.0040000-04:00|0029||Parried! Exdeath hits Evil BatusaiDiabolos for 76572(-15%) damage.|7d6162b066cdc5eb
37|2026-09-16T21:55:07.9830000-04:00|100632C7|Evil Batusai|000040A4|260675|325133|6800|10000|0||82.11|92.85|-0.00|1.28|1300|0|0|01|03000B7D|0|4029374C|40002A66|721a88bff265c0b9
39|2026-09-16T21:55:07.9830000-04:00|100F612E|Mr Toxic|125856|205177|9300|10000|||117.11|106.74|0.00|-1.97|4f1139bafb9e872a
261|2026-09-16T21:55:08.0180000-04:00|Change|100F612E|CurrentMP|9300|Heading|-1.9652|7247ff8523e0ba73
261|2026-09-16T21:55:08.0180000-04:00|Change|40002A64|Heading|-0.5819|PosX|114.1421|PosY|85.8579|PosZ|-0.0000|d064588766433f84
271|2026-09-16T21:55:07.9830000-04:00|40002A64|-0.5819|00|00|114.1421|85.8579|0.0000|918ceaf9f90d6f7b
270|2026-09-16T21:55:08.0280000-04:00|40002A6D|-0.9338|0000|005A|89.6772|102.0065|0.1983|a324e5ca1953b031
21|2026-09-16T21:55:08.0280000-04:00|100288BD|Elie Glory|6503|Glare III|40002A6D|Chaos|750003|983B0000|1B|65038000|0|0|0|0|0|0|0|0|0|0|0|0|22475505|37552669|10000|10000|||89.96|101.80|0.00|-0.98|123665|204515|9650|10000|||117.42|93.10|-0.00|-1.27|000040A7|0|1|00||01|6503|6503|0.100|4C69|434d21cf3d6a378a
264|2026-09-16T21:55:08.0280000-04:00|100288BD|6503|000040A7|0||||-1.266|40002A6D|b7612d5adce7ebd1
00|2026-09-16T21:55:08.0880000-04:00|002B||You cast Dosis III.|878538211092374c
00|2026-09-16T21:55:08.0880000-04:00|0029||   Exdeath takes 40910 damage.|312ed344545d425f
261|2026-09-16T21:55:08.1310000-04:00|Change|100632C7|CurrentMP|7800|Heading|1.2796|PosX|82.1088|PosY|92.8511|PosZ|-0.0000|a5460dd09f9a0098
37|2026-09-16T21:55:08.0730000-04:00|40002A6C|Exdeath|000040A0|22930947||||||87.94|94.62|-0.00|-1.87|1ad86b2b2ad857f7
37|2026-09-16T21:55:08.0730000-04:00|100632C7|Evil Batusai|000040A0|260675|325133|7800|10000|0||82.11|92.85|-0.00|1.28|1300|0|0|0|0ae0090a80dcdce5
21|2026-09-16T21:55:08.0730000-04:00|40002A64|Kefka|BAE4|Ultima Blaster|1003AAEE|Enri Haze|750003|91214001|E80E|B7D0000|1B|BAE48000|0|0|0|0|0|0|0|0|0|0|227550|227550|10000|10000|||93.43|117.33|0.00|-2.93|9415000|9415000|10000|10000|||114.14|85.86|-0.00|-0.58|000040A8|0|1|00||01|BAE4|BAE4|1.800|684A|295983ce90a75409
264|2026-09-16T21:55:08.0730000-04:00|40002A64|BAE4|000040A8|0||||-0.582|40002A64|17f567fbcc999b08
38|2026-09-16T21:55:08.0730000-04:00|1003AAEE|Enri Haze|00646427|227550|227550|10000|10000|9||93.43|117.33|0.00|-2.93|0|0|0|29CE0030|441AFC9D|1003AAEE|0B7D|403D1EB8|40002A64|0A31|41984999|10020C04|0|0|0|0|0|0|0|0|0|0|0|0|0|0|0|0|0|0|0|0|0|0|0|0|0|0|0|0|0|0|0|0|0|0|0|0|0|0|0|0|0|0|0|0|0|0|0|0|0|0|0|0|0|0|0|0|0|0|0|0|0|0|0|0|0|0|0|0|0|0|0|0|0|0|0|0|0|0|0|0|0|0|0|0|0F40|4054AC27|100288BD|0A35|40BFC6C5|10020C04|0A1C|4262149A|1003AAEE|0|0|0|0A26|4054AC27|1003AAEE|0F28|40D0DD4E|100288BD|77eaecf78a4978d0
26|2026-09-16T21:55:08.0730000-04:00|B7D|Magic Vulnerability Up|2.96|40002A64|Kefka|1003AAEE|Enri Haze|00|227550|9415000|3d86d5bcfe49a884
37|2026-09-16T21:55:08.1160000-04:00|40002A6D|Chaos|000040A3|22457882||||||89.84|101.89|0.00|-0.97|9f6b1b41456fbeea
37|2026-09-16T21:55:08.1160000-04:00|100632C7|Evil Batusai|0000409F|184103||||||82.11|92.85|-0.00|1.28|c493e9f9506db9fd
00|2026-09-16T21:55:08.1350000-04:00|002B||Kefka uses Ultima Blaster.|7b83f9ace871997f
00|2026-09-16T21:55:08.1350000-04:00|0029||   Arcane ValianceJenova takes 75192 damage.|810a764850a524a3
00|2026-09-16T21:55:08.1350000-04:00|002F||   Arcane ValianceJenova suffers the effect of Magic Vulnerability Up.|9b02c60f5a4c271c
261|2026-09-16T21:55:08.1660000-04:00|Change|40002A64|ModelStatus|0|40e25fd6bbaa1102
261|2026-09-16T21:55:08.2020000-04:00|Change|100288BD|CastBuffID|0|CastDurationCurrent|0.0000|CastDurationMax|0.0000|CastTargetID|E0000000|CurrentMP|9250|Heading|-1.2648|IsCasting1|0|IsCasting2|0|b71a7a733c850c4c
00|2026-09-16T21:55:08.2110000-04:00|002B||Enri HazeSiren casts Harpe.|8ba5dd9c4e180f33
00|2026-09-16T21:55:08.2110000-04:00|0029||   Chaos takes 26174 damage.|0ccb9e2fbd96971d
37|2026-09-16T21:55:08.2060000-04:00|1008704E|Arcane Valiance|000040A6|209182|325219|6000|10000|0||82.77|106.81|-0.00|1.64|2000|0|0|01|05000B7D|0|402926E9|40002A65|ef66e6e57cfa633b
261|2026-09-16T21:55:08.2220000-04:00|Change|40002A63|Heading|0.1888|PosX|100.0000|PosY|80.0000|PosZ|-0.0000|bb1899a2d8d060a0
271|2026-09-16T21:55:08.2060000-04:00|40002A63|0.1888|00|00|100.0000|80.0000|0.0000|07fe8158364f64c5
21|2026-09-16T21:55:08.2060000-04:00|100D83F9|Stranjer Danger|1CF3|Heated Split Shot|40002A6D|Chaos|720003|578C0000|53E|A98000|1B|B328000|0|0|0|0|0|0|0|0|0|0|22468322|37552669|10000|10000|||89.81|101.91|0.00|-0.97|124701|226428|10000|10000|||92.39|82.75|-0.00|3.12|000040A9|0|1|00||01|1CF3|1CF3|0.600|7A83|5f764655dd1bb92f
264|2026-09-16T21:55:08.2060000-04:00|100D83F9|1CF3|000040A9|0||||-0.135|40002A6D|3367b352a921bafb
261|2026-09-16T21:55:08.2890000-04:00|Change|100F612E|NPCTargetID|40002A6D|PCTargetID|40002A6D|2052f6c5a1d20d3a
37|2026-09-16T21:55:08.2500000-04:00|40002A6D|Chaos|000040A1|22431708||||||89.76|101.95|0.00|-0.95|66f4e5e2d288f05e
21|2026-09-16T21:55:08.2950000-04:00|40002A63|Kefka|BAE4|Ultima Blaster|100B00B3|Skyler Phoenix|750003|5C3F4001|E80E|B7D0000|1B|BAE48000|0|0|0|0|0|0|0|0|0|0|227580|227580|10000|10000|||107.16|117.57|0.00|-2.32|9415000|9415000|10000|10000|||100.00|80.00|-0.00|0.19|000040AA|0|1|00||01|BAE4|BAE4|1.800|87B1|f7339e0297f956e7
264|2026-09-16T21:55:08.2950000-04:00|40002A63|BAE4|000040AA|0||||0.189|40002A63|c048b3fc148b350e
21|2026-09-16T21:55:08.2950000-04:00|100632C7|Evil Batusai|404D|Intervene|40002A6C|Exdeath|710003|26320000|0|0|0|0|0|0|0|0|0|0|0|0|0|0|22930947|37552669|10000|10000|||87.94|94.62|-0.00|-1.87|184103|325133|7800|10000|||82.11|92.85|-0.00|1.28|000040AB|0|1|00||01|404D|404D|0.600|B422|cbeedd7c98ac3be6
264|2026-09-16T21:55:08.2950000-04:00|100632C7|404D|000040AB|0||||1.280|40002A6C|39d39b21d3608187
38|2026-09-16T21:55:08.2950000-04:00|100B00B3|Skyler Phoenix|00646416|227580|227580|10000|10000|14||107.16|117.57|0.00|-2.32|0|0|0|29CE0030|4518B5C7|100B00B3|0A31|419682F0|10020C04|0B7D|403D2F1B|40002A63|0|0|0|0|0|0|0|0|0|0|0|0|0|0|0|0|0|0|0|0|0|0|0|0|0|0|0|0|0|0|0|0|0|0|0|0|0|0|0|0|0|0|0|0|0|0|0|0|0|0|0|0|0|0|0|0|0|0|0|0|0|0|0|0|0|0|0|0|0|0|0|0|0|0|0|0|0|0|0|0|0|0|0|0|0A35|404676E8|10020C04|0AA0|413051A3|100B00B3|0|0|0|0F40|404676E8|100288BD|0|0|0|0A26|404676E8|1003AAEE|0|0|0|0F28|40B46A9A|100288BD|e673146ae5b79a72
26|2026-09-16T21:55:08.2950000-04:00|B7D|Magic Vulnerability Up|2.96|40002A63|Kefka|100B00B3|Skyler Phoenix|00|227580|9415000|787b856ff22cc788
261|2026-09-16T21:55:08.3270000-04:00|Change|40002A63|ModelStatus|0|5f15b4071a981926
261|2026-09-16T21:55:08.3610000-04:00|Change|10020C04|CastBuffID|0|CastDurationCurrent|0.0000|CastDurationMax|0.0000|CastTargetID|E0000000|IsCasting1|0|IsCasting2|0|9c991e09c3d76d4f
270|2026-09-16T21:55:08.3390000-04:00|40002A6D|-0.9063|0000|005A|89.6772|102.0065|0.1983|0ace49832b75fd25
00|2026-09-16T21:55:08.3580000-04:00|002B||Kefka uses Ultima Blaster.|6fdd8f41a1115abd
00|2026-09-16T21:55:08.3580000-04:00|0029||   Enri HazeSiren takes 102689 damage.|bfbfb76a12422687
00|2026-09-16T21:55:08.3580000-04:00|002F||   Enri HazeSiren suffers the effect of Magic Vulnerability Up.|1d3a8d45fafcc202
00|2026-09-16T21:55:08.3760000-04:00|002B||Skyler PhoenixDiabolos uses Piercing Talon.|4e1c6a7736926135
00|2026-09-16T21:55:08.3760000-04:00|0029||   Direct hit! Chaos takes 21771 damage.|cc9fa8bac3c235fc
261|2026-09-16T21:55:08.4050000-04:00|Change|40002A6A|ModelStatus|16384|1ef291b9420b6a0a
00|2026-09-16T21:55:08.4300000-04:00|002B||Mr ToxicDiabolos begins casting Thunder in Magenta.|a51cf4a7cfcddf7c
00|2026-09-16T21:55:08.4300000-04:00|0029||Evil BatusaiDiabolos hits Exdeath for 4526 damage.|ba39607b784df8e6
20|2026-09-16T21:55:08.3830000-04:00|100F612E|Mr Toxic|875F|Thunder in Magenta|40002A6D|Chaos|2.300|117.11|106.74|0.00|-1.97|a925344d7913bcfe
263|2026-09-16T21:55:08.3830000-04:00|100F612E|875F|89.677|102.007|0.198|-1.744|a4ef6e39b0d98eac
21|2026-09-16T21:55:08.3830000-04:00|100632C7|Evil Batusai|07|attack|40002A6C|Exdeath|710003|11AE0000|0|0|0|0|0|0|0|0|0|0|0|0|0|0|22930947|37552669|10000|10000|||87.94|94.62|-0.00|-1.87|184103|325133|7800|10000|||82.11|92.85|-0.00|1.28|000040AC|0|1|00||01|07|07|0.512|B422|69954cc34524ccae
264|2026-09-16T21:55:08.3830000-04:00|100632C7|0007|000040AC|0||||1.280|40002A6C|989d624535d3cc72
00|2026-09-16T21:55:08.4670000-04:00|002B||You begin casting Dosis III.|aa065f3fca25c1f7
00|2026-09-16T21:55:08.5230000-04:00|0030||Enri HazeSiren loses the effect of Eukrasian Prognosis.|ff354889980cf60a
00|2026-09-16T21:55:08.5230000-04:00|0030||Enri HazeSiren loses the effect of Panhaima.|8c4b16465b0fab8f
37|2026-09-16T21:55:08.4730000-04:00|1003AAEE|Enri Haze|000040A8|124861|227550|10000|10000|0||93.43|117.33|0.00|-2.92|2700|0|0|03|01000B7D|0|40266667|40002A64|02000000|0|0|E0000000|20000000|0|0|E0000000|ec4f899c13f01100
37|2026-09-16T21:55:08.4730000-04:00|40002A6D|Chaos|000040A5|22409937||||||89.70|101.99|0.00|-0.93|163d67c224b1e52b
38|2026-09-16T21:55:08.4730000-04:00|1003AAEE|Enri Haze|00646427|124861|227550|10000|10000|0||93.43|117.33|0.00|-2.92|0|0|0|29CE0030|441AE304|1003AAEE|0B7D|4023851F|40002A64|0|0|0|0|0|0|0|0|0|0|0|0|0|0|0|0|0|0|0|0|0|0|0|0|0|0|0|0|0|0|0|0|0|0|0|0|0|0|0|0|0|0|0|0|0|0|0|0|0|0|0|0|0|0|0|0|0|0|0|0|0|0|0|0|0|0|0|0|0|0|0|0|0|0|0|0|0|0|0|0|0|0|0|0|0|0|0|0F40|403B128E|100288BD|0|0|0|0A1C|42607B04|1003AAEE|0|0|0|0A26|403B128E|1003AAEE|0F28|40C4107F|100288BD|5396eb8a5f7e4811
30|2026-09-16T21:55:08.4730000-04:00|A31|Eukrasian Prognosis|0.00|10020C04|Minda Silva|1003AAEE|Enri Haze|00|227550|204515|e59392850cd234da
30|2026-09-16T21:55:08.4730000-04:00|A35|Panhaima|0.00|10020C04|Minda Silva|1003AAEE|Enri Haze|00|227550|204515|c3026357dbf0b3d2
00|2026-09-16T21:55:08.5350000-04:00|002B||Kefka uses Ultima Blaster.|7a6492f926dcda8b
00|2026-09-16T21:55:08.5350000-04:00|0029||   Skyler PhoenixDiabolos takes 89151 damage.|5d7e4bea30d5f2ff
00|2026-09-16T21:55:08.5350000-04:00|002F||   Skyler PhoenixDiabolos suffers the effect of Magic Vulnerability Up.|f4a00ea3f909bfac
20|2026-09-16T21:55:08.6070000-04:00|10020C04|Minda Silva|5EF8|Dosis III|40002A6C|Exdeath|1.443|107.53|83.02|0.00|-1.04|89aa11d0737c3665
263|2026-09-16T21:55:08.6070000-04:00|10020C04|5EF8|87.938|94.621|0.198|-1.036|d942893c8ba9b55d
00|2026-09-16T21:55:08.6290000-04:00|002B||Evil BatusaiDiabolos uses Intervene.|6fd3fa10f28b50a5
00|2026-09-16T21:55:08.6290000-04:00|0029||   Exdeath takes 9778 damage.|e31cfeed254fbf7b
261|2026-09-16T21:55:08.6720000-04:00|Change|40002A69|ModelStatus|16384|550b077b19584d33
37|2026-09-16T21:55:08.6510000-04:00|100B00B3|Skyler Phoenix|000040AA|138429|227580|10000|10000|0||107.16|117.57|0.00|-2.31|1600|0|0|03|01000000|0|0|E0000000|02000B7D|0|4029374C|40002A63|1F000000|0|0|E0000000|47258ea5c08e8d98
38|2026-09-16T21:55:08.6510000-04:00|100B00B3|Skyler Phoenix|00646416|138429|227580|10000|10000|0||107.16|117.57|0.00|-2.31|0|0|0|29CE0030|4518B017|100B00B3|0|0|0|0B7D|40266667|40002A63|0|0|0|0|0|0|0|0|0|0|0|0|0|0|0|0|0|0|0|0|0|0|0|0|0|0|0|0|0|0|0|0|0|0|0|0|0|0|0|0|0|0|0|0|0|0|0|0|0|0|0|0|0|0|0|0|0|0|0|0|0|0|0|0|0|0|0|0|0|0|0|0|0|0|0|0|0|0|0|0|0|0|0|0|0|0|0|0AA0|412A9F77|100B00B3|0|0|0|0F40|402FAE34|100288BD|0|0|0|0A26|402FAE34|1003AAEE|0|0|0|0F28|40A9063E|100288BD|b0bd0308ee65e704
30|2026-09-16T21:55:08.6510000-04:00|A31|Eukrasian Prognosis|0.00|10020C04|Minda Silva|100B00B3|Skyler Phoenix|00|227580|204515|9c76d0ea4aacc69b
30|2026-09-16T21:55:08.6510000-04:00|A35|Panhaima|0.00|10020C04|Minda Silva|100B00B3|Skyler Phoenix|00|227580|204515|1547728c34e81efa
24|2026-09-16T21:55:08.6950000-04:00|40002A6C|Exdeath|DoT|0|5560|22930947|37552669|10000|10000|||87.94|94.62|-0.00|-1.87|1003AAEE|Enri Haze|FFFFFFFF|124861|227550|10000|10000|||93.43|117.33|0.00|-2.91|9b5a2a8fb05e98ab
24|2026-09-16T21:55:08.6950000-04:00|40002A6D|Chaos|DoT|0|97E9|22409937|37552669|10000|10000|||89.69|102.00|0.00|-0.92|10020C04|Minda Silva|FFFFFFFF|145066|204515|6500|10000|||107.53|83.02|0.00|-1.04|0238b1a5fe6d10bd
38|2026-09-16T21:55:08.6950000-04:00|40002A6C|Exdeath|00646400|22909091|37552669|10000|10000|0||87.94|94.62|-0.00|-1.87|0|0|0|F8|40CE1497|100632C7|0A38|41D5F7C4|10020C04|074F|41D9E13F|100288BD|0|0|0|0A0A1A|4102C041|1003AAEE|22ec0db77c851093
38|2026-09-16T21:55:08.6950000-04:00|40002A6D|Chaos|00646400|22371048|37552669|10000|10000|0||89.69|102.00|0.00|-0.92|0|0|0|0A0A1A|41FEF63F|1003AAEE|0A9F|411DFBC6|100B00B3|074F|41C69FAE|100288BD|0|0|0|0A38|41C08F49|10020C04|f6dd6cbb360170b5
00|2026-09-16T21:55:08.7040000-04:00|0030||Skyler PhoenixDiabolos loses the effect of Eukrasian Prognosis.|23542c9db6e9f614
00|2026-09-16T21:55:08.7040000-04:00|0030||Skyler PhoenixDiabolos loses the effect of Panhaima.|e7a14e08729dadb9
37|2026-09-16T21:55:08.7400000-04:00|40002A6C|Exdeath|000040AB|22899313||||||87.94|94.62|-0.00|-1.87|42f46d09ba8034cd
261|2026-09-16T21:55:08.8500000-04:00|Change|40002A68|ModelStatus|16384|a9251d6d834bfdc9
39|2026-09-16T21:55:08.8280000-04:00|10020C04|Minda Silva|147111|204515|6700|10000|||107.53|83.02|0.00|-1.04|10a6f6db3f2119c4
00|2026-09-16T21:55:08.8960000-04:00|002B||Stranjer DangerSiren uses Heated Split Shot.|93e8d88153b1d0df
