22|2026-09-18T22:43:15.6420000-04:00|40007DC5|Kefka|BAE3|Ultima Blaster|1007690F|Nonohiko Kojama|750003|8E150000|1B|BAE38000|0|0|0|0|0|0|0|0|0|0|0|0|93503|226488|10000|10000|||112.35|86.38|-0.00|0.80|9415000|9415000|10000|10000|||100.00|100.00|0.00|-0.00|000033DE|0|8|00||01|BAE3|BAE3|1.800|5FFF|deecb9f49bc65086
22|2026-09-18T22:43:15.6420000-04:00|40007DC5|Kefka|BAE3|Ultima Blaster|10020C04|Minda Silva|750003|0|1B|BAE38000|0|0|0|0|0|0|0|0|0|0|0|0|204515|204515|6500|10000|||97.57|100.81|0.00|2.17|9415000|9415000|10000|10000|||100.00|100.00|0.00|-0.00|000033DE|1|8|00||01|BAE3|BAE3|1.800|5FFF|d269b5b852b05173
22|2026-09-18T22:43:15.6420000-04:00|40007DC5|Kefka|BAE3|Ultima Blaster|10097AAF|Cora Fenix|750003|0|1B|BAE38000|0|0|0|0|0|0|0|0|0|0|0|0|139058|205177|3000|10000|||94.77|104.17|0.00|-0.71|9415000|9415000|10000|10000|||100.00|100.00|0.00|-0.00|000033DE|2|8|00||01|BAE3|BAE3|1.800|5FFF|0e90662fd07b34e3
22|2026-09-18T22:43:15.6420000-04:00|40007DC5|Kefka|BAE3|Ultima Blaster|100F0C23|Ami Han|750003|0|1B|BAE38000|0|0|0|0|0|0|0|0|0|0|0|0|226668|226668|10000|10000|||94.78|104.69|-0.00|-0.70|9415000|9415000|10000|10000|||100.00|100.00|0.00|-0.00|000033DE|3|8|00||01|BAE3|BAE3|1.800|5FFF|c3a7592177bdf983
22|2026-09-18T22:43:15.6420000-04:00|40007DC5|Kefka|BAE3|Ultima Blaster|1004F18C|Abnar Fae|750003|42010000|1B|BAE38000|0|0|0|0|0|0|0|0|0|0|0|0|325333|325333|10000|10000|||93.98|104.69|-0.02|-0.53|9415000|9415000|10000|10000|||100.00|100.00|0.00|-0.00|000033DE|4|8|00||01|BAE3|BAE3|1.800|5FFF|65684897c3958b28
22|2026-09-18T22:43:15.6420000-04:00|40007DC5|Kefka|BAE3|Ultima Blaster|100B07FE|Erynd Altansarr|750003|3F60000|1B|BAE38000|0|0|0|0|0|0|0|0|0|0|0|0|226668|226668|10000|10000|||93.41|111.78|-0.00|2.76|9415000|9415000|10000|10000|||100.00|100.00|0.00|-0.00|000033DE|5|8|00||01|BAE3|BAE3|1.800|5FFF|71e65e0e55bdc58a
22|2026-09-18T22:43:15.6420000-04:00|40007DC5|Kefka|BAE3|Ultima Blaster|1003D574|Zephyra Hana|750003|0|1B|BAE38000|0|0|0|0|0|0|0|0|0|0|0|0|205207|205207|9162|10000|||89.40|109.85|0.00|2.21|9415000|9415000|10000|10000|||100.00|100.00|0.00|-0.00|000033DE|6|8|00||01|BAE3|BAE3|1.800|5FFF|973f0855d090218e
22|2026-09-18T22:43:15.6420000-04:00|40007DC5|Kefka|BAE3|Ultima Blaster|1008A3F8|Vittorio Dravorn|750003|5C290000|1B|BAE38000|0|0|0|0|0|0|0|0|0|0|0|0|276475|325090|5400|10000|||88.06|111.77|0.00|2.40|9415000|9415000|10000|10000|||100.00|100.00|0.00|-0.00|000033DE|7|8|00||01|BAE3|BAE3|1.800|5FFF|b4c66b03e7ef890b
264|2026-09-18T22:43:15.6420000-04:00|40007DC5|BAE3|000033DE|1|-0.015|-0.015|-0.015|-0.785|40007DC5|d847fbd49bb3647a
33|2026-09-18T22:43:15.6420000-04:00|800375D2|80000027|2F|02|1BDB|40007D19|26f44875d925284f
00|2026-09-18T22:43:15.6470000-04:00|0044|Kefka|Here I go!|01d07ce37b1c906b
261|2026-09-18T22:43:15.6750000-04:00|Change|40007D19|Radius|5.8762|b88181cc59a6d38b
00|2026-09-18T22:43:15.6960000-04:00|002B||Ami HanMidgardsormr uses Gust Slash.|f1160c85f3ed19e7
00|2026-09-18T22:43:15.6960000-04:00|0029||   Critical! Chaos takes 56633(+40%) damage.|e586d00f2711cefa
00|2026-09-18T22:43:15.6960000-04:00|002F||   Exdeath suffers the effect of Reprisal.|b66b2f72b89ac910
261|2026-09-18T22:43:15.6910000-04:00|Change|40007DC5|ModelStatus|0|4bfef8002225812a
00|2026-09-18T22:43:15.7450000-04:00|002E||   Ami HanMidgardsormr gains the effect of Kerachole.|625bfc062e7d4cf8
00|2026-09-18T22:43:15.7450000-04:00|002E||   Ami HanMidgardsormr gains the effect of Kerakeia.|2062bf01d9b2d772
00|2026-09-18T22:43:15.7770000-04:00|0030||Nonohiko KojamaFamfrit loses the effect of Flourishing Symmetry.|9216b916b3daba74
20|2026-09-18T22:43:15.6860000-04:00|10020C04|Minda Silva|5EF8|Dosis III|40007DC8|Chaos|1.443|97.57|100.81|0.00|-0.65|f84dfbf138554ded
263|2026-09-18T22:43:15.6860000-04:00|10020C04|5EF8|92.210|107.805|0.168|-0.654|1bf12eecaf271d87
37|2026-09-18T22:43:15.7300000-04:00|40007DC8|Chaos|000033DB|21097946||||||92.21|107.80|0.00|2.39|491270825e118ef2
37|2026-09-18T22:43:15.7300000-04:00|40007DC7|Exdeath|000033D9|27396902|37552669|10000|10000|0||91.66|107.87|0.00|-0.74|01|0|0|01|010004A9|0|41700000|1004F18C|67d2ebda8f3e21df
26|2026-09-18T22:43:15.7300000-04:00|4A9|Reprisal|15.00|1004F18C|Abnar Fae|40007DC7|Exdeath|00|37552669|325333|bac2bc4ff579fb8b
21|2026-09-18T22:43:15.7300000-04:00|1007690F|Nonohiko Kojama|3E77|Reverse Cascade|40007DC8|Chaos|720003|76BC0000|A3E|EC8000|0|0|0|0|0|0|0|0|0|0|0|0|21180710|37552669|10000|10000|||92.21|107.80|0.00|2.39|93503|226488|10000|10000|||112.35|86.38|-0.02|0.85|000033DF|0|1|00||01|3E77|3E77|0.600|6139|6038c8159368fb50
264|2026-09-18T22:43:15.7300000-04:00|1007690F|3E77|000033DF|0||||-0.755|40007DC8|b56f373cba2e0f04
21|2026-09-18T22:43:15.7300000-04:00|1003D574|Zephyra Hana|6503|Glare III|40007DC8|Chaos|750003|AD7F0000|1B|65038000|0|0|0|0|0|0|0|0|0|0|0|0|21180710|37552669|10000|10000|||92.21|107.80|0.00|2.39|205207|205207|9162|10000|||89.40|109.85|0.00|2.21|000033E0|0|1|00||01|6503|6503|0.100|DA09|d98953c25ff110da
264|2026-09-18T22:43:15.7300000-04:00|1003D574|6503|000033E0|0||||2.210|40007DC8|45205eed86ec133c
38|2026-09-18T22:43:15.7300000-04:00|1007690F|Nonohiko Kojama|00646426|93503|226488|10000|10000|0||112.35|86.38|-0.02|0.85|0|0|0|29CE0030|44B241A0|1007690F|071F|42700000|1007690F|0|0|0|0751|4050A3CC|1003D574|0|0|0|0|0|0|0|0|0|0643|412A4164|E0000000|0|0|0|0|0|0|0|0|0|0|0|0|0|0|0|0|0|0|0|0|0|0|0|0|0|0|0|0|0|0|0|0|0|0|0|0|0|0|0|0|0|0|0|0|0|0|0|0|0|0|0|0|0|0|0|0|0|0|0|0|0|0|0|0|0|0|0A8F|3F93747E|10097AAF|071D|423391D6|1007690F|0737|423391D6|1007690F|1a29c9174a611af8
30|2026-09-18T22:43:15.7300000-04:00|BC9|Flourishing Symmetry|0.00|1007690F|Nonohiko Kojama|1007690F|Nonohiko Kojama|00|226488|226488|65173f4effe2657c
37|2026-09-18T22:43:15.7740000-04:00|10097AAF|Cora Fenix|000033D8|139058|205177|3000|10000|23||94.77|104.17|0.00|-0.71|1B01|0|0|02|02000B7A|0|41700000|10020C04|1E000A3A|0|41700000|10020C04|07aa87378b89a7e0
26|2026-09-18T22:43:15.7740000-04:00|B7A|Kerakeia|15.00|10020C04|Minda Silva|10097AAF|Cora Fenix|00|205177|204515|10028e4a42ec5898
26|2026-09-18T22:43:15.7740000-04:00|A3A|Kerachole|15.00|10020C04|Minda Silva|10097AAF|Cora Fenix|00|205177|204515|5e97709e9b92c3b2
00|2026-09-18T22:43:15.8210000-04:00|0029||Critical! Vittorio DravornCoeurl hits Exdeath for 12511 damage.|94ed3da77b381cad
21|2026-09-18T22:43:15.8190000-04:00|1008A3F8|Vittorio Dravorn|07|attack|40007DC7|Exdeath|712003|30DF0000|0|0|0|0|0|0|0|0|0|0|0|0|0|0|27396902|37552669|10000|10000|||91.66|107.87|0.00|-0.74|276475|325090|5400|10000|||88.06|111.77|0.00|2.40|000033E1|0|1|00||01|07|07|0.110|E1DA|c790b8d5b042bb2b
264|2026-09-18T22:43:15.8190000-04:00|1008A3F8|0007|000033E1|0||||2.402|40007DC7|e4a56531e6b391e7
00|2026-09-18T22:43:15.8560000-04:00|002E||   Abnar FaeExodus gains the effect of Kerachole.|6d4ed5e001300ed3
00|2026-09-18T22:43:15.8560000-04:00|002E||   Abnar FaeExodus gains the effect of Kerakeia.|6c3600aaefc6b52e
261|2026-09-18T22:43:15.8520000-04:00|Change|10020C04|CastBuffID|24312|CastDurationCurrent|0.3314|CastDurationMax|1.4430|CastTargetID|40007DC8|CurrentMP|7200|Heading|-0.6539|IsCasting1|1|IsCasting2|1|PosX|97.5718|PosY|100.8082|beb3f9ea368b36cf
00|2026-09-18T22:43:15.9120000-04:00|002B||Vittorio DravornCoeurl uses Syphon Strike.|af6ee7c98d077798
00|2026-09-18T22:43:15.9120000-04:00|0029||   Direct hit! Exdeath takes 38530(+36%) damage.|bad854e963361f8e
00|2026-09-18T22:43:15.9120000-04:00|002D||   Vittorio DravornCoeurl recovers 600 MP.|5ffac68a2de09afb
37|2026-09-18T22:43:15.9090000-04:00|100F0C23|Ami Han|000033D8|226668|226668|10000|10000|20||94.87|104.60|-0.00|0.10|1E02|0|0|02|05000B7A|0|41700000|10020C04|20000A3A|0|41700000|10020C04|3d6a9a1a0bcf633d
26|2026-09-18T22:43:15.9090000-04:00|B7A|Kerakeia|15.00|10020C04|Minda Silva|100F0C23|Ami Han|00|226668|204515|853c87139509a7b3
26|2026-09-18T22:43:15.9090000-04:00|A3A|Kerachole|15.00|10020C04|Minda Silva|100F0C23|Ami Han|00|226668|204515|b6ae22b3cdb73f1b
00|2026-09-18T22:43:15.9290000-04:00|002B||Kefka uses Ultima Blaster.|fd2b9eda5ec8d69c
00|2026-09-18T22:43:15.9290000-04:00|0029||   Nonohiko KojamaFamfrit takes 36373 damage.|9fa4486713bbef4f
00|2026-09-18T22:43:15.9290000-04:00|0029||   You take 0 damage.|eb9e77ea99c6ec14
00|2026-09-18T22:43:15.9290000-04:00|0029||   Cora FenixLeviathan takes 0 damage.|17057640d7584177
00|2026-09-18T22:43:15.9290000-04:00|0029||   Ami HanMidgardsormr takes 0 damage.|64f294fcfd8b5de2
00|2026-09-18T22:43:15.9290000-04:00|0029||   Abnar FaeExodus takes 16897 damage.|4c7e43b4158f7600
00|2026-09-18T22:43:15.9290000-04:00|0029||   Erynd AltansarrCoeurl takes 1014 damage.|11bdb967996152d2
00|2026-09-18T22:43:15.9290000-04:00|0029||   Zephyra HanaMidgardsormr takes 0 damage.|178ca6dbab9dd73d
00|2026-09-18T22:43:15.9290000-04:00|0029||   Vittorio DravornCoeurl takes 23593 damage.|fbff0a02903f6c2f
261|2026-09-18T22:43:15.9920000-04:00|Change|1008A3F8|CurrentMP|6000|b4c9b23337c59680
37|2026-09-18T22:43:15.9540000-04:00|40007DC7|Exdeath|000033DC|27358372||||||91.66|107.87|0.00|-0.74|84811d5c88e0efb4
37|2026-09-18T22:43:15.9540000-04:00|1008A3F8|Vittorio Dravorn|000033DC|276475|325090|6000|10000|0||88.06|111.77|0.00|2.40|2000|0|0|0|c6efc3276f5282ca
37|2026-09-18T22:43:15.9970000-04:00|1007690F|Nonohiko Kojama|000033DE|57130||||||112.35|86.38|-0.00|-0.76|6ff348305259e50d
00|2026-09-18T22:43:16.0000000-04:00|002E||   Erynd AltansarrCoeurl gains the effect of Kerachole.|4f34b5250c7e979b
00|2026-09-18T22:43:16.0000000-04:00|002E||   Erynd AltansarrCoeurl gains the effect of Kerakeia.|fbba4d0e934c480a
261|2026-09-18T22:43:16.0130000-04:00|Change|40007D19|ModelStatus|16384|Radius|5.9606|4dced6e3f53ae7b0
00|2026-09-18T22:43:16.0160000-04:00|002B||Cora FenixLeviathan casts Summon Titan II.|4e8c8715d1b360ad
37|2026-09-18T22:43:16.0420000-04:00|1004F18C|Abnar Fae|000033D8|325333|325333|10000|10000|0||93.98|104.69|-0.02|-0.53|1503|0|0|02|04000B7A|0|41700000|10020C04|1E000A3A|0|41700000|10020C04|5312b3c474b9235b
26|2026-09-18T22:43:16.0420000-04:00|B7A|Kerakeia|15.00|10020C04|Minda Silva|1004F18C|Abnar Fae|00|325333|204515|bcc052e01f1a04e6
26|2026-09-18T22:43:16.0420000-04:00|A3A|Kerachole|15.00|10020C04|Minda Silva|1004F18C|Abnar Fae|00|325333|204515|a0241ccdedcccb10
37|2026-09-18T22:43:16.0420000-04:00|40007DC8|Chaos|000033DD|21089480||||||92.21|107.80|0.00|2.39|b63845835fe27735
37|2026-09-18T22:43:16.0420000-04:00|10020C04|Minda Silva|000033DE|204515|204515|7200|10000|2||97.57|100.81|0.00|-0.65|2801|0|0|0|3ca371bc4f716c0c
37|2026-09-18T22:43:16.0860000-04:00|10097AAF|Cora Fenix|000033DE|139058|205177|3000|10000|6||94.77|104.17|0.00|-0.71|1B02|0|0|0|968b692a12ba8f48
21|2026-09-18T22:43:16.0860000-04:00|100B07FE|Erynd Altansarr|07|attack|40007DC8|Chaos|712003|34860000|0|0|0|0|0|0|0|0|0|0|0|0|0|0|21097946|37552669|10000|10000|||92.21|107.80|0.00|2.39|226668|226668|10000|10000|||95.33|110.56|-0.00|2.76|000033E2|0|1|00||01|07|07|0.100|F57E|062c4287ce947ed6
264|2026-09-18T22:43:16.0860000-04:00|100B07FE|0007|000033E2|0||||2.884|40007DC8|ed8fcfc70200688e
00|2026-09-18T22:43:16.1350000-04:00|002E||   Zephyra HanaMidgardsormr gains the effect of Kerachole.|172cf585e9b9c553
00|2026-09-18T22:43:16.1350000-04:00|002E||   Zephyra HanaMidgardsormr gains the effect of Kerakeia.|19ad970854f7c4b9
37|2026-09-18T22:43:16.1320000-04:00|100F0C23|Ami Han|000033DE|226668|226668|10000|10000|3||94.87|104.60|-0.00|1.04|1E03|0|0|0|466892b50090283b
261|2026-09-18T22:43:16.1810000-04:00|Change|40007EAF|ModelStatus|0|ea96e945b603ac15
37|2026-09-18T22:43:16.1760000-04:00|100B07FE|Erynd Altansarr|000033D8|226668|226668|10000|10000|15||95.58|109.71|-0.00|2.93|2904|0|0|02|04000B7A|0|41700000|10020C04|20000A3A|0|41700000|10020C04|8631df232aeea731
26|2026-09-18T22:43:16.1760000-04:00|B7A|Kerakeia|15.00|10020C04|Minda Silva|100B07FE|Erynd Altansarr|00|226668|204515|674a02403cea45ba
26|2026-09-18T22:43:16.1760000-04:00|A3A|Kerachole|15.00|10020C04|Minda Silva|100B07FE|Erynd Altansarr|00|226668|204515|f38b02a404502d44
37|2026-09-18T22:43:16.1760000-04:00|1004F18C|Abnar Fae|000033DE|308436||||||93.98|104.69|-0.02|-0.53|2f4d270fd5617fcf
39|2026-09-18T22:43:16.1760000-04:00|1004F18C|Abnar Fae|311689|325333|10000|10000|||93.98|104.69|-0.02|-0.53|71782f5cc6f0ba28
21|2026-09-18T22:43:16.1760000-04:00|100B07FE|Erynd Altansarr|873C|Vicewinder|40007DC8|Chaos|714003|128C4001|13E|12E8000|0|0|0|0|0|0|0|0|0|0|0|0|21089480|37552669|10000|10000|||92.21|107.80|0.00|2.39|226668|226668|10000|10000|||95.58|109.71|-0.00|2.93|000033E3|0|1|00||01|873C|873C|0.600|40A3|289d9e09b18cd6ad
00|2026-09-18T22:43:16.2230000-04:00|0029||Critical! Erynd AltansarrCoeurl hits Chaos for 13446 damage.|91916f90e73b3d3b
00|2026-09-18T22:43:16.2240000-04:00|0030||Erynd AltansarrCoeurl loses the effect of Eukrasian Prognosis.|2794e0a7192c95a1
264|2026-09-18T22:43:16.1760000-04:00|100B07FE|873C|000033E3|0||||-1.555|40007DC8|00502d28c7cef38c
37|2026-09-18T22:43:16.2200000-04:00|100B07FE|Erynd Altansarr|000033DE|225654|226668|10000|10000|0||95.58|109.71|-0.00|2.93|2905|0|0|01|0B000000|0|0|E0000000|440c38c847d45a63
38|2026-09-18T22:43:16.2200000-04:00|100B07FE|Erynd Altansarr|00646429|225654|226668|10000|10000|0||95.58|109.71|-0.00|2.93|0|0|0|29CE0030|4532FCA2|100B07FE|0720|42700000|1007690F|0839|42319D1D|1007690F|0751|402E8720|1003D574|0B7A|416E9BA6|10020C04|0|0|0|0|0|0|0642|41226E73|E0000000|0|0|0|0|0|0|29D60031|3F501D12|100B07FE|0|0|0|0|0|0|0|0|0|0|0|0|0|0|0|0|0|0|0|0|0|0|0|0|0|0|0|0|0|0|0|0|0|0|0|0|0|0|0|0|0|0|0|0|0|0|0|0|0|0|0|0|0|0|0|0|0|0737|42319D1D|1007690F|0EBC|41A6A563|100B07FE|0A3A|416E9BA6|10020C04|0E55|4105C346|100B07FE|0|0|0|0E54|41252376|100B07FE|0E3F|4204E412|100B07FE|0|0|0|0A8F|3F29B9E2|10097AAF|0a615006bf1b5d6e
26|2026-09-18T22:43:16.2200000-04:00|720|Dance Partner|60.00|1007690F|Nonohiko Kojama|100B07FE|Erynd Altansarr|00|226668|226488|ff0b240f22a8e77d
30|2026-09-18T22:43:16.2200000-04:00|A31|Eukrasian Prognosis|0.00|10020C04|Minda Silva|100B07FE|Erynd Altansarr|00|226668|204515|3493b3310e2448fd
00|2026-09-18T22:43:16.2880000-04:00|002E||   Vittorio DravornCoeurl gains the effect of Kerachole.|fe804a4963925aa7
00|2026-09-18T22:43:16.2880000-04:00|002E||   Vittorio DravornCoeurl gains the effect of Kerakeia.|5b72c1218ded1000
37|2026-09-18T22:43:16.2650000-04:00|1003D574|Zephyra Hana|000033DE|205207|205207|8762|10000|5||89.40|109.85|0.00|2.21|1806|0|0|0|7cc466083f1a634e
00|2026-09-18T22:43:16.3440000-04:00|002B||Nonohiko KojamaFamfrit uses Reverse Cascade.|6073b64395b8b85f
00|2026-09-18T22:43:16.3440000-04:00|0029||   Chaos takes 30396 damage.|6c6ab507765e08ea
00|2026-09-18T22:43:16.3580000-04:00|0029||Direct hit! Nonohiko KojamaFamfrit hits Chaos for 10529 damage.|94bc0781971065cc
37|2026-09-18T22:43:16.3100000-04:00|1003D574|Zephyra Hana|000033D8|205207|205207|8762|10000|5||89.40|109.85|0.00|2.21|1805|0|0|02|02000B7A|0|41700000|10020C04|20000A3A|0|41700000|10020C04|9d47577a63341d25
26|2026-09-18T22:43:16.3100000-04:00|B7A|Kerakeia|15.00|10020C04|Minda Silva|1003D574|Zephyra Hana|00|205207|204515|b142010eac5723c9
26|2026-09-18T22:43:16.3100000-04:00|A3A|Kerachole|15.00|10020C04|Minda Silva|1003D574|Zephyra Hana|00|205207|204515|35c6023f0d39a5d5
37|2026-09-18T22:43:16.3100000-04:00|1008A3F8|Vittorio Dravorn|000033DE|252882||||||88.06|111.77|0.00|2.40|8dbc5f1f72e5103d
39|2026-09-18T22:43:16.3100000-04:00|1003D574|Zephyra Hana|205207|205207|8969|10000|||89.40|109.85|0.00|2.21|4d99f538fe106d6a
37|2026-09-18T22:43:16.3550000-04:00|40007DC8|Chaos|000033DF|21059084||||||92.21|107.80|0.00|2.39|fdc206e5050a127d
37|2026-09-18T22:43:16.3550000-04:00|40007DC7|Exdeath|000033E1|27345861||||||91.66|107.87|0.00|-0.74|2eb1a844738b201d
21|2026-09-18T22:43:16.3550000-04:00|1007690F|Nonohiko Kojama|07|attack|40007DC8|Chaos|724003|29210000|0|0|0|0|0|0|0|0|0|0|0|0|0|0|21089480|37552669|10000|10000|||92.21|107.80|0.00|2.39|57130|226488|10000|10000|||112.35|86.38|-0.00|-0.76|000033E4|0|1|00||01|07|07|0.100|6139|8c9afb235dbe8aba
264|2026-09-18T22:43:16.3550000-04:00|1007690F|0007|000033E4|0||||-0.755|40007DC8|d605a8cd49d9ec5c
21|2026-09-18T22:43:16.3550000-04:00|100F0C23|Ami Han|1D7A|True North|100F0C23|Ami Han|E|4E20000|0|0|0|0|0|0|0|0|0|0|0|0|0|0|226668|226668|10000|10000|||94.87|104.60|-0.00|1.61|226668|226668|10000|10000|||94.87|104.60|-0.00|1.61|000033E5|0|1|00||01|1D7A|1D7A|0.600|E352|c7435f4abd6406d2
264|2026-09-18T22:43:16.3550000-04:00|100F0C23|1D7A|000033E5|0||||2.438|100F0C23|730648ff19f1d4f4
38|2026-09-18T22:43:16.3550000-04:00|100F0C23|Ami Han|0064641E|226668|226668|10000|10000|3||94.87|104.60|-0.00|1.61|0|0|0|0A0168|41F00000|E0000000|1E016C|41F00000|E0000000|FF01F0|3FE53F63|100F0C23|0751|4028B42E|1003D574|29CE0030|43A339FF|100F0C23|0B7A|416828F7|10020C04|0|0|0|0|0|0|0643|4120457E|E0000000|0|0|0|0|0|0|0|0|0|0A31|41B7B014|10020C04|0|0|0|0|0|0|0|0|0|0|0|0|0|0|0|0|0|0|0|0|0|0|0|0|0|0|0|0|0|0|0|0|0|0|0|0|0|0|0|0|0|0|0|0|0|0|0|0|0|0|0|0A81|41B5E96C|100F0C23|0A8F|3F072A86|10097AAF|0A3A|416828F7|10020C04|04E2|C1200000|100F0C23|3df932d329bdbee2
26|2026-09-18T22:43:16.3550000-04:00|4E2|True North|10.00|100F0C23|Ami Han|100F0C23|Ami Han|00|226668|226668|b8c5013314629bcb
00|2026-09-18T22:43:16.3910000-04:00|002E||   Nonohiko KojamaFamfrit gains the effect of Kerachole.|5de9f8537b1954e9
00|2026-09-18T22:43:16.3910000-04:00|002E||   Nonohiko KojamaFamfrit gains the effect of Kerakeia.|8ed37fa955e5d40c
261|2026-09-18T22:43:16.4040000-04:00|Change|1003D574|CastBuffID|0|CastDurationCurrent|0.0000|CastDurationMax|0.0000|CastTargetID|E0000000|CurrentMP|8969|Heading|2.2340|IsCasting1|0|IsCasting2|0|PosX|89.4216|PosY|109.8353|af718e698b31a05f
37|2026-09-18T22:43:16.4430000-04:00|1008A3F8|Vittorio Dravorn|000033D8|252882|325090|6000|10000|0||88.18|111.65|-0.02|2.40|2006|0|0|02|03000B7A|0|41700000|10020C04|1E000A3A|0|41700000|10020C04|d02c2adf1cd9a943
26|2026-09-18T22:43:16.4430000-04:00|B7A|Kerakeia|15.00|10020C04|Minda Silva|1008A3F8|Vittorio Dravorn|00|325090|204515|a6b3138195dc868c
26|2026-09-18T22:43:16.4430000-04:00|A3A|Kerachole|15.00|10020C04|Minda Silva|1008A3F8|Vittorio Dravorn|00|325090|204515|bec840e2963b94d7
37|2026-09-18T22:43:16.5770000-04:00|1007690F|Nonohiko Kojama|000033D8|57130|226488|10000|10000|0||112.35|86.38|-0.00|-0.76|2607|0|0|02|02000B7A|0|41700000|10020C04|21000A3A|0|41700000|10020C04|043614c7e97a5190
26|2026-09-18T22:43:16.5770000-04:00|B7A|Kerakeia|15.00|10020C04|Minda Silva|1007690F|Nonohiko Kojama|00|226488|204515|374e92f75637eb4b
26|2026-09-18T22:43:16.5770000-04:00|A3A|Kerachole|15.00|10020C04|Minda Silva|1007690F|Nonohiko Kojama|00|226488|204515|92cc1d71d1589872
37|2026-09-18T22:43:16.6230000-04:00|40007DC8|Chaos|000033E2|21045638||||||92.21|107.80|0.00|2.39|211944873c5a5c15
21|2026-09-18T22:43:16.6230000-04:00|10020C04|Minda Silva|5EF8|Dosis III|40007DC8|Chaos|750003|ADC30000|1B|5EF88000|0|0|0|0|0|0|0|0|0|0|0|0|21059084|37552669|10000|10000|||92.21|107.80|0.00|2.39|204515|204515|7200|10000|||97.57|100.81|0.00|-0.65|000033E6|0|1|00||01|5EF8|5EF8|0.100|655B|fa0538164f1a6501
264|2026-09-18T22:43:16.6230000-04:00|10020C04|5EF8|000033E6|0||||-0.654|40007DC8|e6eae38044510097
22|2026-09-18T22:43:16.6230000-04:00|1003D574|Zephyra Hana|9093|Divine Caress|1003D574|Zephyra Hana|8D0E|F3F0000|0|0|0|0|0|0|0|0|0|0|0|0|0|0|205207|205207|8969|10000|||89.45|109.81|-0.00|2.27|205207|205207|8969|10000|||89.45|109.81|-0.00|2.27|000033E7|0|7|00||01|9093|9093|0.600|E0AE|81dd995c46c57236
22|2026-09-18T22:43:16.6230000-04:00|1003D574|Zephyra Hana|9093|Divine Caress|1008A3F8|Vittorio Dravorn|340E|F3F0000|0|0|0|0|0|0|0|0|0|0|0|0|0|0|252882|325090|6000|10000|||88.64|111.17|-0.00|2.39|205207|205207|8969|10000|||89.45|109.81|-0.00|2.27|000033E7|1|7|00||01|9093|9093|0.600|E0AE|e15f40297f538b77
22|2026-09-18T22:43:16.6230000-04:00|1003D574|Zephyra Hana|9093|Divine Caress|1004F18C|Abnar Fae|490E|F3F0000|0|0|0|0|0|0|0|0|0|0|0|0|0|0|311689|325333|10000|10000|||93.98|104.69|-0.02|-0.53|205207|205207|8969|10000|||89.45|109.81|-0.00|2.27|000033E7|2|7|00||01|9093|9093|0.600|E0AE|f4f5459dedd915eb
22|2026-09-18T22:43:16.6230000-04:00|1003D574|Zephyra Hana|9093|Divine Caress|100B07FE|Erynd Altansarr|1B0E|F3F0000|0|0|0|0|0|0|0|0|0|0|0|0|0|0|225654|226668|10000|10000|||95.85|108.53|-0.00|-2.42|205207|205207|8969|10000|||89.45|109.81|-0.00|2.27|000033E7|3|7|00||01|9093|9093|0.600|E0AE|031c9665555f73fa
22|2026-09-18T22:43:16.6230000-04:00|1003D574|Zephyra Hana|9093|Divine Caress|100F0C23|Ami Han|430E|F3F0000|0|0|0|0|0|0|0|0|0|0|0|0|0|0|226668|226668|10000|10000|||94.87|104.60|-0.02|2.44|205207|205207|8969|10000|||89.45|109.81|-0.00|2.27|000033E7|4|7|00||01|9093|9093|0.600|E0AE|aa3b577c4ffcfb7b
22|2026-09-18T22:43:16.6230000-04:00|1003D574|Zephyra Hana|9093|Divine Caress|10097AAF|Cora Fenix|210E|F3F0000|0|0|0|0|0|0|0|0|0|0|0|0|0|0|139058|205177|3000|10000|||94.77|104.17|0.00|-0.71|205207|205207|8969|10000|||89.45|109.81|-0.00|2.27|000033E7|5|7|00||01|9093|9093|0.600|E0AE|c021eed5d18fd6fd
22|2026-09-18T22:43:16.6230000-04:00|1003D574|Zephyra Hana|9093|Divine Caress|10020C04|Minda Silva|B60E|F3F0000|0|0|0|0|0|0|0|0|0|0|0|0|0|0|204515|204515|7200|10000|||97.57|100.81|0.00|-0.65|205207|205207|8969|10000|||89.45|109.81|-0.00|2.27|000033E7|6|7|00||01|9093|9093|0.600|E0AE|1c0588d07a3bf060
264|2026-09-18T22:43:16.6230000-04:00|1003D574|9093|000033E7|1|-0.015|-0.015|-0.015|2.373|1003D574|db970bdc9ea6a173
38|2026-09-18T22:43:16.6230000-04:00|10020C04|Minda Silva|00646428|204515|204515|6800|10000|19||97.57|100.81|0.00|-0.65|0|0|0|0A0168|41F00000|E0000000|29D20030|451189C9|10020C04|0A2C|42700000|10020C04|0751|40178D44|1003D574|0B7A|415F999B|10020C04|0|0|0|0A31|3EFFF89E|10020C04|0|0|0|0643|411BFBC4|E0000000|0|0|0|0|0|0|0|0|0|0|0|0|0|0|0|0|0|0|0|0|0|0|0|0|0|0|0|0|0|0|0|0|0|0|0|0|0|0|0|0|0|0|0|0|0|0|0|0|0|0|0|0|0|0|0|0|0|0|0|0|0|0|0|0A3A|415F999B|10020C04|0F3F|41200000|1003D574|0|0|0|0|0|0|0A8F|3E851DBE|10097AAF|ce86345dcb17b015
26|2026-09-18T22:43:16.6230000-04:00|A2C|Kardia|60.00|10020C04|Minda Silva|10020C04|Minda Silva|00|204515|204515|55c566a8da024f2e
26|2026-09-18T22:43:16.6230000-04:00|F3F|Divine Caress|10.00|1003D574|Zephyra Hana|10020C04|Minda Silva|00|204515|205207|887001f27dc825c7
38|2026-09-18T22:43:16.6230000-04:00|100F0C23|Ami Han|0064641E|226668|226668|10000|10000|18||94.87|104.60|-0.02|2.44|0|0|0|0A0168|41F00000|E0000000|1E016C|41F00000|E0000000|FF01F0|3FC2F191|100F0C23|0751|40178D44|1003D574|29CE0030|43A317B0|100F0C23|0B7A|4163DF3D|10020C04|0|0|0|0|0|0|0643|411BFBC4|E0000000|0|0|0|0|0|0|0|0|0|0A31|41B58B37|10020C04|0|0|0|0|0|0|0|0|0|0|0|0|0|0|0|0|0|0|0|0|0|0|0|0|0|0|0|0|0|0|0|0|0|0|0|0|0|0|0|0|0|0|0|0|0|0|0|0|0|0|0|0A81|41B3C48F|100F0C23|0A8F|3E851DBE|10097AAF|0A3A|4163DF3D|10020C04|04E2|C1200000|100F0C23|0F3F|41200000|1003D574|963bdeddd17b5a74
26|2026-09-18T22:43:16.6230000-04:00|F3F|Divine Caress|10.00|1003D574|Zephyra Hana|100F0C23|Ami Han|00|226668|205207|3015d299ec3c31d9
38|2026-09-18T22:43:16.6230000-04:00|1003D574|Zephyra Hana|00646418|205207|205207|8969|10000|23||89.45|109.81|-0.00|2.27|0|0|0|29D20030|44D84744|1003D574|04B4|418180FF|1003D574|0B7A|416A49BB|10020C04|0|0|0|0A31|41B58B37|10020C04|29D90031|3FFC6889|1003D574|0|0|0|0642|411BFBC4|E0000000|0|0|0|0750|40A0DD1D|1003D574|0|0|0|0|0|0|0751|4014BC5F|1003D574|0|0|0|0|0|0|0|0|0|0|0|0|0|0|0|0|0|0|0|0|0|0|0|0|0|0|0|0|0|0|0|0|0|0|0|0|0|0|0|0|0|0|0|0|0|0|0|0|0|0|0|0A8F|3E851DBE|10097AAF|0F3F|41200000|1003D574|0A3A|416A49BB|10020C04|ae35a6e90844fb6a
30|2026-09-18T22:43:16.6230000-04:00|F29|Divine Grace|0.00|1003D574|Zephyra Hana|1003D574|Zephyra Hana|00|205207|205207|c83a6afaf673fcd2
26|2026-09-18T22:43:16.6230000-04:00|F3F|Divine Caress|10.00|1003D574|Zephyra Hana|1003D574|Zephyra Hana|00|205207|205207|32b0f88099d9b8f9
38|2026-09-18T22:43:16.6230000-04:00|1004F18C|Abnar Fae|00646415|311689|325333|10000|10000|10||93.98|104.69|-0.02|-0.53|0|0|0|0A2D|42700000|10020C04|29CE0030|44D88314|1004F18C|5B|0|1004F18C|29D50031|40CDB9EC|1004F18C|0B7A|41660002|10020C04|0751|4014BC5F|1003D574|0643|411BFBC4|E0000000|0|0|0|0|0|0|0|0|0|0A94|3EDA1BAE|1003D574|0|0|0|0|0|0|0|0|0|0|0|0|0|0|0|0|0|0|0|0|0|0|0|0|0|0|0|0|0|0|0|0|0|0|0|0|0|0|0|0|0|0|0|0|0|0|0|0|0|0|0|0|0|0|0|0|0|0A3A|41660002|10020C04|0F3F|41200000|1003D574|0A75|4211804A|1004F18C|0A8F|3E851DBE|10097AAF|0|0|0|0A67|3FBFDF67|1004F18C|0769|41C4E34B|1004F18C|17f20f3a0b19ca37
26|2026-09-18T22:43:16.6230000-04:00|A2D|Kardion|60.00|10020C04|Minda Silva|1004F18C|Abnar Fae|00|325333|204515|fd12d6c17549f289
26|2026-09-18T22:43:16.6230000-04:00|F3F|Divine Caress|10.00|1003D574|Zephyra Hana|1004F18C|Abnar Fae|00|325333|205207|30d0e0c5d2ffccd0
30|2026-09-18T22:43:16.6230000-04:00|A76|Bloodwhetting|0.00|1004F18C|Abnar Fae|1004F18C|Abnar Fae|190|325333|325333|44f576cc7dc60704
38|2026-09-18T22:43:16.6230000-04:00|10097AAF|Cora Fenix|0064641B|139058|205177|3000|10000|24||94.77|104.17|0.00|-0.71|0|0|0|29CE0030|44EA94F8|10097AAF|0751|4014BC5F|1003D574|0B7A|4161BA60|10020C04|0|0|0|0A31|41B58B37|10020C04|29D80031|41421025|10097AAF|0|0|0|0643|411BFBC4|E0000000|0|0|0|0|0|0|0|0|0|0|0|0|0|0|0|0|0|0|0|0|0|0|0|0|0|0|0|0|0|0|0|0|0|0|0|0|0|0|0|0|0|0|0|0|0|0|0|0|0|0|0|0|0|0|0|0|0|0|0|0|0|0|0|0|0|0|0A3A|4161BA60|10020C04|0F3F|41200000|1003D574|0|0|0|0F22|412428C0|10097AAF|0A8F|3E851DBE|10097AAF|d61135d87e3b4fa4
26|2026-09-18T22:43:16.6230000-04:00|F3F|Divine Caress|10.00|1003D574|Zephyra Hana|10097AAF|Cora Fenix|00|205177|205207|0c5535710de33f4a
38|2026-09-18T22:43:16.6230000-04:00|1008A3F8|Vittorio Dravorn|00646420|252882|325090|6000|10000|10||88.64|111.17|-0.00|2.39|0|0|0|02E7|0|100E036B|29CE0030|448C98E4|1008A3F8|0751|4014BC5F|1003D574|0B7A|416C6667|10020C04|0|0|0|29D50031|40CC4949|1008A3F8|0642|411BFBC4|E0000000|0|0|0|0|0|0|0|0|0|0|0|0|0|0|0|0|0|0|0|0|0|0|0|0|0|0|0|0|0|0|0|0|0|0|0|0|0|0|0|0|0|0|0|0|0|0|0|0|0|0|0|0|0|0|0|0|0|0|0|0|0|0|0|0|0|0|0|0|0|0A3A|416C6667|10020C04|0F3F|41200000|1003D574|0|0|0|0|0|0|0|0|0|0A8F|3E851DBE|10097AAF|e9f4280351199a09
26|2026-09-18T22:43:16.6230000-04:00|F3F|Divine Caress|10.00|1003D574|Zephyra Hana|1008A3F8|Vittorio Dravorn|00|325090|205207|882b28b5bad447fd
38|2026-09-18T22:43:16.6230000-04:00|100B07FE|Erynd Altansarr|00646429|225654|226668|10000|10000|24||95.85|108.53|-0.00|-2.42|0|0|0|29CE0030|4532F632|100B07FE|0720|42700000|1007690F|0839|42300073|1007690F|0751|4014BC5F|1003D574|0B7A|416828F7|10020C04|0|0|0|0|0|0|0642|411BFBC4|E0000000|0|0|0|0|0|0|29D60031|3ED1E41E|100B07FE|0|0|0|0|0|0|0|0|0|0|0|0|0|0|0|0|0|0|0|0|0|0|0|0|0|0|0|0|0|0|0|0|0|0|0|0|0|0|0|0|0|0|0|0|0|0|0|0|0|0|0|0|0|0|0|0|0|0737|42300073|1007690F|0EBC|41A36C0B|100B07FE|0A3A|416828F7|10020C04|0E55|40FEA12E|100B07FE|0F3F|41200000|1003D574|0E54|411EB0C7|100B07FE|0E3F|42034768|100B07FE|0|0|0|0A8F|3E851DBE|10097AAF|a9494fa7fd537719
26|2026-09-18T22:43:16.6230000-04:00|F3F|Divine Caress|10.00|1003D574|Zephyra Hana|100B07FE|Erynd Altansarr|00|226668|205207|89ec4b081ede17cc
00|2026-09-18T22:43:16.6290000-04:00|0030||Abnar FaeExodus loses the effect of Bloodwhetting.|24ed2ecfcace0881
00|2026-09-18T22:43:16.6290000-04:00|0030||Zephyra HanaMidgardsormr loses the effect of Divine Grace.|4eb55d3f01b6079d
00|2026-09-18T22:43:16.6290000-04:00|002B||Zephyra HanaMidgardsormr casts Glare III.|7d6d812ae8f728a4
00|2026-09-18T22:43:16.6290000-04:00|0029||   Chaos takes 44415 damage.|b7c7cbd69ad56a22
21|2026-09-18T22:43:16.6660000-04:00|1004F18C|Abnar Fae|4051|Inner Chaos|40007DC8|Chaos|716003|F3644001|0|0|0|0|0|0|0|0|0|0|0|0|0|0|21045638|37552669|10000|10000|||92.21|107.80|0.00|2.39|311689|325333|10000|10000|||93.98|104.69|-0.02|-0.53|000033E8|0|1|00||01|4051|4051|0.600|6A99|ab7c66ef7f519227
264|2026-09-18T22:43:16.6660000-04:00|1004F18C|4051|000033E8|0||||-0.525|40007DC8|9d34c420d57e5320
38|2026-09-18T22:43:16.6670000-04:00|1004F18C|Abnar Fae|00646415|311689|325333|10000|10000|10||93.98|104.69|-0.02|-0.53|0|0|0|0A2D|42700000|10020C04|29CE0030|44D881AC|1004F18C|5B|0|1004F18C|29D50031|40CC5179|1004F18C|0B7A|41654BC9|10020C04|0751|4011EB7A|1003D574|0643|411B478B|E0000000|0|0|0|0|0|0|0|0|0|0A94|3EC39483|1003D574|0|0|0|0|0|0|0|0|0|0|0|0|0|0|0|0|0|0|0|0|0|0|0|0|0|0|0|0|0|0|0|0|0|0|0|0|0|0|0|0|0|0|0|0|0|0|0|0|0|0|0|0|0|0|0|0|0|0A3A|41654BC9|10020C04|0F3F|411F4BC7|1003D574|0A75|4211533C|1004F18C|0A8F|3E5D2D26|10097AAF|0|0|0|0A67|3FBA3D9C|1004F18C|80a2ad99e13237d0
30|2026-09-18T22:43:16.6670000-04:00|769|Nascent Chaos|0.00|1004F18C|Abnar Fae|1004F18C|Abnar Fae|00|325333|325333|8ae63dc5d67d9bfb
00|2026-09-18T22:43:16.7100000-04:00|002B||Erynd AltansarrCoeurl uses Vicewinder.|8913b01f1a21e98b
00|2026-09-18T22:43:16.7100000-04:00|0029||   Direct hit! Chaos takes 70284 damage.|0e39d14c90954e39
00|2026-09-18T22:43:16.7100000-04:00|0030||Abnar FaeExodus loses the effect of Nascent Chaos.|4b483122fbd11c5d
37|2026-09-18T22:43:16.7550000-04:00|40007DC8|Chaos|000033E3|20975354||||||92.21|107.80|0.00|2.39|3698792633d94d1d
39|2026-09-18T22:43:16.7550000-04:00|40007E63|Esteem|206573|215512|10000|10000|||89.52|111.62|0.00|2.62|6c767e7b6109357b
00|2026-09-18T22:43:16.8490000-04:00|002B||Ami HanMidgardsormr uses True North.|23f5140c3a2d76f4
00|2026-09-18T22:43:16.8490000-04:00|002E||   Ami HanMidgardsormr gains the effect of True North.|941793f754b37e50
37|2026-09-18T22:43:16.8880000-04:00|40007DC8|Chaos|000033E4|20964825||||||92.21|107.80|0.00|2.39|75fd2d31b8ddfb91
37|2026-09-18T22:43:16.8880000-04:00|100F0C23|Ami Han|000033E5|226668|226668|10000|10000|18||94.94|104.66|-0.00|1.81|1E00|0|0|01|210004E2|0|41200000|100F0C23|908675e9596d17e2
38|2026-09-18T22:43:16.8880000-04:00|10020C04|Minda Silva|00646428|204515|204515|6800|10000|19||97.57|100.81|0.00|-0.65|0|0|0|0A0168|41F00000|E0000000|29D20030|4511858D|10020C04|0A2C|42700000|10020C04|0751|40069783|1003D574|0B7A|415B5C2C|10020C04|0|0|0|0A31|3E709514|10020C04|0|0|0|0643|4117BE55|E0000000|0|0|0|0|0|0|0|0|0|0|0|0|0|0|0|0|0|0|0|0|0|0|0|0|0|0|0|0|0|0|0|0|0|0|0|0|0|0|0|0|0|0|0|0|0|0|0|0|0|0|0|0|0|0|0|0|0|0|0|0|0|0|0|0A3A|415B5C2C|10020C04|0F3F|411BC291|1003D574|00c06af75e07969d
30|2026-09-18T22:43:16.8880000-04:00|A8F|Searing Light|0.00|10097AAF|Cora Fenix|10020C04|Minda Silva|00|204515|205177|121c7b21b62b5006
38|2026-09-18T22:43:16.8880000-04:00|1007690F|Nonohiko Kojama|00646426|57130|226488|10000|10000|0||112.35|86.39|-0.02|-0.76|0|0|0|29CE0030|44B21C9B|1007690F|071F|42700000|1007690F|0B7A|416A51ED|10020C04|0751|40069783|1003D574|0|0|0|0|0|0|0|0|0|0643|4117BE55|E0000000|0|0|0|0|0|0|0|0|0|0|0|0|0|0|0|0|0|0|0|0|0|0|0|0|0|0|0|0|0|0|0|0|0|0|0|0|0|0|0|0|0|0|0|0|0|0|0|0|0|0|0|0|0|0|0|0|0|0|0|0|0|0|0|0|0|0|0|0|0|071D|422EF119|1007690F|0737|422EF119|1007690F|0A3A|416A51ED|10020C04|ffbbdda75eff9048
26|2026-09-18T22:43:16.8880000-04:00|71F|Closed Position|60.00|1007690F|Nonohiko Kojama|1007690F|Nonohiko Kojama|00|226488|226488|051013e3edc7bb0c
30|2026-09-18T22:43:16.8880000-04:00|A8F|Searing Light|0.00|10097AAF|Cora Fenix|1007690F|Nonohiko Kojama|00|226488|205177|cb1677898eeac8da
38|2026-09-18T22:43:16.8880000-04:00|100F0C23|Ami Han|0064641E|226668|226668|10000|10000|18||94.94|104.66|-0.00|1.81|0|0|0|0A0168|41F00000|E0000000|1E016C|41F00000|E0000000|FF01F0|3FA1060B|100F0C23|0751|40069783|1003D574|29CE0030|43A2F5C3|100F0C23|0B7A|415FA1CE|10020C04|0|0|0|0|0|0|0643|4117BE55|E0000000|0|0|0|0|0|0|0|0|0|0A31|41B36C7D|10020C04|0|0|0|0|0|0|0|0|0|0|0|0|0|0|0|0|0|0|0|0|0|0|0|0|0|0|0|0|0|0|0|0|0|0|0|0|0|0|0|0|0|0|0|0|0|0|0|0|0|0|0|0A81|41B1A5D5|100F0C23|0|0|0|0A3A|415FA1CE|10020C04|04E2|411F4BC7|100F0C23|0F3F|411BC291|1003D574|29eaf6331bf8c015
30|2026-09-18T22:43:16.8880000-04:00|A8F|Searing Light|0.00|10097AAF|Cora Fenix|100F0C23|Ami Han|00|226668|205177|81f4bdcf1c2b7756
38|2026-09-18T22:43:16.8880000-04:00|40007E63|Esteem|00646400|206573|215512|10000|10000|0||89.52|111.62|0.00|2.62|0|0|0|02E7|0|100E036B|29CE0030|448C906B|1008A3F8|29D50031|40C3CE66|1008A3F8|23fa54ef0d4d4adf
30|2026-09-18T22:43:16.8880000-04:00|A8F|Searing Light|0.00|10097AAF|Cora Fenix|40007E63|Esteem|00|215512|205177|2dadeb90bd9e1876
38|2026-09-18T22:43:16.8880000-04:00|1003D574|Zephyra Hana|00646418|205207|205207|8969|10000|23||90.09|109.15|-0.00|2.32|0|0|0|29D20030|44D83ECB|1003D574|04B4|417EC48C|1003D574|0B7A|41660C4C|10020C04|0|0|0|0A31|41B36C7D|10020C04|29D90031|3FDA7D03|1003D574|0|0|0|0642|4117BE55|E0000000|0|0|0|0750|4098623A|1003D574|0|0|0|0|0|0|0751|4003C69E|1003D574|0|0|0|0|0|0|0|0|0|0|0|0|0|0|0|0|0|0|0|0|0|0|0|0|0|0|0|0|0|0|0|0|0|0|0|0|0|0|0|0|0|0|0|0|0|0|0|0|0|0|0|0|0|0|0F3F|411BC291|1003D574|0A3A|41660C4C|10020C04|e9b41f2238e31325
30|2026-09-18T22:43:16.8880000-04:00|A8F|Searing Light|0.00|10097AAF|Cora Fenix|1003D574|Zephyra Hana|00|205207|205177|0e13fd9294497adb
38|2026-09-18T22:43:16.8880000-04:00|1004F18C|Abnar Fae|00646415|311689|325333|10000|10000|10||93.98|104.69|-0.02|-0.53|0|0|0|0A2D|42700000|10020C04|29CE0030|44D87A9B|1004F18C|5B|0|1004F18C|29D50031|40C53F09|1004F18C|0B7A|4161C293|10020C04|0751|4003C69E|1003D574|0643|4117BE55|E0000000|0|0|0|0|0|0|0|0|0|0A94|3E24DB33|1003D574|0|0|0|0|0|0|0|0|0|0|0|0|0|0|0|0|0|0|0|0|0|0|0|0|0|0|0|0|0|0|0|0|0|0|0|0|0|0|0|0|0|0|0|0|0|0|0|0|0|0|0|0|0|0|0|0|0|0A3A|4161C293|10020C04|0F3F|411BC291|1003D574|0A75|421070F0|1004F18C|0|0|0|0|0|0|0A67|3F9DF3E1|1004F18C|9ff3a53387d60188
30|2026-09-18T22:43:16.8880000-04:00|A8F|Searing Light|0.00|10097AAF|Cora Fenix|1004F18C|Abnar Fae|00|325333|205177|78b299c608fc925b
38|2026-09-18T22:43:16.8880000-04:00|10097AAF|Cora Fenix|0064641B|139058|205177|3000|10000|24||94.77|104.17|0.00|-0.71|0|0|0|29CE0030|44EA8C7F|10097AAF|0751|4003C69E|1003D574|0B7A|415D7CF1|10020C04|0|0|0|0A31|41B36C7D|10020C04|29D80031|413DD2B6|10097AAF|0|0|0|0643|4117BE55|E0000000|0|0|0|0|0|0|0|0|0|0|0|0|0|0|0|0|0|0|0|0|0|0|0|0|0|0|0|0|0|0|0|0|0|0|0|0|0|0|0|0|0|0|0|0|0|0|0|0|0|0|0|0|0|0|0|0|0|0|0|0|0|0|0|0|0|0|0A3A|415D7CF1|10020C04|0F3F|411BC291|1003D574|0|0|0|0F22|411FEB51|10097AAF|a4b37bae7958c016
30|2026-09-18T22:43:16.8880000-04:00|A8F|Searing Light|0.00|10097AAF|Cora Fenix|10097AAF|Cora Fenix|00|205177|205177|bc79c64bed5d12b9
38|2026-09-18T22:43:16.8880000-04:00|40007EAF|Topaz Titan|00646400|186345|195285|10000|10000|0||94.60|101.71|0.00|-0.71|0|0|0|29CE0030|44EA8C7F|10097AAF|29D80031|413DD2B6|10097AAF|6de2d415f0a404a2
26|2026-09-18T22:43:16.8880000-04:00|30|Well Fed|1876.39|10097AAF|Cora Fenix|40007EAF|Topaz Titan|29CE|195285|205177|5e3050e310d7a9c3
26|2026-09-18T22:43:16.8880000-04:00|31|Medicated|11.86|10097AAF|Cora Fenix|40007EAF|Topaz Titan|29D8|195285|205177|c66051faac6d99f1
38|2026-09-18T22:43:16.8880000-04:00|1008A3F8|Vittorio Dravorn|00646420|252882|325090|6000|10000|10||89.53|110.25|-0.00|2.38|0|0|0|02E7|0|100E036B|29CE0030|448C906B|1008A3F8|0751|4003C69E|1003D574|0B7A|416828F8|10020C04|0|0|0|29D50031|40C3CE66|1008A3F8|0642|4117BE55|E0000000|0|0|0|0|0|0|0|0|0|0|0|0|0|0|0|0|0|0|0|0|0|0|0|0|0|0|0|0|0|0|0|0|0|0|0|0|0|0|0|0|0|0|0|0|0|0|0|0|0|0|0|0|0|0|0|0|0|0|0|0|0|0|0|0|0|0|0|0|0|0A3A|416828F8|10020C04|0F3F|411BC291|1003D574|04f14ff76e75af75
30|2026-09-18T22:43:16.8880000-04:00|A8F|Searing Light|0.00|10097AAF|Cora Fenix|1008A3F8|Vittorio Dravorn|00|325090|205177|9da349747cdd7983
38|2026-09-18T22:43:16.8880000-04:00|100B07FE|Erynd Altansarr|00646429|225654|226668|10000|10000|24||95.93|108.16|-0.00|-2.69|0|0|0|29CE0030|4532F1F6|100B07FE|0720|42700000|1007690F|0839|422EF119|1007690F|0751|4003C69E|1003D574|0B7A|4163EB88|10020C04|0|0|0|0|0|0|0642|4117BE55|E0000000|0|0|0|0|0|0|29D60031|3E146C13|100B07FE|0|0|0|0|0|0|0|0|0|0|0|0|0|0|0|0|0|0|0|0|0|0|0|0|0|0|0|0|0|0|0|0|0|0|0|0|0|0|0|0|0|0|0|0|0|0|0|0|0|0|0|0|0|0|0|0|0|0737|422EF119|1007690F|0EBC|41A14D51|100B07FE|0A3A|4163EB88|10020C04|0E55|40F6264B|100B07FE|0F3F|411BC291|1003D574|0E54|411A7358|100B07FE|0E3F|4202380E|100B07FE|f7bd96799afb650b
30|2026-09-18T22:43:16.8880000-04:00|A8F|Searing Light|0.00|10097AAF|Cora Fenix|100B07FE|Erynd Altansarr|00|226668|205177|2c761f02df9aa565
00|2026-09-18T22:43:16.8920000-04:00|0030||You lose the effect of Searing Light.|5f8dacc1c108378d
00|2026-09-18T22:43:16.8920000-04:00|0030||Nonohiko KojamaFamfrit loses the effect of Searing Light.|d64f9a292016d64a
00|2026-09-18T22:43:16.8920000-04:00|0030||Ami HanMidgardsormr loses the effect of Searing Light.|38a69e232d518435
00|2026-09-18T22:43:16.8920000-04:00|0030||Esteem loses the effect of Searing Light.|82d53de4131d23b8
00|2026-09-18T22:43:16.8920000-04:00|0030||Zephyra HanaMidgardsormr loses the effect of Searing Light.|b57f66c4f5fc1e72
00|2026-09-18T22:43:16.8920000-04:00|0030||Abnar FaeExodus loses the effect of Searing Light.|a124bb18725b7e1d
00|2026-09-18T22:43:16.8920000-04:00|0030||Cora FenixLeviathan loses the effect of Searing Light.|9e6b196f38927d12
00|2026-09-18T22:43:16.8920000-04:00|0030||Vittorio DravornCoeurl loses the effect of Searing Light.|c406756f0e2262ea
00|2026-09-18T22:43:16.8920000-04:00|0030||Erynd AltansarrCoeurl loses the effect of Searing Light.|7f70f4926207b95b
261|2026-09-18T22:43:16.9030000-04:00|Change|10020C04|CastDurationCurrent|1.3389|CurrentMP|6800|c16203a569f93386
39|2026-09-18T22:43:16.9330000-04:00|1008A3F8|Vittorio Dravorn|256132|325090|6200|10000|||90.19|109.57|-0.00|2.38|b23c44d29412c747
24|2026-09-18T22:43:16.9330000-04:00|100B07FE|Erynd Altansarr|HoT|0|205D|225654|226668|10000|10000|||95.96|107.99|-0.00|-2.80|100B07FE|Erynd Altansarr|0|225654|226668|10000|10000|||95.96|107.99|-0.00|-2.80|7d084f9495e52b86
261|2026-09-18T22:43:16.9480000-04:00|Change|100B07FE|Heading|-2.8648|PosX|95.9848|PosY|107.8796|PosZ|-0.0019|189fc5c44637c39e
38|2026-09-18T22:43:16.9330000-04:00|100B07FE|Erynd Altansarr|00646429|226668|226668|10000|10000|24||95.96|107.99|-0.00|-2.80|0|0|0|29CE0030|4532F13E|100B07FE|0720|42700000|1007690F|0839|422EC305|1007690F|0751|4000E556|1003D574|0B7A|41633336|10020C04|0|0|0|0|0|0|0642|41170603|E0000000|0|0|0|0|0|0|29D60031|3DCCAF30|100B07FE|0|0|0|0|0|0|0|0|0|0|0|0|0|0|0|0|0|0|0|0|0|0|0|0|0|0|0|0|0|0|0|0|0|0|0|0|0|0|0|0|0|0|0|0|0|0|0|0|0|0|0|0|0|0|0|0|0|0737|422EC305|1007690F|0EBC|41A0F128|100B07FE|0A3A|41633336|10020C04|0E55|40F4B5A7|100B07FE|0F3F|411B0A3F|1003D574|0E54|4119BB06|100B07FE|0E3F|420209FA|100B07FE|e92b55dd1a7623bb
38|2026-09-18T22:43:16.9790000-04:00|100B07FE|Erynd Altansarr|00646429|226668|226668|10000|10000|24||95.96|107.99|-0.00|-2.80|0|0|0|29CE0030|4532F13E|100B07FE|0720|42700000|1007690F|0839|422EC305|1007690F|0751|40A00000|1003D574|0B7A|41633336|10020C04|0|0|0|0|0|0|0642|41170603|E0000000|0|0|0|0|0|0|29D60031|3DCCAF30|100B07FE|0|0|0|0|0|0|0|0|0|0|0|0|0|0|0|0|0|0|0|0|0|0|0|0|0|0|0|0|0|0|0|0|0|0|0|0|0|0|0|0|0|0|0|0|0|0|0|0|0|0|0|0|0|0|0|0|0|0737|422EC305|1007690F|0EBC|41A0F128|100B07FE|0A3A|41633336|10020C04|0E55|40F4B5A7|100B07FE|0F3F|411B0A3F|1003D574|0E54|4119BB06|100B07FE|0E3F|420209FA|100B07FE|3fcfa0adb7b1e1a6
26|2026-09-18T22:43:16.9790000-04:00|751|Temperance|5.00|1003D574|Zephyra Hana|100B07FE|Erynd Altansarr|00|226668|205207|83be1ee1e82452e5
38|2026-09-18T22:43:16.9790000-04:00|1008A3F8|Vittorio Dravorn|00646420|256132|325090|6200|10000|10||90.19|109.57|-0.00|2.38|0|0|0|02E7|0|100E036B|29CE0030|448C8EFA|1008A3F8|0751|40A00000|1003D574|0B7A|416770A6|10020C04|0|0|0|29D50031|40C25DC2|1008A3F8|0642|41170603|E0000000|0|0|0|0|0|0|0|0|0|0|0|0|0|0|0|0|0|0|0|0|0|0|0|0|0|0|0|0|0|0|0|0|0|0|0|0|0|0|0|0|0|0|0|0|0|0|0|0|0|0|0|0|0|0|0|0|0|0|0|0|0|0|0|0|0|0|0|0|0|0A3A|416770A6|10020C04|0F3F|411B0A3F|1003D574|4c1f03a2751c8c42
26|2026-09-18T22:43:16.9790000-04:00|751|Temperance|5.00|1003D574|Zephyra Hana|1008A3F8|Vittorio Dravorn|00|325090|205207|ecb2d57ae58037e9
38|2026-09-18T22:43:16.9790000-04:00|1003D574|Zephyra Hana|00646418|205207|205207|8969|10000|23||90.77|108.43|-0.00|2.34|0|0|0|29D20030|44D83D5A|1003D574|04B4|417E0C3A|1003D574|0B7A|416553FA|10020C04|0|0|0|0A31|41B31054|10020C04|29D90031|3FD4BA74|1003D574|0|0|0|0642|41170603|E0000000|0|0|0|0750|4096F196|1003D574|0|0|0|0|0|0|0751|40A00000|1003D574|0|0|0|0|0|0|0|0|0|0|0|0|0|0|0|0|0|0|0|0|0|0|0|0|0|0|0|0|0|0|0|0|0|0|0|0|0|0|0|0|0|0|0|0|0|0|0|0|0|0|0|0|0|0|0F3F|411B0A3F|1003D574|0A3A|416553FA|10020C04|0e50fc82c9570622
26|2026-09-18T22:43:16.9790000-04:00|751|Temperance|5.00|1003D574|Zephyra Hana|1003D574|Zephyra Hana|00|205207|205207|67ad9574c2d73284
38|2026-09-18T22:43:16.9790000-04:00|100F0C23|Ami Han|0064641E|226668|226668|10000|10000|18||94.96|104.68|-0.00|1.53|0|0|0|0A0168|41F00000|E0000000|1E016C|41F00000|E0000000|FF01F0|3F956028|100F0C23|0751|40A00000|1003D574|29CE0030|43A2EA1D|100F0C23|0B7A|415E2D12|10020C04|0|0|0|0|0|0|0643|41164999|E0000000|0|0|0|0|0|0|0|0|0|0A31|41B2B21F|10020C04|0|0|0|0|0|0|0|0|0|0|0|0|0|0|0|0|0|0|0|0|0|0|0|0|0|0|0|0|0|0|0|0|0|0|0|0|0|0|0|0|0|0|0|0|0|0|0|0|0|0|0|0A81|41B0EB77|100F0C23|0|0|0|0A3A|415E2D12|10020C04|04E2|411DD70B|100F0C23|0F3F|411A4DD5|1003D574|1a5d389aaaf30224
26|2026-09-18T22:43:16.9790000-04:00|751|Temperance|5.00|1003D574|Zephyra Hana|100F0C23|Ami Han|00|226668|205207|11b678c81d5ef78e
38|2026-09-18T22:43:16.9790000-04:00|10020C04|Minda Silva|00646428|204515|204515|6800|10000|19||97.57|100.81|0.00|-0.65|0|0|0|0A0168|41F00000|E0000000|29D20030|45118419|10020C04|0A2C|42700000|10020C04|0751|40A00000|1003D574|0B7A|4159E770|10020C04|0|0|0|0A31|3E1365F9|10020C04|0|0|0|0643|41164999|E0000000|0|0|0|0|0|0|0|0|0|0|0|0|0|0|0|0|0|0|0|0|0|0|0|0|0|0|0|0|0|0|0|0|0|0|0|0|0|0|0|0|0|0|0|0|0|0|0|0|0|0|0|0|0|0|0|0|0|0|0|0|0|0|0|0A3A|4159E770|10020C04|0F3F|411A4DD5|1003D574|46f5ac501fc1d515
26|2026-09-18T22:43:16.9790000-04:00|751|Temperance|5.00|1003D574|Zephyra Hana|10020C04|Minda Silva|00|204515|205207|cf20023a80a0ba89
38|2026-09-18T22:43:16.9790000-04:00|1007690F|Nonohiko Kojama|00646426|57130|226488|10000|10000|0||112.33|86.40|-0.00|-0.77|0|0|0|29CE0030|44B219B1|1007690F|071F|42700000|1007690F|0B7A|4168DD31|10020C04|0751|40A00000|1003D574|0|0|0|0|0|0|0|0|0|0643|41164999|E0000000|0|0|0|0|0|0|0|0|0|0|0|0|0|0|0|0|0|0|0|0|0|0|0|0|0|0|0|0|0|0|0|0|0|0|0|0|0|0|0|0|0|0|0|0|0|0|0|0|0|0|0|0|0|0|0|0|0|0|0|0|0|0|0|0|0|0|0|0|0|071D|422E93EA|1007690F|0737|422E93EA|1007690F|0A3A|4168DD31|10020C04|1706451245282de7
26|2026-09-18T22:43:16.9790000-04:00|751|Temperance|5.00|1003D574|Zephyra Hana|1007690F|Nonohiko Kojama|00|226488|205207|731d3b989ef2e426
38|2026-09-18T22:43:16.9790000-04:00|1004F18C|Abnar Fae|00646415|311689|325333|10000|10000|10||93.98|104.69|-0.02|-0.53|0|0|0|0A2D|42700000|10020C04|29CE0030|44D8792A|1004F18C|5B|0|1004F18C|29D50031|40C3CE65|1004F18C|0B7A|41610A41|10020C04|0751|40A00000|1003D574|0643|41170603|E0000000|0|0|0|0|0|0|0|0|0|0A94|3DED8D70|1003D574|0|0|0|0|0|0|0|0|0|0|0|0|0|0|0|0|0|0|0|0|0|0|0|0|0|0|0|0|0|0|0|0|0|0|0|0|0|0|0|0|0|0|0|0|0|0|0|0|0|0|0|0|0|0|0|0|0|0A3A|41610A41|10020C04|0F3F|411B0A3F|1003D574|0A75|421042DC|1004F18C|0|0|0|0|0|0|0A67|3F983152|1004F18C|c92bd594a912449a
26|2026-09-18T22:43:16.9790000-04:00|751|Temperance|5.00|1003D574|Zephyra Hana|1004F18C|Abnar Fae|00|325333|205207|349eb61ee2e1edfa
38|2026-09-18T22:43:16.9790000-04:00|10097AAF|Cora Fenix|0064641B|139058|205177|3000|10000|24||94.77|104.17|0.00|-0.71|0|0|0|29CE0030|44EA8B0E|10097AAF|0751|40A00000|1003D574|0B7A|415CC49F|10020C04|0|0|0|0A31|41B31054|10020C04|29D80031|413D1A64|10097AAF|0|0|0|0643|41170603|E0000000|0|0|0|0|0|0|0|0|0|0|0|0|0|0|0|0|0|0|0|0|0|0|0|0|0|0|0|0|0|0|0|0|0|0|0|0|0|0|0|0|0|0|0|0|0|0|0|0|0|0|0|0|0|0|0|0|0|0|0|0|0|0|0|0|0|0|0A3A|415CC49F|10020C04|0F3F|411B0A3F|1003D574|0|0|0|0F22|411F32FF|10097AAF|a79c404e3fe8ce77
26|2026-09-18T22:43:16.9790000-04:00|751|Temperance|5.00|1003D574|Zephyra Hana|10097AAF|Cora Fenix|00|205177|205207|72654145b5bc568b
24|2026-09-18T22:43:16.9790000-04:00|1003D574|Zephyra Hana|HoT|0|20E1|205207|205207|8969|10000|||90.77|108.43|-0.00|2.34|10020C04|Minda Silva|0|204515|204515|6800|10000|||97.57|100.81|0.00|-0.65|c1ed259d6f9cc8fe
24|2026-09-18T22:43:16.9790000-04:00|1008A3F8|Vittorio Dravorn|HoT|0|202A|252882|325090|6000|10000|||90.19|109.57|-0.00|2.38|1003D574|Zephyra Hana|0|205207|205207|8969|10000|||90.77|108.43|-0.00|2.34|68375a83faea33ec
38|2026-09-18T22:43:16.9790000-04:00|1003D574|Zephyra Hana|00646418|205207|205207|9519|10000|23||90.77|108.43|-0.00|2.34|0|0|0|29D20030|44D83BE1|1003D574|04B4|417D4FD0|1003D574|0B7A|41649790|10020C04|0|0|0|0A31|41B2B21F|10020C04|29D90031|3FCED720|1003D574|0|0|0|0642|41164999|E0000000|0|0|0|0750|409578C1|1003D574|0|0|0|0|0|0|0751|409E872B|1003D574|0|0|0|0|0|0|0|0|0|0|0|0|0|0|0|0|0|0|0|0|0|0|0|0|0|0|0|0|0|0|0|0|0|0|0|0|0|0|0|0|0|0|0|0|0|0|0|0|0|0|0|0|0|0|0F3F|411A4DD5|1003D574|0A3A|41649790|10020C04|3885581c3ad013ab
38|2026-09-18T22:43:16.9790000-04:00|1008A3F8|Vittorio Dravorn|00646420|264366|325090|6200|10000|10||90.19|109.57|-0.00|2.38|0|0|0|02E7|0|100E036B|29CE0030|448C8D81|1008A3F8|0751|409E872B|1003D574|0B7A|4166B43C|10020C04|0|0|0|29D50031|40C0E4ED|1008A3F8|0642|41164999|E0000000|0|0|0|0|0|0|0|0|0|0|0|0|0|0|0|0|0|0|0|0|0|0|0|0|0|0|0|0|0|0|0|0|0|0|0|0|0|0|0|0|0|0|0|0|0|0|0|0|0|0|0|0|0|0|0|0|0|0|0|0|0|0|0|0|0|0|0|0|0|0A3A|4166B43C|10020C04|0F3F|411A4DD5|1003D574|1a6701492d28ae6e
261|2026-09-18T22:43:17.0350000-04:00|Change|1008A3F8|CurrentMP|6200|Heading|2.3753|PosX|90.9062|PosY|108.8375|a78b1fba7fc77301
261|2026-09-18T22:43:17.0510000-04:00|Change|40007D19|Radius|6.0000|e6ecd286876e6942
37|2026-09-18T22:43:17.0230000-04:00|40007DC8|Chaos|000033E0|20920410||||||92.21|107.80|0.00|2.39|03277dd7c8069828
21|2026-09-18T22:43:17.0230000-04:00|100B07FE|Erynd Altansarr|1D7A|True North|100B07FE|Erynd Altansarr|E|4E20000|0|0|0|0|0|0|0|0|0|0|0|0|0|0|226668|226668|10000|10000|||95.99|107.86|-0.00|-2.87|226668|226668|10000|10000|||95.99|107.86|-0.00|-2.87|000033E9|0|1|00||01|1D7A|1D7A|0.600|3F90|0fbfa5b29d6659fd
264|2026-09-18T22:43:17.0230000-04:00|100B07FE|1D7A|000033E9|0||||-1.582|100B07FE|85449ce41f740711
38|2026-09-18T22:43:17.0230000-04:00|100B07FE|Erynd Altansarr|00646429|226668|226668|10000|10000|24||95.99|107.86|-0.00|-2.87|0|0|0|29CE0030|4532EFCE|100B07FE|0720|42700000|1007690F|0839|422E66DC|1007690F|0751|409D1EB8|1003D574|0B7A|4161C293|10020C04|0|0|0|0|0|0|0642|41159560|E0000000|0|0|0|0|0|0|29D60031|3C22EA24|100B07FE|0|0|0|0|0|0|0|0|0|0|0|0|0|0|0|0|0|0|0|0|0|0|0|0|0|0|0|0|0|0|0|0|0|0|0|0|0|0|0|0|0|0|0|0|0|0|0|0|0|0|0|0|0|0|0|0|0|0737|422E66DC|1007690F|0EBC|41A038D6|100B07FE|0A3A|4161C293|10020C04|0E55|40F1D45F|100B07FE|0F3F|4119999C|1003D574|0E54|41184A63|100B07FE|0E3F|4201ADD1|100B07FE|04E2|C1200000|100B07FE|256380e0f6cb5231
26|2026-09-18T22:43:17.0230000-04:00|4E2|True North|10.00|100B07FE|Erynd Altansarr|100B07FE|Erynd Altansarr|00|226668|226668|42cd4da9de97cb92
24|2026-09-18T22:43:17.0670000-04:00|100F0C23|Ami Han|HoT|0|2053|226668|226668|10000|10000|||94.98|104.69|-0.00|1.28|1003D574|Zephyra Hana|0|205207|205207|8969|10000|||91.38|107.80|-0.00|2.37|4717f3a7d0a85a5f
00|2026-09-18T22:43:17.1150000-04:00|0030||Abnar FaeExodus loses the effect of Aquaveil.|6fa2306700d21c74
00|2026-09-18T22:43:17.1150000-04:00|0030||Erynd AltansarrCoeurl loses the effect of Medicated.|d263ebd64cb1f99a
38|2026-09-18T22:43:17.0670000-04:00|100F0C23|Ami Han|0064641E|226668|226668|10000|10000|18||94.98|104.69|-0.00|1.28|0|0|0|0A0168|41F00000|E0000000|1E016C|41F00000|E0000000|FF01F0|3F8A1C92|100F0C23|0751|409D2F1A|1003D574|29CE0030|43A2DED9|100F0C23|0B7A|415CC4A0|10020C04|0|0|0|0|0|0|0643|4114E127|E0000000|0|0|0|0|0|0|0|0|0|0A31|41B1FDE5|10020C04|0|0|0|0|0|0|0|0|0|0|0|0|0|0|0|0|0|0|0|0|0|0|0|0|0|0|0|0|0|0|0|0|0|0|0|0|0|0|0|0|0|0|0|0|0|0|0|0|0|0|0|0A81|41B0373D|100F0C23|0|0|0|0A3A|415CC4A0|10020C04|04E2|411C6E99|100F0C23|0F3F|4118E563|1003D574|c07c568422da0bb0
38|2026-09-18T22:43:17.0670000-04:00|1004F18C|Abnar Fae|00646415|311689|325333|10000|10000|10||93.98|104.69|-0.02|-0.53|0|0|0|0A2D|42700000|10020C04|29CE0030|44D874E1|1004F18C|5B|0|1004F18C|29D50031|40BF84AA|1004F18C|0B7A|415EE565|10020C04|0751|409BB645|1003D574|0643|4114E127|E0000000|0|0|0|0|0|0|0|0|0|0|0|0|0|0|0|0|0|0|0|0|0|0|0|0|0|0|0|0|0|0|0|0|0|0|0|0|0|0|0|0|0|0|0|0|0|0|0|0|0|0|0|0|0|0|0|0|0|0|0|0|0|0|0|0|0|0|0|0|0|0A3A|415EE565|10020C04|0F3F|4118E563|1003D574|0A75|420FB9A5|1004F18C|0|0|0|0|0|0|0A67|3F870A68|1004F18C|5f2644beb85162fd
30|2026-09-18T22:43:17.0670000-04:00|A94|Aquaveil|0.00|1003D574|Zephyra Hana|1004F18C|Abnar Fae|00|325333|205207|d1821c9ff0047381
38|2026-09-18T22:43:17.0670000-04:00|100B07FE|Erynd Altansarr|00646429|226668|226668|10000|10000|24||95.99|107.86|-0.00|-2.87|0|0|0|29CE0030|4532EF1A|100B07FE|0720|42700000|1007690F|0839|422E39CE|1007690F|0751|409BB645|1003D574|0B7A|41610E5A|10020C04|0|0|0|0|0|0|0642|4114E127|E0000000|0|0|0|0|0|0|0|0|0|0|0|0|0|0|0|0|0|0|0|0|0|0|0|0|0|0|0|0|0|0|0|0|0|0|0|0|0|0|0|0|0|0|0|0|0|0|0|0|0|0|0|0|0|0|0|0|0|0|0|0|0|0|0|0|0|0|0737|422E39CE|1007690F|0EBC|419FDEB9|100B07FE|0A3A|41610E5A|10020C04|0E55|40F06BEC|100B07FE|0F3F|4118E563|1003D574|0E54|4117962A|100B07FE|0E3F|420180C3|100B07FE|04E2|C1200000|100B07FE|7625c667269e0b6f
30|2026-09-18T22:43:17.0670000-04:00|31|Medicated|0.00|100B07FE|Erynd Altansarr|100B07FE|Erynd Altansarr|29D6|226668|226668|d4c29b271aaa7ef2
39|2026-09-18T22:43:17.1120000-04:00|1007690F|Nonohiko Kojama|59394|226488|10000|10000|||112.31|86.42|-0.00|-0.78|6298749ecc4b1ee8
24|2026-09-18T22:43:17.1120000-04:00|10020C04|Minda Silva|HoT|0|2032|204515|204515|6800|10000|||97.57|100.81|0.00|-0.65|1003D574|Zephyra Hana|0|205207|205207|8969|10000|||91.38|107.80|-0.00|2.37|fd062641ac294c97
38|2026-09-18T22:43:17.1120000-04:00|10020C04|Minda Silva|00646428|204515|204515|6800|10000|19||97.57|100.81|0.00|-0.65|0|0|0|0A0168|41F00000|E0000000|29D20030|451181F5|10020C04|0A2C|42700000|10020C04|0751|409BB645|1003D574|0B7A|4157C294|10020C04|0|0|0|0A31|3C22EAD4|10020C04|0|0|0|0643|411424BD|E0000000|0|0|0|0|0|0|0|0|0|0|0|0|0|0|0|0|0|0|0|0|0|0|0|0|0|0|0|0|0|0|0|0|0|0|0|0|0|0|0|0|0|0|0|0|0|0|0|0|0|0|0|0|0|0|0|0|0|0|0|0|0|0|0|0A3A|4157C294|10020C04|0F3F|411828F9|1003D574|7d14883141c8ccc2
261|2026-09-18T22:43:17.1610000-04:00|Change|40007E71|ModelStatus|16384|ec4107b24a65b1cc
22|2026-09-18T22:43:17.1560000-04:00|40007EAF|Topaz Titan|64FD|Earthen Fury|40007DC8|Chaos|450003|8F830000|1B|64FD8000|0|0|0|0|0|0|0|0|0|0|0|0|20920410|37552669|10000|10000|||92.21|107.80|0.00|2.39|186345|195285|10000|10000|||94.60|101.71|0.00|-0.71|000033EA|0|2|10097AAF|Cora Fenix|01|64FD|64FD|4.100|633B|d54a2c6a54cd0cf1
22|2026-09-18T22:43:17.1560000-04:00|40007EAF|Topaz Titan|64FD|Earthen Fury|40007DC7|Exdeath|454003|67434001|1B|64FD8000|0|0|0|0|0|0|0|0|0|0|0|0|27345861|37552669|10000|10000|||91.66|107.87|0.00|-0.74|186345|195285|10000|10000|||94.60|101.71|0.00|-0.71|000033EA|1|2|10097AAF|Cora Fenix|01|64FD|64FD|4.100|633B|f299103716411c8f
264|2026-09-18T22:43:17.1560000-04:00|40007EAF|64FD|000033EA|1|-0.015|-0.015|-0.015|-0.706|40007DC7|d925d3ae88cb8ffc
24|2026-09-18T22:43:17.1560000-04:00|1007690F|Nonohiko Kojama|HoT|0|2087|59394|226488|10000|10000|||111.77|86.97|-0.00|-0.78|10020C04|Minda Silva|0|204515|204515|6800|10000|||97.57|100.81|0.00|-0.65|f7b0f2a2341dd345
38|2026-09-18T22:43:17.1560000-04:00|10020C04|Minda Silva|00646428|204515|204515|6800|10000|17||97.57|100.81|0.00|-0.65|0|0|0|0A0168|41F00000|E0000000|29D20030|45118145|10020C04|0A2C|42700000|10020C04|0751|409A5603|1003D574|0B7A|41571273|10020C04|0|0|0|0|0|0|0|0|0|0643|4113749C|E0000000|0|0|0|0|0|0|0|0|0|0|0|0|0|0|0|0|0|0|0|0|0|0|0|0|0|0|0|0|0|0|0|0|0|0|0|0|0|0|0|0|0|0|0|0|0|0|0|0|0|0|0|0|0|0|0|0|0|0|0|0|0|0|0|0A3A|41571273|10020C04|0F3F|411778D8|1003D574|517150bfbbe1569f
30|2026-09-18T22:43:17.1560000-04:00|A31|Eukrasian Prognosis|0.00|10020C04|Minda Silva|10020C04|Minda Silva|00|204515|204515|8f6be25de206c3e5
38|2026-09-18T22:43:17.1560000-04:00|1007690F|Nonohiko Kojama|00646426|67721|226488|10000|10000|0||111.77|86.97|-0.00|-0.78|0|0|0|29CE0030|44B21408|1007690F|071F|42700000|1007690F|0B7A|41660834|10020C04|0751|409A5603|1003D574|0|0|0|0|0|0|0|0|0|0643|4113749C|E0000000|0|0|0|0|0|0|0|0|0|0|0|0|0|0|0|0|0|0|0|0|0|0|0|0|0|0|0|0|0|0|0|0|0|0|0|0|0|0|0|0|0|0|0|0|0|0|0|0|0|0|0|0|0|0|0|0|0|0|0|0|0|0|0|0|0|0|0|0|0|071D|422DDEAB|1007690F|0737|422DDEAB|1007690F|0A3A|41660834|10020C04|b9e4d68709ed20e5
21|2026-09-18T22:43:17.2010000-04:00|1007690F|Nonohiko Kojama|3E8A|En Avant|1007690F|Nonohiko Kojama|0|0|0|0|0|0|0|0|0|0|0|0|0|0|0|0|59394|226488|10000|10000|||111.77|86.97|-0.00|-0.78|59394|226488|10000|10000|||111.77|86.97|-0.00|-0.78|000033EB|0|1|00||01|3E8A|3E8A|0.600|620E|1b4de784fcffe4f7
264|2026-09-18T22:43:17.2010000-04:00|1007690F|3E8A|000033EB|0||||-0.735|1007690F|fbbdfe08e4f3f567
00|2026-09-18T22:43:17.2030000-04:00|0030||You lose the effect of Eukrasian Prognosis.|80645025a0268675
00|2026-09-18T22:43:17.2940000-04:00|002D||Abnar FaeExodus's Kardia restores 13954 of her HP.|95ce206dabb871d1
24|2026-09-18T22:43:17.2900000-04:00|1004F18C|Abnar Fae|HoT|A2C|3682|311689|325333|10000|10000|||93.98|104.69|-0.02|-0.53|10020C04|Minda Silva|0|204515|204515|6800|10000|||97.57|100.81|0.00|-0.65|26866e50b967617a
37|2026-09-18T22:43:17.2900000-04:00|40007DC8|Chaos|000033E6|20875927||||||92.21|107.80|0.00|2.39|e668442f4ac63535
38|2026-09-18T22:43:17.2900000-04:00|1004F18C|Abnar Fae|00646415|325333|325333|10000|10000|10||93.98|104.69|-0.02|-0.53|0|0|0|0A2D|42700000|10020C04|29CE0030|44D86DBE|1004F18C|5B|0|1004F18C|29D50031|40B861D8|1004F18C|0B7A|415B53FD|10020C04|0751|40949373|1003D574|0643|41114FBF|E0000000|0|0|0|0|0|0|0|0|0|0|0|0|0|0|0|0|0|0|0|0|0|0|0|0|0|0|0|0|0|0|0|0|0|0|0|0|0|0|0|0|0|0|0|0|0|0|0|0|0|0|0|0|0|0|0|0|0|0|0|0|0|0|0|0|0|0|0|0|0|0A3A|415B53FD|10020C04|0F3F|411553FB|1003D574|0A75|420ED54C|1004F18C|0|0|0|0|0|0|0A67|3F54FE48|1004F18C|28a39a8faf08d3d3
261|2026-09-18T22:43:17.3400000-04:00|Change|40007DC5|ModelStatus|16384|f31ea5f420d74b9a
00|2026-09-18T22:43:17.3780000-04:00|002B||Abnar FaeExodus uses Inner Chaos.|80d0d815b21b424d
00|2026-09-18T22:43:17.3780000-04:00|0029||   Critical direct hit! Chaos takes 127844 damage.|ebcd96d5e99bc306
00|2026-09-18T22:43:17.3780000-04:00|002B||Zephyra HanaMidgardsormr begins casting Glare III.|dba4dba63d60cb73
00|2026-09-18T22:43:17.3780000-04:00|002B||Zephyra HanaMidgardsormr uses Divine Caress.|5bc080070c12e66c
00|2026-09-18T22:43:17.3780000-04:00|002E||   Zephyra HanaMidgardsormr gains the effect of Divine Caress.|d9c73d63d894c30d
00|2026-09-18T22:43:17.3780000-04:00|002E||   Vittorio DravornCoeurl gains the effect of Divine Caress.|39b50c6ad05468c7
00|2026-09-18T22:43:17.3780000-04:00|002E||   Abnar FaeExodus gains the effect of Divine Caress.|7c05151757a529d8
00|2026-09-18T22:43:17.3780000-04:00|002E||   Erynd AltansarrCoeurl gains the effect of Divine Caress.|41e60656e06c6dbf
00|2026-09-18T22:43:17.3780000-04:00|002E||   Ami HanMidgardsormr gains the effect of Divine Caress.|f2dff93b17c57592
20|2026-09-18T22:43:17.3340000-04:00|1003D574|Zephyra Hana|6503|Glare III|40007DC8|Chaos|1.450|92.54|106.60|-0.00|2.38|05b4aaaefa89c70d
263|2026-09-18T22:43:17.3340000-04:00|1003D574|6503|92.210|107.805|0.168|-0.370|0f18940e4339b3ac
00|2026-09-18T22:43:17.3930000-04:00|002E||   Cora FenixLeviathan gains the effect of Divine Caress.|3866b5e70eb7d048
00|2026-09-18T22:43:17.3930000-04:00|002E||   You gain the effect of Divine Caress.|8b178e861e3308d9
261|2026-09-18T22:43:17.4410000-04:00|Change|1003D574|CastBuffID|25859|CastDurationCurrent|0.0828|CastDurationMax|1.4500|CastTargetID|40007DC8|CurrentMP|9519|Heading|1.8524|IsCasting1|1|IsCasting2|1|PosX|92.6008|PosY|106.5294|PosZ|-0.0007|0f7764bb8f2bc01e
37|2026-09-18T22:43:17.4240000-04:00|40007DC8|Chaos|000033E8|20748083||||||92.21|107.80|0.00|2.39|da55b6934d595a6a
24|2026-09-18T22:43:17.4240000-04:00|1004F18C|Abnar Fae|HoT|0|2267|325333|325333|10000|10000|||93.98|104.69|-0.02|-0.53|1004F18C|Abnar Fae|0|325333|325333|10000|10000|||93.98|104.69|-0.02|-0.53|94d2f0fcb61cd680
21|2026-09-18T22:43:17.4240000-04:00|100F0C23|Ami Han|DEB|Armor Crush|40007DC8|Chaos|34712003|F56C0000|23E|1478000|A3E|9F8000|53E|9F8000|11B|DEB8000|0|0|0|0|0|0|20748083|37552669|10000|10000|||92.21|107.80|0.00|2.39|226668|226668|10000|10000|||95.02|104.72|0.00|-0.74|000033EC|0|1|00||01|DEB|DEB|0.600|61C6|d094777349028f29
264|2026-09-18T22:43:17.4240000-04:00|100F0C23|0DEB|000033EC|0||||-0.742|40007DC8|32bb33507ce55167
38|2026-09-18T22:43:17.4240000-04:00|1004F18C|Abnar Fae|00646415|325333|325333|10000|10000|10||93.98|104.69|-0.02|-0.53|0|0|0|0A2D|42700000|10020C04|29CE0030|44D86974|1004F18C|5B|0|1004F18C|29D50031|40B4181D|1004F18C|0B7A|41592F20|10020C04|0751|409049B8|1003D574|0643|410F2AE2|E0000000|0|0|0|0|0|0|0|0|0|0|0|0|0|0|0|0|0|0|0|0|0|0|0|0|0|0|0|0|0|0|0|0|0|0|0|0|0|0|0|0|0|0|0|0|0|0|0|0|0|0|0|0|0|0|0|0|0|0|0|0|0|0|0|0|0|0|0|0|0|0A3A|41592F20|10020C04|0F3F|41132F1E|1003D574|0A75|420E4C16|1004F18C|0|0|0|0|0|0|0A67|3F32B075|1004F18C|b385ea17d8666b2b
00|2026-09-18T22:43:17.5180000-04:00|002B||Erynd AltansarrCoeurl uses True North.|e6f4a849a4b85df9
00|2026-09-18T22:43:17.5180000-04:00|002E||   Erynd AltansarrCoeurl gains the effect of True North.|503df74fc8113488
24|2026-09-18T22:43:17.5130000-04:00|10097AAF|Cora Fenix|HoT|0|37D6|139058|205177|3000|10000|||94.77|104.17|0.00|-0.71|10097AAF|Cora Fenix|0|139058|205177|3000|10000|||94.77|104.17|0.00|-0.71|8c475836f6003164
38|2026-09-18T22:43:17.5130000-04:00|10097AAF|Cora Fenix|0064641B|153352|205177|3000|10000|24||94.77|104.17|0.00|-0.71|0|0|0|29CE0030|44EA787F|10097AAF|0751|408D70A1|1003D574|0B7A|41537CF3|10020C04|0|0|0|0A31|41AE6C7C|10020C04|29D80031|4133D2B8|10097AAF|0|0|0|0643|410DBE57|E0000000|0|0|0|0|0|0|0|0|0|0|0|0|0|0|0|0|0|0|0|0|0|0|0|0|0|0|0|0|0|0|0|0|0|0|0|0|0|0|0|0|0|0|0|0|0|0|0|0|0|0|0|0|0|0|0|0|0|0|0|0|0|0|0|0|0|0|0A3A|41537CF3|10020C04|0F3F|4111C293|1003D574|0|0|0|0F22|4115EB53|10097AAF|29213b64d4f4dbd7
00|2026-09-18T22:43:17.5490000-04:00|002B||You cast Dosis III.|d25c4887d2996fd8
00|2026-09-18T22:43:17.5490000-04:00|0029||   Chaos takes 44483 damage.|22e18fbe4e0a9a86
261|2026-09-18T22:43:17.5940000-04:00|Change|1007690F|Heading|-0.7349|PosX|107.6553|PosY|91.4930|PosZ|-0.0001|ab80ac504e607a9e
261|2026-09-18T22:43:17.5940000-04:00|Change|10097AAF|CurrentMP|2700|b8fbceba28bffcfd
261|2026-09-18T22:43:17.5940000-04:00|Change|40007DC4|Heading|-0.0000|PosX|100.0000|PosY|80.0000|PosZ|-0.0000|1b8d1efa8ed7c18b
37|2026-09-18T22:43:17.5570000-04:00|100B07FE|Erynd Altansarr|000033E9|226668|226668|10000|10000|24||96.06|106.75|-0.00|-1.42|2900|0|0|01|250004E2|0|41200000|100B07FE|b4e36813341cbf70
271|2026-09-18T22:43:17.5570000-04:00|40007DC4|-0.0000|00|00|100.0000|80.0000|0.0000|60e2af7b433479f9
21|2026-09-18T22:43:17.5570000-04:00|10097AAF|Cora Fenix|64E0|Topaz Rite|40007DC7|Exdeath|450003|91290000|F|B258000|1B|64E08000|0|0|0|0|0|0|0|0|0|0|27345861|37552669|10000|10000|||91.66|107.87|0.00|-0.74|139058|205177|3000|10000|||94.77|104.17|0.00|-0.71|000033ED|0|1|00||01|64E0|64E0|0.600|633B|171350812f6a7871
264|2026-09-18T22:43:17.5570000-04:00|10097AAF|64E0|000033ED|0||||-0.706|40007DC7|8194456916158753
38|2026-09-18T22:43:17.5570000-04:00|10097AAF|Cora Fenix|0064641B|153352|205177|2700|10000|24||94.77|104.17|0.00|-0.71|0|0|0|29CE0030|44EA770E|10097AAF|0751|408BFFFD|1003D574|0B7A|4152C4A1|10020C04|0|0|0|0A31|41AE1053|10020C04|29D80031|41331A66|10097AAF|0|0|0|0643|410D0605|E0000000|0|0|0|0|0|0|0|0|0|0|0|0|0|0|0|0|0|0|0|0|0|0|0|0|0|0|0|0|0|0|0|0|0|0|0|0|0|0|0|0|0|0|0|0|0|0|0|0|0|0|0|0|0|0|0|0|0|0|0|0|0|0|0|0|0|0|0A3A|4152C4A1|10020C04|0F3F|41110A41|1003D574|0B25|80000000|10097AAF|0F22|41153301|10097AAF|401e93dd482b915d
26|2026-09-18T22:43:17.5570000-04:00|B25|Titan's Favor|9999.00|10097AAF|Cora Fenix|10097AAF|Cora Fenix|00|205177|205177|f1ca921f2def0b47
38|2026-09-18T22:43:17.5570000-04:00|100B07FE|Erynd Altansarr|00646429|226668|226668|10000|10000|24||96.06|106.75|-0.00|-1.42|0|0|0|29CE0030|4532E742|100B07FE|0720|42700000|1007690F|0839|422C4309|1007690F|0751|408BFFFD|1003D574|0B7A|41593338|10020C04|0|0|0|0|0|0|0642|410D0605|E0000000|0|0|0|0|0|0|0|0|0|0|0|0|0|0|0|0|0|0|0|0|0|0|0|0|0|0|0|0|0|0|0|0|0|0|0|0|0|0|0|0|0|0|0|0|0|0|0|0|0|0|0|0|0|0|0|0|0|0|0|0|0|0|0|0|0|0|0737|422C4309|1007690F|0EBC|419BF127|100B07FE|0A3A|41593338|10020C04|0E55|40E0B5A4|100B07FE|0F3F|41110A41|1003D574|0E54|410FBB08|100B07FE|0E3F|41FF13F9|100B07FE|04E2|411F47AE|100B07FE|cab33f64c192ef62
00|2026-09-18T22:43:17.6500000-04:00|002B||Nonohiko KojamaFamfrit uses En Avant.|d8d7b5066524368d
00|2026-09-18T22:43:17.6940000-04:00|0029||Abnar FaeExodus hits Chaos for 8102 damage.|243f9e1e90b2366c
00|2026-09-18T22:43:17.6940000-04:00|0029||Direct hit! Ami HanMidgardsormr hits Chaos for 7964 damage.|80a526ffe99edcc0
261|2026-09-18T22:43:17.6810000-04:00|Change|40007E63|CurrentMP|0|Heading|2.6227|MaxHP|0|MaxMP|0|PCTargetID|0|PosX|89.5247|PosY|111.6196|PosZ|0.0000|24aaa13bce0083d4
37|2026-09-18T22:43:17.6470000-04:00|1003D574|Zephyra Hana|000033E7|205207|205207|9519|10000|23||92.70|106.41|-0.00|0.47|1800|0|0|01|1F000F3F|0|41105608|1003D574|f5f131e72b109380
22|2026-09-18T22:43:17.6470000-04:00|40007DC4|Kefka|BAE3|Ultima Blaster|1007690F|Nonohiko Kojama|750003|8CED0000|1B|BAE38000|0|0|0|0|0|0|0|0|0|0|0|0|67721|226488|10000|10000|||106.91|92.32|-0.00|-0.73|9415000|9415000|10000|10000|||100.00|80.00|-0.00|-0.00|000033EE|0|8|00||01|BAE3|BAE3|1.800|7FFF|0f9b4ee70c5a31d3
22|2026-09-18T22:43:17.6470000-04:00|40007DC4|Kefka|BAE3|Ultima Blaster|10020C04|Minda Silva|750003|0|1B|BAE38000|0|0|0|0|0|0|0|0|0|0|0|0|204515|204515|6800|10000|||97.57|100.81|0.00|-0.65|9415000|9415000|10000|10000|||100.00|80.00|-0.00|-0.00|000033EE|1|8|00||01|BAE3|BAE3|1.800|7FFF|2e6ead97ebaa569a
22|2026-09-18T22:43:17.6470000-04:00|40007DC4|Kefka|BAE3|Ultima Blaster|10097AAF|Cora Fenix|750003|0|1B|BAE38000|0|0|0|0|0|0|0|0|0|0|0|0|153352|205177|2700|10000|||94.77|104.17|0.00|-0.71|9415000|9415000|10000|10000|||100.00|80.00|-0.00|-0.00|000033EE|2|8|00||01|BAE3|BAE3|1.800|7FFF|2451e3eb2ec76386
22|2026-09-18T22:43:17.6470000-04:00|40007DC4|Kefka|BAE3|Ultima Blaster|100F0C23|Ami Han|750003|0|1B|BAE38000|0|0|0|0|0|0|0|0|0|0|0|0|226668|226668|10000|10000|||95.02|104.72|0.00|-0.74|9415000|9415000|10000|10000|||100.00|80.00|-0.00|-0.00|000033EE|3|8|00||01|BAE3|BAE3|1.800|7FFF|51fb15d27bbbf104
22|2026-09-18T22:43:17.6470000-04:00|40007DC4|Kefka|BAE3|Ultima Blaster|1004F18C|Abnar Fae|750003|0|1B|BAE38000|0|0|0|0|0|0|0|0|0|0|0|0|325333|325333|10000|10000|||93.98|104.69|-0.02|-0.53|9415000|9415000|10000|10000|||100.00|80.00|-0.00|-0.00|000033EE|4|8|00||01|BAE3|BAE3|1.800|7FFF|abeb126ba06626d3
22|2026-09-18T22:43:17.6470000-04:00|40007DC4|Kefka|BAE3|Ultima Blaster|1008A3F8|Vittorio Dravorn|750003|0|1B|BAE38000|0|0|0|0|0|0|0|0|0|0|0|0|264366|325090|6200|10000|||93.47|105.95|-0.00|2.42|9415000|9415000|10000|10000|||100.00|80.00|-0.00|-0.00|000033EE|5|8|00||01|BAE3|BAE3|1.800|7FFF|4f3bd364fff1acef
22|2026-09-18T22:43:17.6470000-04:00|40007DC4|Kefka|BAE3|Ultima Blaster|100B07FE|Erynd Altansarr|750003|0|1B|BAE38000|0|0|0|0|0|0|0|0|0|0|0|0|226668|226668|10000|10000|||96.07|106.64|-0.02|-1.37|9415000|9415000|10000|10000|||100.00|80.00|-0.00|-0.00|000033EE|6|8|00||01|BAE3|BAE3|1.800|7FFF|ea5226237e614ff6
22|2026-09-18T22:43:17.6470000-04:00|40007DC4|Kefka|BAE3|Ultima Blaster|1003D574|Zephyra Hana|750003|0|1B|BAE38000|0|0|0|0|0|0|0|0|0|0|0|0|205207|205207|9519|10000|||92.70|106.41|-0.00|0.47|9415000|9415000|10000|10000|||100.00|80.00|-0.00|-0.00|000033EE|7|8|00||01|BAE3|BAE3|1.800|7FFF|aab353f60a7ce873
264|2026-09-18T22:43:17.6470000-04:00|40007DC4|BAE3|000033EE|1|-0.015|-0.015|-0.015|-0.000|40007DC4|716d5d514e1ff7db
21|2026-09-18T22:43:17.6470000-04:00|1004F18C|Abnar Fae|07|attack|40007DC8|Chaos|710003|1FA60000|0|0|0|0|0|0|0|0|0|0|0|0|0|0|20748083|37552669|10000|10000|||92.21|107.80|0.00|2.39|325333|325333|10000|10000|||93.98|104.69|-0.02|-0.53|000033EF|0|1|00||01|07|07|0.100|6A99|684f1739d6a6745c
264|2026-09-18T22:43:17.6470000-04:00|1004F18C|0007|000033EF|0||||-0.525|40007DC8|d753bb511ceb2a2c
21|2026-09-18T22:43:17.6910000-04:00|100F0C23|Ami Han|07|attack|40007DC8|Chaos|714003|1F1C0000|0|0|0|0|0|0|0|0|0|0|0|0|0|0|20748083|37552669|10000|10000|||92.21|107.80|0.00|2.39|226668|226668|10000|10000|||95.02|104.72|0.00|-0.74|000033F0|0|1|00||01|07|07|0.332|61C6|0126e825968d03ba
264|2026-09-18T22:43:17.6910000-04:00|100F0C23|0007|000033F0|0||||-0.742|40007DC8|0dbfaf5cabf3c403
38|2026-09-18T22:43:17.6910000-04:00|40007E63|Esteem|00646400|0|0|0|0|0||89.52|111.62|0.00|2.62|0|0|0|02E7|0|100E036B|29CE0030|448C76B9|1008A3F8|3928bbaa837c4fb0
30|2026-09-18T22:43:17.6910000-04:00|31|Medicated|0.00|1008A3F8|Vittorio Dravorn|40007E63|Esteem|29D5|215512|325090|23bf2439c7796c21
261|2026-09-18T22:43:17.7220000-04:00|Change|40007DC4|ModelStatus|0|84cc0ce59c2056dc
37|2026-09-18T22:43:17.7810000-04:00|1008A3F8|Vittorio Dravorn|000033E7|264366|325090|6200|10000|10||93.47|105.95|-0.00|2.42|2001|0|0|01|1F000F3F|0|410E2D13|1003D574|0b917156881f3437
22|2026-09-18T22:43:17.8270000-04:00|1007690F|Nonohiko Kojama|3E8C|Shield Samba|1007690F|Nonohiko Kojama|F10E|7220000|0|0|0|0|0|0|0|0|0|0|0|0|0|0|67721|226488|10000|10000|||105.00|94.44|-0.00|-0.73|67721|226488|10000|10000|||105.00|94.44|-0.00|-0.73|000033F1|0|8|00||01|3E8C|3E8C|0.600|620E|c629ccbe0a20b64b
22|2026-09-18T22:43:17.8270000-04:00|1007690F|Nonohiko Kojama|3E8C|Shield Samba|10020C04|Minda Silva|F10E|7220000|0|0|0|0|0|0|0|0|0|0|0|0|0|0|204515|204515|6800|10000|||97.57|100.81|0.00|-0.65|67721|226488|10000|10000|||105.00|94.44|-0.00|-0.73|000033F1|1|8|00||01|3E8C|3E8C|0.600|620E|85cb4a6b6ee2a003
22|2026-09-18T22:43:17.8270000-04:00|1007690F|Nonohiko Kojama|3E8C|Shield Samba|10097AAF|Cora Fenix|F10E|7220000|0|0|0|0|0|0|0|0|0|0|0|0|0|0|153352|205177|2700|10000|||94.77|104.17|0.00|-0.71|67721|226488|10000|10000|||105.00|94.44|-0.00|-0.73|000033F1|2|8|00||01|3E8C|3E8C|0.600|620E|e9ca04654d5eb0cd
22|2026-09-18T22:43:17.8270000-04:00|1007690F|Nonohiko Kojama|3E8C|Shield Samba|100F0C23|Ami Han|F10E|7220000|0|0|0|0|0|0|0|0|0|0|0|0|0|0|226668|226668|10000|10000|||95.02|104.72|0.00|-0.74|67721|226488|10000|10000|||105.00|94.44|-0.00|-0.73|000033F1|3|8|00||01|3E8C|3E8C|0.600|620E|4679d6d112bfa45f
22|2026-09-18T22:43:17.8270000-04:00|1007690F|Nonohiko Kojama|3E8C|Shield Samba|1008A3F8|Vittorio Dravorn|F10E|7220000|0|0|0|0|0|0|0|0|0|0|0|0|0|0|264366|325090|6200|10000|||93.95|105.43|-0.00|2.41|67721|226488|10000|10000|||105.00|94.44|-0.00|-0.73|000033F1|4|8|00||01|3E8C|3E8C|0.600|620E|6177f9dcb492ef61
22|2026-09-18T22:43:17.8270000-04:00|1007690F|Nonohiko Kojama|3E8C|Shield Samba|100B07FE|Erynd Altansarr|F10E|7220000|0|0|0|0|0|0|0|0|0|0|0|0|0|0|226668|226668|10000|10000|||96.07|106.56|-0.00|-1.32|67721|226488|10000|10000|||105.00|94.44|-0.00|-0.73|000033F1|5|8|00||01|3E8C|3E8C|0.600|620E|62969c04abc5986f
22|2026-09-18T22:43:17.8270000-04:00|1007690F|Nonohiko Kojama|3E8C|Shield Samba|1004F18C|Abnar Fae|F10E|7220000|0|0|0|0|0|0|0|0|0|0|0|0|0|0|325333|325333|10000|10000|||93.98|104.69|-0.02|-0.53|67721|226488|10000|10000|||105.00|94.44|-0.00|-0.73|000033F1|6|8|00||01|3E8C|3E8C|0.600|620E|4c89e27365dc7dcb
22|2026-09-18T22:43:17.8270000-04:00|1007690F|Nonohiko Kojama|3E8C|Shield Samba|1003D574|Zephyra Hana|F10E|7220000|0|0|0|0|0|0|0|0|0|0|0|0|0|0|205207|205207|9519|10000|||92.75|106.36|-0.01|-0.18|67721|226488|10000|10000|||105.00|94.44|-0.00|-0.73|000033F1|7|8|00||01|3E8C|3E8C|0.600|620E|9a50b241e48cea05
264|2026-09-18T22:43:17.8270000-04:00|1007690F|3E8C|000033F1|1|-0.015|-0.015|-0.015|-0.735|1007690F|59ea92f28c19c524
38|2026-09-18T22:43:17.8270000-04:00|10020C04|Minda Silva|00646428|204515|204515|6800|10000|17||97.57|100.81|0.00|-0.65|0|0|0|0A0168|41F00000|E0000000|29D20030|4511768D|10020C04|0A2C|42700000|10020C04|0751|4084DD2B|1003D574|0B7A|414C560A|10020C04|0|0|0|0|0|0|0|0|0|0643|4108B833|E0000000|0|0|0|0|0|0|0|0|0|0|0|0|0|0|0|0|0|0|0|0|0|0|0|0|0|0|0|0|0|0|0|0|0|0|0|0|0|0|0|0|0|0|0|0|0|0|0|0|0|0|0|0|0|0|0|0|0|0|0|0|0|0|0|0A3A|414C560A|10020C04|0F3F|410CBC6F|1003D574|0722|C1700000|1007690F|aa02db2e88a25ab9
26|2026-09-18T22:43:17.8270000-04:00|722|Shield Samba|15.00|1007690F|Nonohiko Kojama|10020C04|Minda Silva|00|204515|226488|bcf1d89be8e34cdc
38|2026-09-18T22:43:17.8270000-04:00|1007690F|Nonohiko Kojama|00646426|67721|226488|10000|10000|0||105.00|94.44|-0.00|-0.73|0|0|0|29CE0030|44B1FE8E|1007690F|071F|42700000|1007690F|0B7A|415B4BCB|10020C04|0751|4084DD2B|1003D574|0|0|0|0|0|0|0|0|0|0643|4108B833|E0000000|0|0|0|0|0|0|0|0|0|0|0|0|0|0|0|0|0|0|0|0|0|0|0|0|0|0|0|0|0|0|0|0|0|0|0|0|0|0|0|0|0|0|0|0|0|0|0|0|0|0|0|0|0|0|0|0|0|0|0|0|0|0|0|0|0|0|0722|C1700000|1007690F|071D|422B2F96|1007690F|0737|422B2F96|1007690F|0A3A|415B4BCB|10020C04|021c9951977006d6
26|2026-09-18T22:43:17.8270000-04:00|722|Shield Samba|15.00|1007690F|Nonohiko Kojama|1007690F|Nonohiko Kojama|00|226488|226488|89108a6a6ce53a79
38|2026-09-18T22:43:17.8270000-04:00|100F0C23|Ami Han|0064641E|226668|226668|10000|10000|18||95.02|104.72|0.00|-0.74|0|0|0|0A0168|41F00000|E0000000|1E016C|41F00000|E0000000|FF01F0|3EA3538C|100F0C23|0751|4084DD2B|1003D574|29CE0030|43A27D8D|100F0C23|0B7A|41509BAC|10020C04|0|0|0|0|0|0|0643|4108B833|E0000000|0|0|0|0|0|0|0|0|0|0A31|41ABE969|10020C04|0|0|0|0|0|0|0|0|0|0|0|0|0|0|0|0|0|0|0|0|0|0|0|0|0|0|0|0|0|0|0|0|0|0|0|0|0|0|0|0|0|0|0|0|0|0|0|0|0|0|0|0A81|41AA22C1|100F0C23|0722|C1700000|1007690F|0A3A|41509BAC|10020C04|04E2|411045A5|100F0C23|0F3F|410CBC6F|1003D574|da61e1d894f9b229
26|2026-09-18T22:43:17.8270000-04:00|722|Shield Samba|15.00|1007690F|Nonohiko Kojama|100F0C23|Ami Han|00|226668|226488|5d4891267ab8bc47
38|2026-09-18T22:43:17.8270000-04:00|1003D574|Zephyra Hana|00646418|205207|205207|9519|10000|23||92.75|106.36|-0.01|-0.18|0|0|0|29D20030|44D820BE|1003D574|04B4|416FBE6A|1003D574|0B7A|4157062A|10020C04|0|0|0|0A31|41ABE969|10020C04|29D90031|3F4497BA|1003D574|0|0|0|0642|4108B833|E0000000|0|0|0|0750|4074ABD9|1003D574|0|0|0|0|0|0|0751|40836456|1003D574|0|0|0|0|0|0|0|0|0|0|0|0|0|0|0|0|0|0|0|0|0|0|0|0|0|0|0|0|0|0|0|0|0|0|0|0|0|0|0|0|0|0|0|0|0|0|0|0|0|0|0|0722|C1700000|1007690F|0F3F|410CBC6F|1003D574|0A3A|4157062A|10020C04|f17c7f80b87bd78a
26|2026-09-18T22:43:17.8270000-04:00|722|Shield Samba|15.00|1007690F|Nonohiko Kojama|1003D574|Zephyra Hana|00|205207|226488|555699722341e778
38|2026-09-18T22:43:17.8270000-04:00|1004F18C|Abnar Fae|00646415|325333|325333|10000|10000|10||93.98|104.69|-0.02|-0.53|0|0|0|0A2D|42700000|10020C04|29CE0030|44D85C8E|1004F18C|5B|0|1004F18C|29D50031|40A732BB|1004F18C|0B7A|4152BC71|10020C04|0751|40836456|1003D574|0643|4108B833|E0000000|0|0|0|0|0|0|0|0|0|0|0|0|0|0|0|0|0|0|0|0|0|0|0|0|0|0|0|0|0|0|0|0|0|0|0|0|0|0|0|0|0|0|0|0|0|0|0|0|0|0|0|0|0|0|0|0|0|0|0|0|0|0|0|0|0|0|0|0|0|0A3A|4152BC71|10020C04|0F3F|410CBC6F|1003D574|0A75|420CAF6D|1004F18C|0722|C1700000|1007690F|0|0|0|0A67|3E970AE4|1004F18C|fbbc02ae73a0e7f1
26|2026-09-18T22:43:17.8270000-04:00|722|Shield Samba|15.00|1007690F|Nonohiko Kojama|1004F18C|Abnar Fae|00|325333|226488|b7754952e795eea3
38|2026-09-18T22:43:17.8270000-04:00|10097AAF|Cora Fenix|0064641B|153352|205177|2700|10000|24||94.77|104.17|0.00|-0.71|0|0|0|29CE0030|44EA6E72|10097AAF|0751|40836456|1003D574|0B7A|414E76CF|10020C04|0|0|0|0A31|41ABE969|10020C04|29D80031|412ECC94|10097AAF|0|0|0|0643|4108B833|E0000000|0|0|0|0|0|0|0|0|0|0|0|0|0|0|0|0|0|0|0|0|0|0|0|0|0|0|0|0|0|0|0|0|0|0|0|0|0|0|0|0|0|0|0|0|0|0|0|0|0|0|0|0|0|0|0|0|0|0|0|0|0|0|0|0|0|0|0A3A|414E76CF|10020C04|0F3F|410CBC6F|1003D574|0B25|80000000|10097AAF|0F22|4110E52F|10097AAF|0722|C1700000|1007690F|bfb561fa4e6e47ac
26|2026-09-18T22:43:17.8270000-04:00|722|Shield Samba|15.00|1007690F|Nonohiko Kojama|10097AAF|Cora Fenix|00|205177|226488|071f8dc75ccd52a1
38|2026-09-18T22:43:17.8270000-04:00|1008A3F8|Vittorio Dravorn|00646420|264366|325090|6200|10000|10||93.95|105.43|-0.00|2.41|0|0|0|02E7|0|100E036B|29CE0030|448C725E|1008A3F8|0751|40836456|1003D574|0B7A|415922D6|10020C04|0|0|0|29D50031|40A5C218|1008A3F8|0642|4108B833|E0000000|0|0|0|0|0|0|0|0|0|0|0|0|0|0|0|0|0|0|0|0|0|0|0|0|0|0|0|0|0|0|0|0|0|0|0|0|0|0|0|0|0|0|0|0|0|0|0|0|0|0|0|0|0|0|0|0|0|0|0|0|0|0|0|0|0|0|0|0|0|0A3A|415922D6|10020C04|0F3F|410CBC6F|1003D574|0722|C1700000|1007690F|3afa4fb71b32637e
26|2026-09-18T22:43:17.8270000-04:00|722|Shield Samba|15.00|1007690F|Nonohiko Kojama|1008A3F8|Vittorio Dravorn|00|325090|226488|88ab497f6dee8f2b
38|2026-09-18T22:43:17.8270000-04:00|100B07FE|Erynd Altansarr|00646429|226668|226668|10000|10000|24||96.07|106.56|-0.00|-1.32|0|0|0|29CE0030|4532E2F6|100B07FE|0720|42700000|1007690F|0839|422B2F96|1007690F|0751|40836456|1003D574|0B7A|4154E566|10020C04|0|0|0|0|0|0|0642|4108B833|E0000000|0|0|0|0|0|0|0|0|0|0|0|0|0|0|0|0|0|0|0|0|0|0|0|0|0|0|0|0|0|0|0|0|0|0|0|0|0|0|0|0|0|0|0|0|0|0|0|0|0|0|0|0|0|0|0|0|0|0|0|0|0|0|0|0|0|0|0737|422B2F96|1007690F|0EBC|4199CA3D|100B07FE|0A3A|4154E566|10020C04|0E55|40D819FD|100B07FE|0F3F|410CBC6F|1003D574|0E54|410B6D36|100B07FE|0E3F|41FCED0F|100B07FE|04E2|411AF9DC|100B07FE|0722|C1700000|1007690F|69c65b74ef7d7754
26|2026-09-18T22:43:17.8270000-04:00|722|Shield Samba|15.00|1007690F|Nonohiko Kojama|100B07FE|Erynd Altansarr|00|226668|226488|8b4f1e35e9ed2aa9
39|2026-09-18T22:43:17.8700000-04:00|10097AAF|Cora Fenix|155403|205177|2900|10000|||94.77|104.17|0.00|-0.71|933ee9d699effbb2
261|2026-09-18T22:43:17.9020000-04:00|Change|10020C04|CastBuffID|0|CastDurationCurrent|0.0000|CastDurationMax|0.0000|CastTargetID|E0000000|IsCasting1|0|IsCasting2|0|48c669a8746ed68d
261|2026-09-18T22:43:17.9190000-04:00|Change|1008A3F8|Heading|2.4060|PosX|94.2509|PosY|105.1198|PosZ|-0.0013|8244a8c590a0cb32
37|2026-09-18T22:43:17.9140000-04:00|1004F18C|Abnar Fae|000033E7|325333|325333|10000|10000|10||93.98|104.69|-0.02|-0.53|1502|0|0|02|1F000F3F|0|410C0C4E|1003D574|21000722|0|C1700000|1007690F|24d211610e4b7b14
37|2026-09-18T22:43:17.9140000-04:00|1003D574|Zephyra Hana|000033E7|205207|205207|9519|10000|23||92.76|106.34|-0.01|-0.36|1802|0|0|01|1E000722|0|C1700000|1007690F|c3f2f9de13644930
39|2026-09-18T22:43:17.9140000-04:00|10020C04|Minda Silva|204515|204515|7000|10000|||97.57|100.81|0.00|-0.65|b2b832f00480c94b
21|2026-09-18T22:43:17.9140000-04:00|1008A3F8|Vittorio Dravorn|E30|Souleater|40007DC7|Exdeath|2D710003|95B20000|200004|856B8000|143E|D68000|11B|E308000|0|0|0|0|0|0|0|0|27345861|37552669|10000|10000|||91.66|107.87|0.00|-0.74|264366|325090|6200|10000|||94.19|105.18|-0.00|2.41|000033F2|0|1|00||01|E30|E30|0.600|60E0|4c6c61fd0a4dd4a1
264|2026-09-18T22:43:17.9140000-04:00|1008A3F8|0E30|000033F2|0||||-0.764|40007DC7|21397b4ad0b1de12
00|2026-09-18T22:43:17.9500000-04:00|002B||Kefka uses Ultima Blaster.|a1c942fb6cd94296
00|2026-09-18T22:43:17.9500000-04:00|0029||   Nonohiko KojamaFamfrit takes 36077 damage.|e3d6693cb3c40907
00|2026-09-18T22:43:17.9500000-04:00|0029||   You take 0 damage.|75b63fcb568bc4ad
00|2026-09-18T22:43:17.9500000-04:00|0029||   Cora FenixLeviathan takes 0 damage.|d8d45c0b51c1c708
00|2026-09-18T22:43:17.9500000-04:00|0029||   Ami HanMidgardsormr takes 0 damage.|a4328123a45734a0
00|2026-09-18T22:43:17.9500000-04:00|0029||   Abnar FaeExodus takes 0 damage.|f9c942d850f86a08
00|2026-09-18T22:43:17.9500000-04:00|0029||   Vittorio DravornCoeurl takes 0 damage.|aa3a7fd0871e9abf
00|2026-09-18T22:43:17.9500000-04:00|0029||   Erynd AltansarrCoeurl takes 0 damage.|1a6991a1bad2c94d
00|2026-09-18T22:43:17.9510000-04:00|0029||   Zephyra HanaMidgardsormr takes 0 damage.|aa0e809f5e247ae2
00|2026-09-18T22:43:17.9830000-04:00|002B||Ami HanMidgardsormr uses Armor Crush.|ed4ade361652693c
00|2026-09-18T22:43:17.9830000-04:00|0029||   Critical! Chaos takes 62828(+52%) damage.|560b3626261629d3
37|2026-09-18T22:43:18.0030000-04:00|1007690F|Nonohiko Kojama|000033EE|31644|226488|10000|10000|0||104.72|94.75|-0.00|-0.73|2600|0|0|01|1E000722|0|C1700000|1007690F|1abdef97061a7484
00|2026-09-18T22:43:18.1430000-04:00|002B||Cora FenixLeviathan casts Topaz Rite.|f9a4bfbed4d8192c
00|2026-09-18T22:43:18.1430000-04:00|0029||   Exdeath takes 37161 damage.|6310a3d7e16afe47
00|2026-09-18T22:43:18.1430000-04:00|002E||   Cora FenixLeviathan gains the effect of Titan's Favor.|d5a8638a50a99079
00|2026-09-18T22:43:18.1430000-04:00|002E||You gain the effect of Eukrasia.|7218c9e079a6a952
00|2026-09-18T22:43:18.1430000-04:00|002E||Ami HanMidgardsormr gains the effect of Divine Aura.|fefcac2b9d60a6b6
00|2026-09-18T22:43:18.1430000-04:00|0030||Ami HanMidgardsormr loses the effect of Divine Caress.|d648b258b835d630
00|2026-09-18T22:43:18.1430000-04:00|0030||Abnar FaeExodus loses the effect of Inner Strength.|934b2f2690733c1d
37|2026-09-18T22:43:18.0480000-04:00|40007DC8|Chaos|000033EC|20685255||||||92.21|107.80|0.00|2.39|75c447487c9c773f
37|2026-09-18T22:43:18.0480000-04:00|100F0C23|Ami Han|000033EC|226668|226668|10000|10000|18||95.02|104.72|0.00|-0.74|1E00|0|0|01|1F000722|0|C1700000|1007690F|6e6f9171409c4b94
37|2026-09-18T22:43:18.0480000-04:00|100B07FE|Erynd Altansarr|000033E7|226668|226668|10000|10000|24||96.06|106.39|-0.00|-1.24|2903|0|0|02|22000F3F|0|4109E771|1003D574|26000722|0|C1700000|1007690F|0b45497c9af71875
37|2026-09-18T22:43:18.0480000-04:00|1003D574|Zephyra Hana|000033E7|205207|205207|9519|10000|23||92.76|106.34|0.00|-0.37|1803|0|0|01|1E000722|0|C1700000|1007690F|95a25f5ed041bb1a
37|2026-09-18T22:43:18.0490000-04:00|10020C04|Minda Silva|000033EE|204515|204515|7000|10000|1||97.57|100.81|0.00|-0.65|2801|0|0|01|20000722|0|C1700000|1007690F|131edb6a98dad5fa
37|2026-09-18T22:43:18.0930000-04:00|10097AAF|Cora Fenix|000033EE|155403|205177|2900|10000|9||94.77|104.17|0.00|-0.71|1B02|0|0|01|22000722|0|C1700000|1007690F|871d10aba64ab20e
38|2026-09-18T22:43:18.0930000-04:00|10020C04|Minda Silva|00646428|204515|204515|7000|10000|1||97.57|100.81|0.00|-0.65|0|0|0|0A0168|41F00000|E0000000|29D20030|45117249|10020C04|0A2C|42700000|10020C04|0751|4078A3CD|1003D574|0B7A|41481068|10020C04|0|0|0|0|0|0|0|0|0|0643|41047291|E0000000|0|0|0|0|0|0|0|0|0|0|0|0|0|0|0|0|0|0|0|0|0|0|0|0|0|0|0|0|0|0|0|0|0|0|0|0|0|0|0|0|0|0|0|0|0|0|0|0|0|0|0|0|0|0|0|0|0|0|0|0|0|0|0|0A3A|41481068|10020C04|0F3F|410876CD|1003D574|0722|C1700000|1007690F|0A2E|0|10020C04|64ecdcaa03d1316f
26|2026-09-18T22:43:18.0930000-04:00|A2E|Eukrasia|9999.00|10020C04|Minda Silva|10020C04|Minda Silva|00|204515|204515|664b18c0bfca653d
21|2026-09-18T22:43:18.0930000-04:00|10020C04|Minda Silva|5EE2|Eukrasia|10020C04|Minda Silva|3E|1068000|0|0|0|0|0|0|0|0|0|0|0|0|0|0|204515|204515|7000|10000|||97.57|100.81|0.00|-0.65|204515|204515|7000|10000|||97.57|100.81|0.00|-0.65|000033F3|0|1|00||01|5EE2|5EE2|0.600|655B|23d5c186bb280e9f
264|2026-09-18T22:43:18.0930000-04:00|10020C04|5EE2|000033F3|0||||-0.654|10020C04|0bdc9de0fdb2aa1c
31|2026-09-18T22:43:18.0930000-04:00|10020C04|12480028|10301|00|00|6303fd9d6cea039b
38|2026-09-18T22:43:18.1380000-04:00|100F0C23|Ami Han|0064641E|226668|226668|10000|10000|18||95.02|104.72|0.00|-0.74|0|0|0|0A0168|41F00000|E0000000|1E016C|41F00000|E0000000|FF01F0|3D54FA90|100F0C23|0751|4078A3CD|1003D574|29CE0030|43A25B5E|100F0C23|0B7A|414C560A|10020C04|0|0|0|0|0|0|0643|41047291|E0000000|0|0|0|0|0|0|0|0|0|0A31|41A9C698|10020C04|0|0|0|0|0|0|0|0|0|0|0|0|0|0|0|0|0|0|0|0|0|0|0|0|0|0|0|0|0|0|0|0|0|0|0|0|0|0|0|0|0|0|0|0|0|0|0|0|0|0|0|0A81|41A7FFF0|100F0C23|0722|C1700000|1007690F|0A3A|414C560A|10020C04|04E2|410C0003|100F0C23|0F40|41700000|1003D574|410682f804605aab
30|2026-09-18T22:43:18.1380000-04:00|F3F|Divine Caress|0.00|1003D574|Zephyra Hana|100F0C23|Ami Han|00|226668|205207|dec3557304002c15
26|2026-09-18T22:43:18.1380000-04:00|F40|Divine Aura|15.00|1003D574|Zephyra Hana|100F0C23|Ami Han|00|226668|205207|3b40ffafe68db5b2
37|2026-09-18T22:43:18.1380000-04:00|100F0C23|Ami Han|000033EE|226668|226668|10000|10000|3||95.02|104.72|0.00|-0.74|1E03|0|0|02|1F000722|0|C1700000|1007690F|22000F40|0|41700000|1003D574|688de87cdd64f699
38|2026-09-18T22:43:18.1380000-04:00|100F0C23|Ami Han|0064641E|226668|226668|10000|10000|3||95.02|104.72|0.00|-0.74|0|0|0|0A0168|41F00000|E0000000|1E016C|41F00000|E0000000|FF01F0|3C0304E0|100F0C23|0751|4075D2E8|1003D574|29CE0030|43A255BC|100F0C23|0B7A|414BA1D1|10020C04|0|0|0|0|0|0|0643|4103BE58|E0000000|0|0|0|0|0|0|0|0|0|0A31|41A96C7B|10020C04|0|0|0|0|0|0|0|0|0|0|0|0|0|0|0|0|0|0|0|0|0|0|0|0|0|0|0|0|0|0|0|0|0|0|0|0|0|0|0|0|0|0|0|0|0|0|0|0|0|0|0|0A81|41A7A5D3|100F0C23|0722|C1700000|1007690F|0A3A|414BA1D1|10020C04|04E2|410B4BCA|100F0C23|0F40|416F4BC7|1003D574|6ee11347a975b4e3
38|2026-09-18T22:43:18.1380000-04:00|1004F18C|Abnar Fae|00646415|325333|325333|10000|10000|10||93.98|104.69|-0.02|-0.53|0|0|0|0A2D|42700000|10020C04|29CE0030|44D8529A|1004F18C|5B|0|1004F18C|29D50031|409D3F03|1004F18C|0B7A|414DC296|10020C04|0751|4072E13E|1003D574|0643|4103BE58|E0000000|0|0|0|0|0|0|0|0|0|0|0|0|0|0|0|0|0|0|0|0|0|0|0|0|0|0|0|0|0|0|0|0|0|0|0|0|0|0|0|0|0|0|0|0|0|0|0|0|0|0|0|0|0|0|0|0|0|0|0|0|0|0|0|0|0|0|0|0|0|0A3A|414DC296|10020C04|0F3F|4107C294|1003D574|0A75|420B70F9|1004F18C|0722|C1700000|1007690F|278a2f8b390dfe8f
30|2026-09-18T22:43:18.1380000-04:00|A67|Inner Strength|0.00|1004F18C|Abnar Fae|1004F18C|Abnar Fae|00|325333|325333|c1dc48e97256fcf2
00|2026-09-18T22:43:18.2270000-04:00|0030||Ami HanMidgardsormr loses the effect of Mudra.|74cae02a9a35cba2
37|2026-09-18T22:43:18.1820000-04:00|100F0C23|Ami Han|000033E7|226668|226668|10000|10000|3||95.02|104.72|0.00|-0.74|1E04|0|0|01|1F000722|0|C1700000|1007690F|9435f5068effe793
37|2026-09-18T22:43:18.1820000-04:00|1003D574|Zephyra Hana|000033E7|205207|205207|9519|10000|23||92.76|106.34|0.00|-0.37|1804|0|0|01|1E000722|0|C1700000|1007690F|493116a9af752293
37|2026-09-18T22:43:18.1820000-04:00|40007DC8|Chaos|000033EF|20677153||||||92.21|107.80|0.00|2.39|5c3f0a12c210d5f2
37|2026-09-18T22:43:18.1820000-04:00|1004F18C|Abnar Fae|000033EF|325333|325333|10000|10000|10||93.98|104.69|-0.02|-0.53|1500|0|0|01|21000722|0|C1700000|1007690F|c49627fc45e4aeec
37|2026-09-18T22:43:18.1820000-04:00|40007DC7|Exdeath|000033ED|27308700||||||91.66|107.87|0.00|-0.74|1f78f95145bab042
37|2026-09-18T22:43:18.1820000-04:00|10097AAF|Cora Fenix|000033ED|155403|205177|2900|10000|9||94.77|104.17|0.00|-0.71|1B00|0|0|02|20000B25|0|0|10097AAF|22000722|0|C1700000|1007690F|60c906dd9f868927
37|2026-09-18T22:43:18.1820000-04:00|1004F18C|Abnar Fae|000033EE|325333|325333|10000|10000|4||93.98|104.69|-0.02|-0.53|1504|0|0|01|21000722|0|C1700000|1007690F|bf7eeb2c86a5b6d2
38|2026-09-18T22:43:18.1820000-04:00|100F0C23|Ami Han|0064641E|226668|226668|10000|10000|3||95.02|104.72|0.00|-0.74|0|0|0|0A0168|41F00000|E0000000|1E016C|41F00000|E0000000|0|0|0|0751|40730203|1003D574|29CE0030|43A2501A|100F0C23|0B7A|414AED98|10020C04|0|0|0|0|0|0|0643|41030A1F|E0000000|0|0|0|0|0|0|0|0|0|0A31|41A9125E|10020C04|0|0|0|0|0|0|0|0|0|0|0|0|0|0|0|0|0|0|0|0|0|0|0|0|0|0|0|0|0|0|0|0|0|0|0|0|0|0|0|0|0|0|0|0|0|0|0|0|0|0|0|0A81|41A74BB6|100F0C23|0722|C1700000|1007690F|0A3A|414AED98|10020C04|04E2|410A9791|100F0C23|0F40|416E978E|1003D574|8db4c4cd7160613d
30|2026-09-18T22:43:18.1820000-04:00|1F0|Mudra|0.00|100F0C23|Ami Han|100F0C23|Ami Han|FF|226668|226668|dab0095ac317d0cb
38|2026-09-18T22:43:18.1820000-04:00|10097AAF|Cora Fenix|0064641B|155403|205177|2900|10000|9||94.77|104.17|0.00|-0.71|0|0|0|29CE0030|44EA6316|10097AAF|0751|40701059|1003D574|0B7A|4148C8BB|10020C04|0|0|0|0A31|41A9125E|10020C04|29D80031|41291E80|10097AAF|0|0|0|0643|41030A1F|E0000000|0|0|0|0|0|0|0|0|0|0|0|0|0|0|0|0|0|0|0|0|0|0|0|0|0|0|0|0|0|0|0|0|0|0|0|0|0|0|0|0|0|0|0|0|0|0|0|0|0|0|0|0|0|0|0|0|0|0|0|0|0|0|0|0|0|0|0A3A|4148C8BB|10020C04|0F3F|41070E5B|1003D574|0B25|0|10097AAF|0F22|410B371B|10097AAF|0722|C1700000|1007690F|72dcba7927b0da5c
00|2026-09-18T22:43:18.3170000-04:00|002B||Nonohiko KojamaFamfrit uses Shield Samba.|52d09b3fafa3da6b
00|2026-09-18T22:43:18.3170000-04:00|0030||Cora FenixLeviathan loses the effect of Titan's Favor.|696364d936d05da6
37|2026-09-18T22:43:18.2270000-04:00|40007DC8|Chaos|000033F0|20669189||||||92.21|107.80|0.00|2.39|a6f82bae56d56c1c
37|2026-09-18T22:43:18.2270000-04:00|100F0C23|Ami Han|000033F0|226668|226668|10000|10000|3||95.02|104.72|0.00|-0.74|1E00|0|0|01|1F000722|0|C1700000|1007690F|124dedcf7756dbe5
37|2026-09-18T22:43:18.2270000-04:00|1008A3F8|Vittorio Dravorn|000033EE|264366|325090|6200|10000|4||94.44|104.94|-0.00|-0.76|2005|0|0|01|20000722|0|C1700000|1007690F|7201f845e1e899a0
22|2026-09-18T22:43:18.2270000-04:00|10097AAF|Cora Fenix|64EC|Mountain Buster|40007DC8|Chaos|452003|2EDB0000|0|0|0|0|0|0|0|0|0|0|0|0|0|0|20685255|37552669|10000|10000|||92.21|107.80|0.00|2.39|155403|205177|2900|10000|||94.77|104.17|0.00|-0.71|000033F4|0|2|00||01|64EC|64EC|0.600|633B|096b340f3cc22260
22|2026-09-18T22:43:18.2270000-04:00|10097AAF|Cora Fenix|64EC|Mountain Buster|40007DC7|Exdeath|450003|44A60000|0|0|0|0|0|0|0|0|0|0|0|0|0|0|27345861|37552669|10000|10000|||91.66|107.87|0.00|-0.74|155403|205177|2900|10000|||94.77|104.17|0.00|-0.71|000033F4|1|2|00||01|64EC|64EC|0.600|633B|fe05d248016304ca
264|2026-09-18T22:43:18.2270000-04:00|10097AAF|64EC|000033F4|1|-0.015|-0.015|-0.015|-0.706|40007DC7|2b51429e24d60699
38|2026-09-18T22:43:18.2270000-04:00|10097AAF|Cora Fenix|0064641B|155403|205177|2900|10000|9||94.77|104.17|0.00|-0.71|0|0|0|29CE0030|44EA61A5|10097AAF|0751|406D2F11|1003D574|0B7A|41481069|10020C04|0|0|0|0A31|41A8B635|10020C04|29D80031|4128662E|10097AAF|0|0|0|0643|410251CD|E0000000|0|0|0|0|0|0|0|0|0|0|0|0|0|0|0|0|0|0|0|0|0|0|0|0|0|0|0|0|0|0|0|0|0|0|0|0|0|0|0|0|0|0|0|0|0|0|0|0|0|0|0|0|0|0|0|0|0|0|0|0|0|0|0|0|0|0|0A3A|41481069|10020C04|0F3F|41065609|1003D574|0|0|0|0F22|410A7EC9|10097AAF|0722|C1700000|1007690F|5993c9ae0ae2d602
30|2026-09-18T22:43:18.2270000-04:00|B25|Titan's Favor|0.00|10097AAF|Cora Fenix|10097AAF|Cora Fenix|00|205177|205177|97ecadbf95d55344
37|2026-09-18T22:43:18.2710000-04:00|100B07FE|Erynd Altansarr|000033EE|226668|226668|10000|10000|9||96.06|106.36|-0.00|-1.23|2906|0|0|01|26000722|0|C1700000|1007690F|2dd1a5e046d8f497
21|2026-09-18T22:43:18.2710000-04:00|1003D574|Zephyra Hana|6503|Glare III|40007DC8|Chaos|750003|9BE00000|1B|65038000|0|0|0|0|0|0|0|0|0|0|0|0|20685255|37552669|10000|10000|||92.21|107.80|0.00|2.39|205207|205207|9519|10000|||92.76|106.34|0.00|-0.37|000033F5|0|1|00||01|6503|6503|0.100|70EE|91d548b1f9305d44
264|2026-09-18T22:43:18.2710000-04:00|1003D574|6503|000033F5|0||||-0.370|40007DC8|08685842aad33081
37|2026-09-18T22:43:18.3150000-04:00|10097AAF|Cora Fenix|000033E7|155403|205177|2900|10000|9||94.77|104.17|0.00|-0.71|1B05|0|0|02|1F000F3F|0|41059DB7|1003D574|22000722|0|C1700000|1007690F|38e0efeb5669fafd
37|2026-09-18T22:43:18.3150000-04:00|1003D574|Zephyra Hana|000033E7|205207|205207|9119|10000|23||92.76|106.34|0.00|-0.37|1805|0|0|01|1E000722|0|C1700000|1007690F|0d1ab7221c88f547
37|2026-09-18T22:43:18.3150000-04:00|1003D574|Zephyra Hana|000033EE|205207|205207|9119|10000|8||92.76|106.34|0.00|-0.37|1807|0|0|01|1E000722|0|C1700000|1007690F|02c054a46afe89b0
261|2026-09-18T22:43:18.3300000-04:00|Change|1007690F|Heading|-0.7345|PosX|104.2239|PosY|95.2845|PosZ|-0.0000|d44e5746fa9d047b
00|2026-09-18T22:43:18.3510000-04:00|002E||   Nonohiko KojamaFamfrit gains the effect of Shield Samba.|12aa6dd8729b2719
00|2026-09-18T22:43:18.3670000-04:00|002B||You cast Eukrasia.|6b2ec5a539bed610
37|2026-09-18T22:43:18.3600000-04:00|1007690F|Nonohiko Kojama|000033F1|31644|226488|10000|10000|0||104.39|95.11|-0.00|-0.73|2600|0|0|01|1E000722|0|41700000|1007690F|1e373e458f9aa8a0
21|2026-09-18T22:43:18.3600000-04:00|100B07FE|Erynd Altansarr|07|attack|40007DC8|Chaos|714003|24EE0000|0|0|0|0|0|0|0|0|0|0|0|0|0|0|20677153|37552669|10000|10000|||92.21|107.80|0.00|2.39|226668|226668|10000|10000|||95.92|106.00|-0.00|-1.19|000033F6|0|1|00||01|07|07|0.100|5EB6|69bb3e6ecf862b4f
264|2026-09-18T22:43:18.3600000-04:00|100B07FE|0007|000033F6|0||||-0.817|40007DC8|135a9691d47a473a
38|2026-09-18T22:43:18.3600000-04:00|1007690F|Nonohiko Kojama|00646426|31644|226488|10000|10000|0||104.39|95.11|-0.00|-0.73|0|0|0|29CE0030|44B1ED80|1007690F|071F|42700000|1007690F|0B7A|4152C4A1|10020C04|0751|40679DA9|1003D574|0|0|0|0|0|0|0|0|0|0643|41003109|E0000000|0|0|0|0|0|0|0|0|0|0|0|0|0|0|0|0|0|0|0|0|0|0|0|0|0|0|0|0|0|0|0|0|0|0|0|0|0|0|0|0|0|0|0|0|0|0|0|0|0|0|0|0|0|0|0|0|0|0|0|0|0|0|0|0|0|0|0722|416F4BC7|1007690F|071D|42290DD0|1007690F|0737|42290DD0|1007690F|0A3A|4152C4A1|10020C04|d10de1692022ebdf
261|2026-09-18T22:43:18.4350000-04:00|Change|1003D574|CastBuffID|0|CastDurationCurrent|0.0000|CastDurationMax|0.0000|CastTargetID|E0000000|CurrentMP|9119|Heading|-0.3698|IsCasting1|0|IsCasting2|0|PosX|92.7595|PosY|106.3401|PosZ|0.0000|61b288ad407ace33
00|2026-09-18T22:43:18.4980000-04:00|002B||Vittorio DravornCoeurl uses Souleater.|54f54663551f9d5a
00|2026-09-18T22:43:18.4980000-04:00|0029||   Exdeath takes 38322(+45%) damage.|0138c69c6583d88c
00|2026-09-18T22:43:18.4980000-04:00|002D||   Critical! Vittorio DravornCoeurl recovers 34155 HP.|f67347983743ab40
00|2026-09-18T22:43:18.4980000-04:00|002E||   You gain the effect of Shield Samba.|ba6f320626403381
37|2026-09-18T22:43:18.4500000-04:00|10020C04|Minda Silva|000033E7|204515|204515|7000|10000|1||97.68|100.74|0.00|1.50|2806|0|0|02|1F000F3F|0|41037CF3|1003D574|20000722|0|C1700000|1007690F|76f2762bf32810c6
37|2026-09-18T22:43:18.4500000-04:00|1003D574|Zephyra Hana|000033E7|205207|205207|9119|10000|8||92.76|106.34|0.00|-0.37|1806|0|0|01|1E000722|0|C1700000|1007690F|8f8fe98d486d8a8a
37|2026-09-18T22:43:18.4930000-04:00|10020C04|Minda Silva|000033F1|204515|204515|7000|10000|1||97.68|100.74|0.00|1.50|2801|0|0|01|20000722|0|41700000|1007690F|21db9173993bcdf7
38|2026-09-18T22:43:18.4940000-04:00|10020C04|Minda Silva|00646428|204515|204515|7000|10000|1||97.68|100.74|0.00|1.50|0|0|0|0A0168|41F00000|E0000000|29D20030|45116BE5|10020C04|0A2C|42700000|10020C04|0751|405F0A34|1003D574|0B7A|4141AA03|10020C04|0|0|0|0|0|0|0|0|0|0643|40FC1857|E0000000|0|0|0|0|0|0|0|0|0|0|0|0|0|0|0|0|0|0|0|0|0|0|0|0|0|0|0|0|0|0|0|0|0|0|0|0|0|0|0|0|0|0|0|0|0|0|0|0|0|0|0|0|0|0|0|0|0|0|0|0|0|0|0|0A3A|4141AA03|10020C04|0F3F|41021068|1003D574|0722|416F4BC7|1007690F|0A2E|0|10020C04|351a522b0822ff07
37|2026-09-18T22:43:18.5370000-04:00|40007DC7|Exdeath|000033F2|27270378||||||91.66|107.87|0.00|-0.74|756da27d2404ad2c
37|2026-09-18T22:43:18.5370000-04:00|1008A3F8|Vittorio Dravorn|000033F2|298521|325090|6200|10000|4||94.66|104.69|-0.02|-2.70|2000|0|0|01|20000722|0|C1700000|1007690F|4b24cd01da039f8d
261|2026-09-18T22:43:18.6140000-04:00|Change|10097AAF|CurrentMP|2900|e3185fd37d127d10
00|2026-09-18T22:43:18.6490000-04:00|002E||   Cora FenixLeviathan gains the effect of Shield Samba.|0e69d4652812200e
00|2026-09-18T22:43:18.6720000-04:00|0030||Zephyra HanaMidgardsormr loses the effect of Medicated.|a54c233db80cec16
37|2026-09-18T22:43:18.6270000-04:00|10097AAF|Cora Fenix|000033F1|155403|205177|2900|10000|9||94.77|104.17|0.00|-0.71|1B02|0|0|01|22000722|0|41700000|1007690F|ba38eb2d7e95fac0
24|2026-09-18T22:43:18.6270000-04:00|40007DC7|Exdeath|DoT|0|7AE5|27308700|37552669|10000|10000|||91.66|107.87|0.00|-0.74|1003D574|Zephyra Hana|FFFFFFFF|205207|205207|9119|10000|||92.76|106.34|0.00|-0.37|3f58d43b0de53c88
24|2026-09-18T22:43:18.6270000-04:00|40007DC8|Chaos|DoT|0|78BF|20669189|37552669|10000|10000|||92.21|107.80|0.00|2.39|1004F18C|Abnar Fae|FFFFFFFF|325333|325333|10000|10000|||93.98|104.69|-0.02|-0.53|dc55d1e1727190c1
38|2026-09-18T22:43:18.6270000-04:00|1003D574|Zephyra Hana|00646418|205207|205207|9119|10000|8||92.76|106.34|0.00|-0.37|0|0|0|29D20030|44D80725|1003D574|04B4|4162F19F|1003D574|0B7A|414A395F|10020C04|0|0|0|0A31|41A58300|10020C04|0|0|0|0|0|0|0642|40F7D6CD|E0000000|0|0|0|0750|404178A6|1003D574|0|0|0|0|0|0|0751|40539578|1003D574|0|0|0|0|0|0|0|0|0|0|0|0|0|0|0|0|0|0|0|0|0|0|0|0|0|0|0|0|0|0|0|0|0|0|0|0|0|0|0|0|0|0|0|0|0|0|0|0|0|0|0|0722|C1700000|1007690F|0F3F|40FFDF47|1003D574|0A3A|414A395F|10020C04|5249c4062fd8d32a
30|2026-09-18T22:43:18.6270000-04:00|31|Medicated|0.00|1003D574|Zephyra Hana|1003D574|Zephyra Hana|29D9|205207|205207|204ab041ee50b330
38|2026-09-18T22:43:18.6270000-04:00|10097AAF|Cora Fenix|0064641B|155403|205177|2900|10000|9||94.77|104.17|0.00|-0.71|0|0|0|29CE0030|44EA54D9|10097AAF|0751|40539578|1003D574|0B7A|4141AA04|10020C04|0|0|0|0A31|41A58300|10020C04|29D80031|4121FFC9|10097AAF|0|0|0|0643|40F7D6CD|E0000000|0|0|0|0|0|0|0|0|0|0|0|0|0|0|0|0|0|0|0|0|0|0|0|0|0|0|0|0|0|0|0|0|0|0|0|0|0|0|0|0|0|0|0|0|0|0|0|0|0|0|0|0|0|0|0|0|0|0|0|0|0|0|0|0|0|0|0A3A|4141AA04|10020C04|0F3F|40FFDF47|1003D574|0|0|0|0F22|41041864|10097AAF|0722|416F4BC7|1007690F|92efd19890502a37
38|2026-09-18T22:43:18.6270000-04:00|40007DC7|Exdeath|00646400|27238917|37552669|10000|10000|0||91.66|107.87|0.00|-0.74|0|0|0|0A38|41119D80|10020C04|04A9|4140F1B2|1004F18C|074F|419D55F0|1003D574|d96fe83f697cca41
38|2026-09-18T22:43:18.6270000-04:00|40007DC8|Chaos|00646400|20638278|37552669|10000|10000|0||92.21|107.80|0.00|2.39|0|0|0|0A38|4160102E|10020C04|074F|41B4DB14|1003D574|04A9|413ED0ED|1004F18C|07cad20f832894d6
00|2026-09-18T22:43:18.7650000-04:00|002E||   Ami HanMidgardsormr gains the effect of Shield Samba.|c16acf8a5b2a6487
00|2026-09-18T22:43:18.7650000-04:00|0029||Direct hit! Erynd AltansarrCoeurl hits Chaos for 9454 damage.|2a8c3f28fe185502
21|2026-09-18T22:43:18.6720000-04:00|1007690F|Nonohiko Kojama|3E75|Cascade|40007DC7|Exdeath|720003|59760000|F|A858000|53E|EC8000|1B|3E758000|0|0|0|0|0|0|0|0|27270378|37552669|10000|10000|||91.66|107.87|0.00|-0.74|31644|226488|10000|10000|||102.77|96.88|-0.00|-0.73|000033F7|0|1|00||01|3E75|3E75|0.600|5F6B|4dd95566f168d147
264|2026-09-18T22:43:18.6720000-04:00|1007690F|3E75|000033F7|0||||-0.800|40007DC7|b47001ee7265e02a
38|2026-09-18T22:43:18.6720000-04:00|1007690F|Nonohiko Kojama|00646426|31644|226488|10000|10000|0||102.77|96.88|-0.00|-0.73|0|0|0|29CE0030|44B1E384|1007690F|071F|42700000|1007690F|0B7A|414DC6AE|10020C04|0751|4053A5DA|1003D574|0|0|0|0|0|0|0|0|0|0643|40F66629|E0000000|0|0|0|0|0|0|0|0|0|0|0|0|0|0|0|0|0|0|0|0|0|0|0|0|0|0|0|0|0|0|0|0|0|0|0|0|0|0|0|0|0|0|0|0|0|0|0|0|0|0|0|0|0|0|0|0|0|0|0|0|0|0|0|0|0|0|0722|416A4DD4|1007690F|071D|4227CE56|1007690F|0737|4227CE56|1007690F|0A3A|414DC6AE|10020C04|0A85|C1F00000|1007690F|c87f42d3497cc842
26|2026-09-18T22:43:18.6720000-04:00|A85|Silken Symmetry|30.00|1007690F|Nonohiko Kojama|1007690F|Nonohiko Kojama|00|226488|226488|f1a721c33bacd4d6
37|2026-09-18T22:43:18.7620000-04:00|100F0C23|Ami Han|000033F1|226668|226668|10000|10000|3||95.02|104.72|0.00|-0.74|1E03|0|0|01|1F000722|0|41700000|1007690F|1a8018ae1cacf5db
37|2026-09-18T22:43:18.7620000-04:00|1007690F|Nonohiko Kojama|000033F1|31644|226488|10000|10000|0||102.77|96.88|-0.00|-0.73|2603|0|0|01|22000A85|0|C1F00000|1007690F|e5e3759b4f8af0f1
21|2026-09-18T22:43:18.7620000-04:00|100B07FE|Erynd Altansarr|873D|Hunter's Coil|40007DC8|Chaos|7710003|F99D0000|A0F|E548000|73E|14C8000|F|E498000|53E|12F8000|0|0|0|0|0|0|20669189|37552669|10000|10000|||92.21|107.80|0.00|2.39|226668|226668|10000|10000|||95.61|105.21|-0.00|-0.77|000033F8|0|1|00||01|873D|873D|0.600|5FB8|522297b61b568123
264|2026-09-18T22:43:18.7620000-04:00|100B07FE|873D|000033F8|0||||-0.792|40007DC8|33e6a3028851ec1c
38|2026-09-18T22:43:18.7620000-04:00|100F0C23|Ami Han|0064641E|226668|226668|10000|10000|3||95.02|104.72|0.00|-0.74|0|0|0|0A0168|41F00000|E0000000|1E016C|41F00000|E0000000|0|0|0|0751|404DE34A|1003D574|29CE0030|43A205D8|100F0C23|0B7A|4141A5EB|10020C04|0|0|0|0|0|0|0643|40F384E1|E0000000|0|0|0|0|0|0|0|0|0|0A31|41A46E85|10020C04|0|0|0|0|0|0|0|0|0|0|0|0|0|0|0|0|0|0|0|0|0|0|0|0|0|0|0|0|0|0|0|0|0|0|0|0|0|0|0|0|0|0|0|0|0|0|0|0|0|0|0|0A81|41A2A7DD|100F0C23|0722|416F47AE|1007690F|0A3A|4141A5EB|10020C04|04E2|41014FE4|100F0C23|0F40|41654FE1|1003D574|6f38a4fc877a1b85
38|2026-09-18T22:43:18.7620000-04:00|100B07FE|Erynd Altansarr|00646429|226668|226668|10000|10000|9||95.61|105.21|-0.00|-0.77|0|0|0|29CE0030|4532D406|100B07FE|0720|42700000|1007690F|0839|4227722E|1007690F|0751|404AF1A0|1003D574|0B7A|4145EFA5|10020C04|0|0|0|0|0|0|0642|40F384E1|E0000000|0|0|0|0|0|0|0|0|0|0|0|0|0|0|0|0|0|0|0|0|0|0|0|0|0|0|0|0|0|0|0|0|0|0|0|0|0|0|0|0|0|0|0|0|0|0|0|0|0|0|0|0|0|0|0|0|0|0|0|0|0|0|0|0|0|0|0737|4227722E|1007690F|0EBC|41924F59|100B07FE|0A3A|4145EFA5|10020C04|0E55|40BA2E73|100B07FE|0F3F|40FB8D5B|1003D574|0E54|C2200000|100B07FE|0E3F|41F5722B|100B07FE|04E2|410C041B|100B07FE|0722|C1700000|1007690F|0E49|C1F00000|100B07FE|008610a02302e07e
26|2026-09-18T22:43:18.7620000-04:00|720|Dance Partner|60.00|1007690F|Nonohiko Kojama|100B07FE|Erynd Altansarr|00|226668|226488|3536b6ae3f00ab9c
26|2026-09-18T22:43:18.7620000-04:00|E54|Hunter's Instinct|40.00|100B07FE|Erynd Altansarr|100B07FE|Erynd Altansarr|00|226668|226668|18405c83d0d43c51
26|2026-09-18T22:43:18.7620000-04:00|E49|Hunter's Venom|30.00|100B07FE|Erynd Altansarr|100B07FE|Erynd Altansarr|00|226668|226668|e70c67b96045022c
261|2026-09-18T22:43:18.7840000-04:00|Change|1007690F|Heading|-0.7996|NPCTargetID|40007DC7|PCTargetID|40007DC7|PosX|102.1032|PosY|97.5856|PosZ|-0.0015|5762a6322d27d356
21|2026-09-18T22:43:18.8050000-04:00|1008A3F8|Vittorio Dravorn|07|attack|40007DC7|Exdeath|712003|2C0D0000|0|0|0|0|0|0|0|0|0|0|0|0|0|0|27238917|37552669|10000|10000|||91.66|107.87|0.00|-0.74|298521|325090|6200|10000|||94.82|104.53|-0.02|2.98|000033F9|0|1|00||01|07|07|0.100|E188|09e39bae1a3ad583
264|2026-09-18T22:43:18.8050000-04:00|1008A3F8|0007|000033F9|0||||2.394|40007DC7|4bf73fcf2b64c385
00|2026-09-18T22:43:18.8070000-04:00|0029||Critical! Vittorio DravornCoeurl hits Exdeath for 11277 damage.|17f10e8ce1c7a21d
00|2026-09-18T22:43:18.8550000-04:00|002E||   Vittorio DravornCoeurl gains the effect of Shield Samba.|b9630d18ecf55086
261|2026-09-18T22:43:18.8530000-04:00|Change|10020C04|CurrentMP|7000|Heading|2.1408|PosX|97.6751|PosY|100.7405|5230dd20bfeff5d9
00|2026-09-18T22:43:18.9410000-04:00|002B||Zephyra HanaMidgardsormr casts Glare III.|f0f5e7875f003d08
00|2026-09-18T22:43:18.9410000-04:00|0029||   Chaos takes 39904 damage.|b62dfb59f4a7ecad
37|2026-09-18T22:43:18.8950000-04:00|1008A3F8|Vittorio Dravorn|000033F1|298521|325090|6200|10000|4||94.87|104.48|-0.00|2.80|2004|0|0|01|20000722|0|41700000|1007690F|5d2dced3952e2290
37|2026-09-18T22:43:18.8950000-04:00|1007690F|Nonohiko Kojama|000033F1|31644|226488|10000|10000|0||101.45|98.28|-0.00|-0.80|2604|0|0|01|22000A85|0|C1F00000|1007690F|2d9eb616536e3e0c
37|2026-09-18T22:43:18.8950000-04:00|40007DC8|Chaos|000033F6|20628824||||||92.21|107.80|0.00|2.39|b29da7f8303e38f0
37|2026-09-18T22:43:18.8950000-04:00|100B07FE|Erynd Altansarr|000033F6|226668|226668|10000|10000|9||95.49|104.90|-0.00|-0.78|2900|0|0|03|23000E54|0|C2200000|100B07FE|26000722|0|C1700000|1007690F|27000E49|0|C1F00000|100B07FE|30d469a71e0f986c
22|2026-09-18T22:43:18.8950000-04:00|1003D574|Zephyra Hana|1D09|Plenary Indulgence|1003D574|Zephyra Hana|F60A170E|4C30000|0|0|0|0|0|0|0|0|0|0|0|0|0|0|205207|205207|9119|10000|||92.76|106.34|0.00|-0.37|205207|205207|9119|10000|||92.76|106.34|0.00|-0.37|000033FA|0|8|00||01|1D09|1D09|0.600|70EE|4487fef047945ecf
22|2026-09-18T22:43:18.8950000-04:00|1003D574|Zephyra Hana|1D09|Plenary Indulgence|1004F18C|Abnar Fae|F60A170E|4C30000|0|0|0|0|0|0|0|0|0|0|0|0|0|0|325333|325333|10000|10000|||93.98|104.69|-0.02|-0.53|205207|205207|9119|10000|||92.76|106.34|0.00|-0.37|000033FA|1|8|00||01|1D09|1D09|0.600|70EE|af3af742ed271da3
22|2026-09-18T22:43:18.8950000-04:00|1003D574|Zephyra Hana|1D09|Plenary Indulgence|100F0C23|Ami Han|F60A170E|4C30000|0|0|0|0|0|0|0|0|0|0|0|0|0|0|226668|226668|10000|10000|||95.02|104.72|0.00|-0.74|205207|205207|9119|10000|||92.76|106.34|0.00|-0.37|000033FA|2|8|00||01|1D09|1D09|0.600|70EE|46c3b2f950cfe306
22|2026-09-18T22:43:18.8950000-04:00|1003D574|Zephyra Hana|1D09|Plenary Indulgence|10097AAF|Cora Fenix|F60A170E|4C30000|0|0|0|0|0|0|0|0|0|0|0|0|0|0|155403|205177|2900|10000|||94.77|104.17|0.00|-0.71|205207|205207|9119|10000|||92.76|106.34|0.00|-0.37|000033FA|3|8|00||01|1D09|1D09|0.600|70EE|c75f9df621b47da9
22|2026-09-18T22:43:18.8950000-04:00|1003D574|Zephyra Hana|1D09|Plenary Indulgence|1008A3F8|Vittorio Dravorn|F60A170E|4C30000|0|0|0|0|0|0|0|0|0|0|0|0|0|0|298521|325090|6200|10000|||94.87|104.48|-0.00|2.80|205207|205207|9119|10000|||92.76|106.34|0.00|-0.37|000033FA|4|8|00||01|1D09|1D09|0.600|70EE|5fc24b35b93405c5
22|2026-09-18T22:43:18.8950000-04:00|1003D574|Zephyra Hana|1D09|Plenary Indulgence|100B07FE|Erynd Altansarr|F60A170E|4C30000|0|0|0|0|0|0|0|0|0|0|0|0|0|0|226668|226668|10000|10000|||95.49|104.90|-0.00|-0.78|205207|205207|9119|10000|||92.76|106.34|0.00|-0.37|000033FA|5|8|00||01|1D09|1D09|0.600|70EE|baa6fac5083751f4
22|2026-09-18T22:43:18.8950000-04:00|1003D574|Zephyra Hana|1D09|Plenary Indulgence|10020C04|Minda Silva|F60A170E|4C30000|0|0|0|0|0|0|0|0|0|0|0|0|0|0|204515|204515|7000|10000|||97.68|100.74|0.00|2.14|205207|205207|9119|10000|||92.76|106.34|0.00|-0.37|000033FA|6|8|00||01|1D09|1D09|0.600|70EE|23bde02dda4dc485
22|2026-09-18T22:43:18.8950000-04:00|1003D574|Zephyra Hana|1D09|Plenary Indulgence|1007690F|Nonohiko Kojama|F60A170E|4C30000|0|0|0|0|0|0|0|0|0|0|0|0|0|0|31644|226488|10000|10000|||101.45|98.28|-0.00|-0.80|205207|205207|9119|10000|||92.76|106.34|0.00|-0.37|000033FA|7|8|00||01|1D09|1D09|0.600|70EE|1ab2a17be4ef6acf
264|2026-09-18T22:43:18.8950000-04:00|1003D574|1D09|000033FA|1|-0.015|-0.015|-0.015|-0.370|1003D574|337c92b305e6d137
38|2026-09-18T22:43:18.8950000-04:00|1008A3F8|Vittorio Dravorn|00646420|298521|325090|6200|10000|4||94.87|104.48|-0.00|2.80|0|0|0|02E7|0|100E036B|29CE0030|448C5031|1008A3F8|0751|40426E8E|1003D574|0B7A|41480C51|10020C04|0|0|0|29D50031|40839504|1008A3F8|0642|40EF4357|E0000000|0|0|0|0|0|0|0|0|0|0|0|0|0|0|0|0|0|0|0|0|0|0|0|0|0|0|0|0|0|0|0|0|0|0|0|0|0|0|0|0|0|0|0|0|0|0|0|0|0|0|0|0|0|0|0|0|0|0|0|0|0|0|0|0|0|0|0|0|0|0A3A|41480C51|10020C04|0F3F|40F74BD1|1003D574|0722|416F47AE|1007690F|7af1f3f9b52f4818
261|2026-09-18T22:43:18.8860000-04:00|Remove|40007E71|efe1fc0e119823b7
04|2026-09-18T22:43:18.9880000-04:00|40007E71|Topaz Carbuncle|00|64|10097AAF|00||1400|13498|0|0|0|10000|||93.25|103.04|0.00|-0.02|11b4d031e21bb54f
00|2026-09-18T22:43:18.9920000-04:00|002B||Cora FenixLeviathan uses Mountain Buster.|6a93c698346d8aee
00|2026-09-18T22:43:18.9920000-04:00|0029||   Critical! Chaos takes 11995 damage.|a9a18f7061091335
37|2026-09-18T22:43:18.9830000-04:00|40007DC8|Chaos|000033F4|20616829||||||92.21|107.80|0.00|2.39|352e65360240675b
37|2026-09-18T22:43:19.0290000-04:00|100B07FE|Erynd Altansarr|000033F1|226668|226668|10000|10000|9||95.49|104.90|-0.00|-0.78|2905|0|0|03|23000E54|0|C2200000|100B07FE|26000722|0|41700000|1007690F|27000E49|0|C1F00000|100B07FE|d3c69d52342b43b2
37|2026-09-18T22:43:19.0290000-04:00|1007690F|Nonohiko Kojama|000033F1|31644|226488|10000|10000|0||101.45|98.28|-0.00|-0.80|2605|0|0|01|22000A85|0|C1F00000|1007690F|c51279abe5506603
38|2026-09-18T22:43:19.0290000-04:00|100B07FE|Erynd Altansarr|00646429|226668|226668|10000|10000|9||95.49|104.90|-0.00|-0.78|0|0|0|29CE0030|4532CFC2|100B07FE|0720|42700000|1007690F|0839|422660C8|1007690F|0751|4039DB19|1003D574|0B7A|4141AA04|10020C04|0|0|0|0|0|0|0642|40EAF99C|E0000000|0|0|0|0|0|0|0|0|0|0|0|0|0|0|0|0|0|0|0|0|0|0|0|0|0|0|0|0|0|0|0|0|0|0|0|0|0|0|0|0|0|0|0|0|0|0|0|0|0|0|0|0|0|0|0|0|0|0|0|0|0|0|0|0|0|0|0737|422660C8|1007690F|0EBC|41902C87|100B07FE|0A3A|4141AA04|10020C04|0E55|40B1A32E|100B07FE|0F3F|40F30216|1003D574|0E54|C2200000|100B07FE|0E3F|41F34F59|100B07FE|04E2|4107BE7A|100B07FE|0722|416F47AE|1007690F|0E49|C1F00000|100B07FE|2002661cce1140df
00|2026-09-18T22:43:19.0490000-04:00|002E||   Erynd AltansarrCoeurl gains the effect of Shield Samba.|7ed09d684f3ad033
00|2026-09-18T22:43:19.0990000-04:00|002B||Topaz Titan casts Earthen Fury.|d2839a1a95fdf1dd
00|2026-09-18T22:43:19.0990000-04:00|0029||   Chaos takes 36739 damage.|6fa8fb71d2ac788e
00|2026-09-18T22:43:19.0930000-04:00|0029||   Exdeath takes 17574 damage.|84e95f98eb3ccc58
37|2026-09-18T22:43:19.1200000-04:00|40007DC7|Exdeath|000033F4|27221343||||||91.66|107.87|0.00|-0.74|918592d6f351248e
37|2026-09-18T22:43:19.1200000-04:00|40007DC8|Chaos|000033EA|20580090||||||92.21|107.80|0.00|2.39|0df5b208567e0276
22|2026-09-18T22:43:19.1200000-04:00|10020C04|Minda Silva|90AA|Eukrasian Prognosis II|10020C04|Minda Silva|4|1F8E0000|980E|A310000|1B|90AA8000|0|0|0|0|0|0|0|0|0|0|204515|204515|7000|10000|||97.48|100.91|0.00|1.61|204515|204515|7000|10000|||97.48|100.91|0.00|1.61|000033FB|0|8|00||01|90AA|90AA|0.600|D738|1a25cd6dfe4feef6
22|2026-09-18T22:43:19.1200000-04:00|10020C04|Minda Silva|90AA|Eukrasian Prognosis II|1007690F|Nonohiko Kojama|4|208E0000|320E|A310000|1B|90AA8000|0|0|0|0|0|0|0|0|0|0|31644|226488|10000|10000|||100.48|99.30|-0.00|-0.78|204515|204515|7000|10000|||97.48|100.91|0.00|1.61|000033FB|1|8|00||01|90AA|90AA|0.600|D738|659cc34a12d29d5a
22|2026-09-18T22:43:19.1200000-04:00|10020C04|Minda Silva|90AA|Eukrasian Prognosis II|10097AAF|Cora Fenix|4|20C00000|E60E|A310000|1B|90AA8000|0|0|0|0|0|0|0|0|0|0|155403|205177|2900|10000|||94.77|104.17|0.00|-0.71|204515|204515|7000|10000|||97.48|100.91|0.00|1.61|000033FB|2|8|00||01|90AA|90AA|0.600|D738|f28da64bf11a2322
22|2026-09-18T22:43:19.1200000-04:00|10020C04|Minda Silva|90AA|Eukrasian Prognosis II|1008A3F8|Vittorio Dravorn|4|205E0000|850E|A310000|1B|90AA8000|0|0|0|0|0|0|0|0|0|0|298521|325090|6200|10000|||94.95|104.40|-0.00|2.54|204515|204515|7000|10000|||97.48|100.91|0.00|1.61|000033FB|3|8|00||01|90AA|90AA|0.600|D738|dadf6be2f1533044
22|2026-09-18T22:43:19.1200000-04:00|10020C04|Minda Silva|90AA|Eukrasian Prognosis II|100B07FE|Erynd Altansarr|4|20C30000|F10E|A310000|1B|90AA8000|0|0|0|0|0|0|0|0|0|0|226668|226668|10000|10000|||95.41|104.76|-0.02|-0.73|204515|204515|7000|10000|||97.48|100.91|0.00|1.61|000033FB|4|8|00||01|90AA|90AA|0.600|D738|12bdc1d48ca180c1
22|2026-09-18T22:43:19.1200000-04:00|10020C04|Minda Silva|90AA|Eukrasian Prognosis II|100F0C23|Ami Han|200004|33480000|9C0E|A310000|1B|90AA8000|0|0|0|0|0|0|0|0|0|0|226668|226668|10000|10000|||95.02|104.72|0.00|-0.74|204515|204515|7000|10000|||97.48|100.91|0.00|1.61|000033FB|5|8|00||01|90AA|90AA|0.600|D738|f4b060a6b631a1e0
22|2026-09-18T22:43:19.1200000-04:00|10020C04|Minda Silva|90AA|Eukrasian Prognosis II|1004F18C|Abnar Fae|4|20D60000|350E|A310000|1B|90AA8000|0|0|0|0|0|0|0|0|0|0|325333|325333|10000|10000|||93.98|104.69|-0.02|-0.53|204515|204515|7000|10000|||97.48|100.91|0.00|1.61|000033FB|6|8|00||01|90AA|90AA|0.600|D738|16b57d75a529e041
22|2026-09-18T22:43:19.1200000-04:00|10020C04|Minda Silva|90AA|Eukrasian Prognosis II|1003D574|Zephyra Hana|4|1FD20000|8D0E|A310000|1B|90AA8000|0|0|0|0|0|0|0|0|0|0|205207|205207|9119|10000|||92.76|106.34|0.00|-0.37|204515|204515|7000|10000|||97.48|100.91|0.00|1.61|000033FB|7|8|00||01|90AA|90AA|0.600|D738|61a71918ebe02f8b
264|2026-09-18T22:43:19.1200000-04:00|10020C04|90AA|000033FB|1|-0.015|-0.015|-0.015|2.141|10020C04|fd6e8b86dbdc5e3e
38|2026-09-18T22:43:19.1200000-04:00|10020C04|Minda Silva|00646428|204515|204515|6200|10000|15||97.48|100.91|0.00|1.61|0|0|0|0A0168|41F00000|E0000000|29D20030|451161E9|10020C04|0A2C|42700000|10020C04|0751|40370A34|1003D574|0B7A|4137AA05|10020C04|0A31|41F00000|10020C04|0|0|0|0|0|0|0643|40E81854|E0000000|0|0|0|0|0|0|0|0|0|0|0|0|0|0|0|0|0|0|0|0|0|0|0|0|0|0|0|0|0|0|0|0|0|0|0|0|0|0|0|0|0|0|0|0|0|0|0|0|0|0|0|0|0|0|0|0|0|0|0|0|0|0|0|0A3A|4137AA05|10020C04|0F3F|40F020CE|1003D574|0722|41654BC9|1007690F|002135f2a4daca7d
26|2026-09-18T22:43:19.1200000-04:00|A2C|Kardia|60.00|10020C04|Minda Silva|10020C04|Minda Silva|00|204515|204515|2373de1869a2d012
26|2026-09-18T22:43:19.1200000-04:00|A31|Eukrasian Prognosis|30.00|10020C04|Minda Silva|10020C04|Minda Silva|00|204515|204515|5cc1da4bb59d1e1f
30|2026-09-18T22:43:19.1200000-04:00|A2E|Eukrasia|0.00|10020C04|Minda Silva|10020C04|Minda Silva|00|204515|204515|e1ed5a398104c6de
38|2026-09-18T22:43:19.1200000-04:00|1007690F|Nonohiko Kojama|00646426|31644|226488|10000|10000|13||100.48|99.30|-0.00|-0.78|0|0|0|29CE0030|44B1D536|1007690F|071F|42700000|1007690F|0B7A|41469FC6|10020C04|0751|40370A34|1003D574|0A31|41F00000|10020C04|0|0|0|0|0|0|0643|40E81854|E0000000|0|0|0|0|0|0|0|0|0|0|0|0|0|0|0|0|0|0|0|0|0|0|0|0|0|0|0|0|0|0|0|0|0|0|0|0|0|0|0|0|0|0|0|0|0|0|0|0|0|0|0|0|0|0|0|0|0|0|0|0|0|0|0|0|0|0|0722|416326EC|1007690F|071D|4226049F|1007690F|0737|4226049F|1007690F|0A3A|41469FC6|10020C04|0A85|C1F00000|1007690F|6805d2a40df426c1
26|2026-09-18T22:43:19.1200000-04:00|71F|Closed Position|60.00|1007690F|Nonohiko Kojama|1007690F|Nonohiko Kojama|00|226488|226488|d28cf5e5ce03d6ac
26|2026-09-18T22:43:19.1200000-04:00|A31|Eukrasian Prognosis|30.00|10020C04|Minda Silva|1007690F|Nonohiko Kojama|00|226488|204515|5b9c825ff47fb6ba
38|2026-09-18T22:43:19.1200000-04:00|100F0C23|Ami Han|0064641E|226668|226668|10000|10000|20||95.02|104.72|0.00|-0.74|0|0|0|0A0168|41F00000|E0000000|1E016C|41F00000|E0000000|0|0|0|0751|40370A34|1003D574|29CE0030|43A1D824|100F0C23|0B7A|413BEFA7|10020C04|0|0|0|0|0|0|0643|40E81854|E0000000|0|0|0|0|0|0|0|0|0|0A31|41F00000|10020C04|0|0|0|0|0|0|0|0|0|0|0|0|0|0|0|0|0|0|0|0|0|0|0|0|0|0|0|0|0|0|0|0|0|0|0|0|0|0|0|0|0|0|0|0|0|0|0|0|0|0|0|0A81|419FCCB9|100F0C23|0722|4169916A|1007690F|0A3A|413BEFA7|10020C04|04E2|40F7333C|100F0C23|0F40|415F999D|1003D574|d4c195158787a972
26|2026-09-18T22:43:19.1200000-04:00|A31|Eukrasian Prognosis|30.00|10020C04|Minda Silva|100F0C23|Ami Han|00|226668|204515|cf1f159c146b7d46
38|2026-09-18T22:43:19.1200000-04:00|1003D574|Zephyra Hana|00646418|205207|205207|9119|10000|16||92.76|106.34|0.00|-0.37|0|0|0|29D20030|44D7F766|1003D574|04B4|415B1265|1003D574|0B7A|41425A25|10020C04|0|0|0|0A31|41F00000|10020C04|0|0|0|0|0|0|0642|40E81854|E0000000|0|0|0|0750|4021FBB8|1003D574|0|0|0|0|0|0|0751|4034188A|1003D574|0|0|0|0|0|0|0|0|0|0|0|0|0|0|0|0|0|0|0|0|0|0|0|0|0|0|0|0|0|0|0|0|0|0|0|0|0|0|0|0|0|0|0|0|0|0|0|0|0|0|0|0722|C1700000|1007690F|0F3F|40F020CE|1003D574|0A3A|41425A25|10020C04|9d8ce7179fb62b89
26|2026-09-18T22:43:19.1200000-04:00|A31|Eukrasian Prognosis|30.00|10020C04|Minda Silva|1003D574|Zephyra Hana|00|205207|204515|2ca75a197c01cb57
38|2026-09-18T22:43:19.1200000-04:00|1004F18C|Abnar Fae|00646415|325333|325333|10000|10000|13||93.98|104.69|-0.02|-0.53|0|0|0|0A2D|42700000|10020C04|29CE0030|44D83336|1004F18C|5B|0|1004F18C|29D50031|407BB549|1004F18C|0B7A|413E106C|10020C04|0751|4034188A|1003D574|0643|40E81854|E0000000|0A31|41F00000|10020C04|0|0|0|0|0|0|0|0|0|0|0|0|0|0|0|0|0|0|0|0|0|0|0|0|0|0|0|0|0|0|0|0|0|0|0|0|0|0|0|0|0|0|0|0|0|0|0|0|0|0|0|0|0|0|0|0|0|0|0|0|0|0|0|0|0|0|0A3A|413E106C|10020C04|0F3F|40F020CE|1003D574|0A75|42078476|1004F18C|0722|C1700000|1007690F|2d93f629bcb634b2
26|2026-09-18T22:43:19.1200000-04:00|A2D|Kardion|60.00|10020C04|Minda Silva|1004F18C|Abnar Fae|00|325333|204515|a13c86e83dbbe8d2
26|2026-09-18T22:43:19.1200000-04:00|A31|Eukrasian Prognosis|30.00|10020C04|Minda Silva|1004F18C|Abnar Fae|00|325333|204515|af4070ad3e0736de
38|2026-09-18T22:43:19.1200000-04:00|10097AAF|Cora Fenix|0064641B|155403|205177|2900|10000|17||94.77|104.17|0.00|-0.71|0|0|0|29CE0030|44EA451A|10097AAF|0751|4034188A|1003D574|0B7A|4139CACA|10020C04|0|0|0|0A31|41F00000|10020C04|29D80031|411A208F|10097AAF|0|0|0|0643|40E81854|E0000000|0|0|0|0|0|0|0|0|0|0|0|0|0|0|0|0|0|0|0|0|0|0|0|0|0|0|0|0|0|0|0|0|0|0|0|0|0|0|0|0|0|0|0|0|0|0|0|0|0|0|0|0|0|0|0|0|0|0|0|0|0|0|0|0|0|0|0A3A|4139CACA|10020C04|0F3F|40F020CE|1003D574|0|0|0|0F22|40F87251|10097AAF|0722|41676C8D|1007690F|966d5e909b7dc993
26|2026-09-18T22:43:19.1200000-04:00|A31|Eukrasian Prognosis|30.00|10020C04|Minda Silva|10097AAF|Cora Fenix|00|205177|204515|eadcdcac9f6600da
38|2026-09-18T22:43:19.1200000-04:00|1008A3F8|Vittorio Dravorn|00646420|298521|325090|6200|10000|13||94.95|104.40|-0.00|2.54|0|0|0|02E7|0|100E036B|29CE0030|448C4906|1008A3F8|0751|4034188A|1003D574|0B7A|414476D1|10020C04|0A31|41F00000|10020C04|29D50031|4078D403|1008A3F8|0642|40E81854|E0000000|0|0|0|0|0|0|0|0|0|0|0|0|0|0|0|0|0|0|0|0|0|0|0|0|0|0|0|0|0|0|0|0|0|0|0|0|0|0|0|0|0|0|0|0|0|0|0|0|0|0|0|0|0|0|0|0|0|0|0|0|0|0|0|0|0|0|0|0|0|0A3A|414476D1|10020C04|0F3F|40F020CE|1003D574|0722|416BB22E|1007690F|32ffe08e601b53dc
26|2026-09-18T22:43:19.1200000-04:00|A31|Eukrasian Prognosis|30.00|10020C04|Minda Silva|1008A3F8|Vittorio Dravorn|00|325090|204515|8708dae9fe6b86e8
38|2026-09-18T22:43:19.1200000-04:00|100B07FE|Erynd Altansarr|00646429|226668|226668|10000|10000|23||95.41|104.76|-0.02|-0.73|0|0|0|29CE0030|4532CE52|100B07FE|0720|42700000|1007690F|0839|4226049F|1007690F|0751|4034188A|1003D574|0B7A|41403961|10020C04|0A31|41F00000|10020C04|0|0|0|0642|40E81854|E0000000|0|0|0|0|0|0|0|0|0|0|0|0|0|0|0|0|0|0|0|0|0|0|0|0|0|0|0|0|0|0|0|0|0|0|0|0|0|0|0|0|0|0|0|0|0|0|0|0|0|0|0|0|0|0|0|0|0|0|0|0|0|0|0|0|0|0|0737|4226049F|1007690F|0EBC|418F7435|100B07FE|0A3A|41403961|10020C04|0E55|40AEC1E6|100B07FE|0F3F|40F020CE|1003D574|0E54|C2200000|100B07FE|0E3F|41F29707|100B07FE|04E2|41064DD7|100B07FE|0722|416DD70B|1007690F|0E49|C1F00000|100B07FE|ad6ae8933be21157
26|2026-09-18T22:43:19.1200000-04:00|A31|Eukrasian Prognosis|30.00|10020C04|Minda Silva|100B07FE|Erynd Altansarr|00|226668|204515|30f21704bf62b54d
31|2026-09-18T22:43:19.1200000-04:00|10020C04|16490028|301|00|00|66fc592d965403fd
00|2026-09-18T22:43:19.1260000-04:00|0030||You lose the effect of Eukrasia.|937e3a5d0f7cbcff
00|2026-09-18T22:43:19.1400000-04:00|002E||   Abnar FaeExodus gains the effect of Shield Samba.|82814a933dd0c785
37|2026-09-18T22:43:19.1620000-04:00|1004F18C|Abnar Fae|000033F1|325333|325333|10000|10000|13||93.98|104.69|-0.02|-0.53|1506|0|0|01|21000722|0|41700000|1007690F|3cafe4eca6ad2db3
37|2026-09-18T22:43:19.1620000-04:00|1007690F|Nonohiko Kojama|000033F1|31644|226488|10000|10000|13||100.48|99.30|-0.00|-0.78|2606|0|0|01|22000A85|0|C1F00000|1007690F|70e834825b926f29
38|2026-09-18T22:43:19.1620000-04:00|1004F18C|Abnar Fae|00646415|325333|325333|10000|10000|13||93.98|104.69|-0.02|-0.53|0|0|0|0A2D|42700000|10020C04|29CE0030|44D831D6|1004F18C|5B|0|1004F18C|29D50031|4078F4C6|1004F18C|0B7A|413D604B|10020C04|0751|40315807|1003D574|0643|40E6B812|E0000000|0A31|41EFA7F0|10020C04|0|0|0|0|0|0|0|0|0|0|0|0|0|0|0|0|0|0|0|0|0|0|0|0|0|0|0|0|0|0|0|0|0|0|0|0|0|0|0|0|0|0|0|0|0|0|0|0|0|0|0|0|0|0|0|0|0|0|0|0|0|0|0|0|0|0|0A3A|413D604B|10020C04|0F3F|40EEC08C|1003D574|0A75|4207586E|1004F18C|0722|416F4FDF|1007690F|378521932f6bc718
00|2026-09-18T22:43:19.1980000-04:00|0029||   Direct hit! Exdeath takes 91971 damage.|6edba49830ed894c
37|2026-09-18T22:43:19.2520000-04:00|40007DC7|Exdeath|000033EA|27129372||||||91.66|107.87|0.00|-0.74|466eb409f1735272
00|2026-09-18T22:43:19.2890000-04:00|002E||   Zephyra HanaMidgardsormr gains the effect of Shield Samba.|cccccd30040bede6
37|2026-09-18T22:43:19.2960000-04:00|1003D574|Zephyra Hana|000033F1|205207|205207|9119|10000|16||92.76|106.34|0.00|-0.37|1807|0|0|01|1E000722|0|41700000|1007690F|8f69f13b32182f27
37|2026-09-18T22:43:19.2960000-04:00|1007690F|Nonohiko Kojama|000033F1|31644|226488|10000|10000|13||99.90|99.90|-0.00|-0.77|2607|0|0|01|22000A85|0|C1F00000|1007690F|1c7faf7969a33a8a
39|2026-09-18T22:43:19.2960000-04:00|1003D574|Zephyra Hana|205207|205207|9326|10000|||92.76|106.34|0.00|-0.37|5741c7bb9fcff369
38|2026-09-18T22:43:19.2960000-04:00|1003D574|Zephyra Hana|00646418|205207|205207|9326|10000|16||92.76|106.34|0.00|-0.37|0|0|0|29D20030|44D7F1B4|1003D574|04B4|4158394F|1003D574|0B7A|413F810F|10020C04|0|0|0|0A31|41EE9375|10020C04|0|0|0|0|0|0|0642|40E26626|E0000000|0|0|0|0750|4016975E|1003D574|0|0|0|0|0|0|0751|4028B430|1003D574|0|0|0|0|0|0|0|0|0|0|0|0|0|0|0|0|0|0|0|0|0|0|0|0|0|0|0|0|0|0|0|0|0|0|0|0|0|0|0|0|0|0|0|0|0|0|0|0|0|0|0|0722|416F4BC7|1007690F|0F3F|40EA6EA0|1003D574|0A3A|413F810F|10020C04|9dc152009766fb3b
37|2026-09-18T22:43:19.3410000-04:00|40007DC7|Exdeath|000033F9|27118095||||||91.66|107.87|0.00|-0.74|40abbcfd044e0c57
261|2026-09-18T22:43:19.3570000-04:00|Change|40007DC4|ModelStatus|16384|2d07b270cf7d045b
261|2026-09-18T22:43:19.4390000-04:00|Change|1003D574|CurrentMP|9326|96b60354c606a846
37|2026-09-18T22:43:19.4750000-04:00|40007DC7|Exdeath|000033F7|27095193||||||91.66|107.87|0.00|-0.74|fffb431e84bd86cc
37|2026-09-18T22:43:19.4750000-04:00|1007690F|Nonohiko Kojama|000033F7|31644|226488|10000|10000|13||99.58|100.21|-0.00|-0.77|2600|0|0|01|22000A85|0|41F00000|1007690F|305fdccd345a8e39
38|2026-09-18T22:43:19.4750000-04:00|1007690F|Nonohiko Kojama|00646426|31644|226488|10000|10000|13||99.58|100.21|-0.00|-0.77|0|0|0|29CE0030|44B1C9D2|1007690F|071F|42700000|1007690F|0B7A|4140ED9A|10020C04|0751|40204180|1003D574|0A31|41ED26E9|10020C04|0|0|0|0|0|0|0643|40DCB3F8|E0000000|0|0|0|0|0|0|0|0|0|0|0|0|0|0|0|0|0|0|0|0|0|0|0|0|0|0|0|0|0|0|0|0|0|0|0|0|0|0|0|0|0|0|0|0|0|0|0|0|0|0|0|0|0|0|0|0|0|0|0|0|0|0|0|0|0|0|0722|415D74C0|1007690F|071D|42249816|1007690F|0737|42249816|1007690F|0A3A|4140ED9A|10020C04|0A85|41EFA5E3|1007690F|3827ea0620b83444
00|2026-09-18T22:43:19.5110000-04:00|002B||Nonohiko KojamaFamfrit uses Cascade.|d62325cdc9c1bd83
00|2026-09-18T22:43:19.5110000-04:00|0029||   Exdeath takes 22902 damage.|6d90cee7bb10e78a
00|2026-09-18T22:43:19.5110000-04:00|002E||   Nonohiko KojamaFamfrit gains the effect of Silken Symmetry.|f118e54f2eb86eeb
261|2026-09-18T22:43:19.5240000-04:00|Change|1007690F|Heading|-0.7731|PosX|98.4992|PosY|101.2097|PosZ|-0.0036|d6a47dad955516cd
00|2026-09-18T22:43:19.5670000-04:00|0029||Critical direct hit! Nonohiko KojamaFamfrit hits Exdeath for 16335 damage.|fbc4738f35a03f92
00|2026-09-18T22:43:19.5670000-04:00|002B||Erynd AltansarrCoeurl uses Hunter's Coil.|de158d977e573a34
00|2026-09-18T22:43:19.5670000-04:00|0029||   Chaos takes 63901(+7%) damage.|eca7cdaadeb433fe
00|2026-09-18T22:43:19.5670000-04:00|002E||   Erynd AltansarrCoeurl gains the effect of Hunter's Instinct.|eb801ac60019d77e
00|2026-09-18T22:43:19.5670000-04:00|002E||   Erynd AltansarrCoeurl gains the effect of Hunter's Venom.|77ca609701640e29
21|2026-09-18T22:43:19.5200000-04:00|1007690F|Nonohiko Kojama|07|attack|40007DC7|Exdeath|726003|3FCF0000|0|0|0|0|0|0|0|0|0|0|0|0|0|0|27118095|37552669|10000|10000|||91.66|107.87|0.00|-0.74|31644|226488|10000|10000|||98.92|100.82|-0.00|-0.77|000033FC|0|1|00||01|07|07|0.100|5E5D|77655974291b6afe
264|2026-09-18T22:43:19.5200000-04:00|1007690F|0007|000033FC|0||||-0.826|40007DC7|3ec07fa618dc3bbe
21|2026-09-18T22:43:19.5200000-04:00|100F0C23|Ami Han|8C0|Spinning Edge|40007DC8|Chaos|710003|5CB70000|53E|9F8000|1B|8C08000|0|0|0|0|0|0|0|0|0|0|20580090|37552669|10000|10000|||92.21|107.80|0.00|2.39|226668|226668|10000|10000|||95.02|104.72|0.00|-0.74|000033FD|0|1|00||01|8C0|8C0|0.600|61C6|b91a3ae677283f49
264|2026-09-18T22:43:19.5200000-04:00|100F0C23|08C0|000033FD|0||||-0.742|40007DC8|095d1ad535fdf480
37|2026-09-18T22:43:19.5640000-04:00|40007DC8|Chaos|000033F5|20540186||||||92.21|107.80|0.00|2.39|cf25f1e02c9e5ca3
261|2026-09-18T22:43:19.5570000-04:00|Change|40007DC3|Heading|0.7854|PosX|85.8579|PosY|85.8579|PosZ|-0.0000|25da36ad10ec5d71
271|2026-09-18T22:43:19.5640000-04:00|40007DC3|0.7854|00|00|85.8579|85.8579|0.0000|4d142d0b1d346e63
21|2026-09-18T22:43:19.5640000-04:00|100B07FE|Erynd Altansarr|874C|Twinfang Bite|40007DC8|Chaos|714003|4F560000|1000F|E4A8000|0|0|0|0|0|0|0|0|0|0|0|0|20580090|37552669|10000|10000|||92.21|107.80|0.00|2.39|226668|226668|10000|10000|||95.55|104.50|-0.00|-0.71|000033FE|0|1|00||01|874C|874C|0.600|6042|bd4da3776ba672a8
264|2026-09-18T22:43:19.5640000-04:00|100B07FE|874C|000033FE|0||||-0.779|40007DC8|e70a498fc1aef978
38|2026-09-18T22:43:19.5640000-04:00|100B07FE|Erynd Altansarr|00646429|226668|226668|10000|10000|23||95.55|104.50|-0.00|-0.71|0|0|0|29CE0030|4532C736|100B07FE|0720|42700000|1007690F|0839|42243CF3|1007690F|0751|40179DA9|1003D574|0B7A|41391AAA|10020C04|0A31|41EC70A4|10020C04|0|0|0|0642|40D9DAE1|E0000000|0|0|0|0|0|0|0|0|0|0|0|0|0|0|0|0|0|0|0|0|0|0|0|0|0|0|0|0|0|0|0|0|0|0|0|0|0|0|0|0|0|0|0|0|0|0|0|0|0|0|0|0|0|0|0|0|0|0|0|0|0|0|0|0|0|0|0737|42243CF3|1007690F|0EBC|418BE4D9|100B07FE|0A3A|41391AAA|10020C04|0E55|40A08473|100B07FE|0F3F|40E1E35B|1003D574|0E54|C2200000|100B07FE|0E3F|41EF07AB|100B07FE|04E2|40FE5E3F|100B07FE|0722|4166B854|1007690F|0E4A|C1F00000|100B07FE|b231183ad8e483e2
30|2026-09-18T22:43:19.5640000-04:00|E49|Hunter's Venom|0.00|100B07FE|Erynd Altansarr|100B07FE|Erynd Altansarr|00|226668|226668|310a31d117372dfa
26|2026-09-18T22:43:19.5640000-04:00|E4A|Swiftskin's Venom|30.00|100B07FE|Erynd Altansarr|100B07FE|Erynd Altansarr|00|226668|226668|04a8f8ee876d892c
00|2026-09-18T22:43:19.6100000-04:00|002B||Zephyra HanaMidgardsormr uses Plenary Indulgence.|d1385b3d7eb712d2
00|2026-09-18T22:43:19.6100000-04:00|002E||   Zephyra HanaMidgardsormr gains the effect of Confession.|f000c466b3f36c47
00|2026-09-18T22:43:19.6100000-04:00|002E||   Abnar FaeExodus gains the effect of Confession.|be27b7dae97277d4
00|2026-09-18T22:43:19.6100000-04:00|002E||   Ami HanMidgardsormr gains the effect of Confession.|af00a085af28750a
00|2026-09-18T22:43:19.6100000-04:00|002E||   Cora FenixLeviathan gains the effect of Confession.|bc6520754b0b447e
00|2026-09-18T22:43:19.6100000-04:00|002E||   Vittorio DravornCoeurl gains the effect of Confession.|8807caa150e35bdb
00|2026-09-18T22:43:19.6100000-04:00|002E||   Erynd AltansarrCoeurl gains the effect of Confession.|2acaf63a38f63206
00|2026-09-18T22:43:19.6100000-04:00|002E||   You gain the effect of Confession.|9a7380f05170f0b8
00|2026-09-18T22:43:19.6100000-04:00|002E||   Nonohiko KojamaFamfrit gains the effect of Confession.|85f84586bb89910d
22|2026-09-18T22:43:19.6080000-04:00|1003D574|Zephyra Hana|DF3|Assize|40007DC8|Chaos|750003|AC6D0000|0|0|0|0|0|0|0|0|0|0|0|0|0|0|20540186|37552669|10000|10000|||92.21|107.80|0.00|2.39|205207|205207|9326|10000|||92.76|106.34|0.00|-0.37|000033FF|0|10|00||01|DF3|DF3|0.600|70EE|66d891950a1ad3df
22|2026-09-18T22:43:19.6080000-04:00|1003D574|Zephyra Hana|DF3|Assize|40007DC7|Exdeath|750003|A53B0000|0|0|0|0|0|0|0|0|0|0|0|0|0|0|27095193|37552669|10000|10000|||91.66|107.87|0.00|-0.74|205207|205207|9326|10000|||92.76|106.34|0.00|-0.37|000033FF|1|10|00||01|DF3|DF3|0.600|70EE|2f2fc42497e780bd
22|2026-09-18T22:43:19.6080000-04:00|1003D574|Zephyra Hana|DF3|Assize|1003D574|Zephyra Hana|4|7F4F0000|B|1F40000|0|0|0|0|0|0|0|0|0|0|0|0|205207|205207|9326|10000|||92.76|106.34|0.00|-0.37|205207|205207|9326|10000|||92.76|106.34|0.00|-0.37|000033FF|2|10|00||01|DF3|DF3|0.600|70EE|05e1353467284ddd
22|2026-09-18T22:43:19.6080000-04:00|1003D574|Zephyra Hana|DF3|Assize|1004F18C|Abnar Fae|200004|CAD60000|0|0|0|0|0|0|0|0|0|0|0|0|0|0|325333|325333|10000|10000|||93.94|104.76|-0.00|-0.56|205207|205207|9326|10000|||92.76|106.34|0.00|-0.37|000033FF|3|10|00||01|DF3|DF3|0.600|70EE|eb420702e861c323
22|2026-09-18T22:43:19.6080000-04:00|1003D574|Zephyra Hana|DF3|Assize|100F0C23|Ami Han|4|83880000|0|0|0|0|0|0|0|0|0|0|0|0|0|0|226668|226668|10000|10000|||95.02|104.72|0.00|-0.74|205207|205207|9326|10000|||92.76|106.34|0.00|-0.37|000033FF|4|10|00||01|DF3|DF3|0.600|70EE|c803838aa004d1d6
22|2026-09-18T22:43:19.6080000-04:00|1003D574|Zephyra Hana|DF3|Assize|10097AAF|Cora Fenix|4|7D930000|0|0|0|0|0|0|0|0|0|0|0|0|0|0|155403|205177|2900|10000|||94.77|104.17|0.00|-0.71|205207|205207|9326|10000|||92.76|106.34|0.00|-0.37|000033FF|5|10|00||01|DF3|DF3|0.600|70EE|0da42d8c0561a67b
22|2026-09-18T22:43:19.6080000-04:00|1003D574|Zephyra Hana|DF3|Assize|1008A3F8|Vittorio Dravorn|4|82300000|0|0|0|0|0|0|0|0|0|0|0|0|0|0|298521|325090|6200|10000|||94.99|104.36|0.00|2.40|205207|205207|9326|10000|||92.76|106.34|0.00|-0.37|000033FF|6|10|00||01|DF3|DF3|0.600|70EE|daecb613cf623883
22|2026-09-18T22:43:19.6080000-04:00|1003D574|Zephyra Hana|DF3|Assize|100B07FE|Erynd Altansarr|200004|D47F0000|0|0|0|0|0|0|0|0|0|0|0|0|0|0|226668|226668|10000|10000|||95.73|104.27|-0.00|-0.78|205207|205207|9326|10000|||92.76|106.34|0.00|-0.37|000033FF|7|10|00||01|DF3|DF3|0.600|70EE|1679b940d653131c
22|2026-09-18T22:43:19.6080000-04:00|1003D574|Zephyra Hana|DF3|Assize|1007690F|Nonohiko Kojama|4|7C390000|0|0|0|0|0|0|0|0|0|0|0|0|0|0|31644|226488|10000|10000|||98.24|101.45|-0.02|-0.78|205207|205207|9326|10000|||92.76|106.34|0.00|-0.37|000033FF|8|10|00||01|DF3|DF3|0.600|70EE|ebed04baeb69fd7f
22|2026-09-18T22:43:19.6080000-04:00|1003D574|Zephyra Hana|DF3|Assize|10020C04|Minda Silva|4|82E90000|0|0|0|0|0|0|0|0|0|0|0|0|0|0|204515|204515|6200|10000|||96.96|101.66|0.00|-0.16|205207|205207|9326|10000|||92.76|106.34|0.00|-0.37|000033FF|9|10|00||01|DF3|DF3|0.600|70EE|ca04c7022ec2d480
264|2026-09-18T22:43:19.6080000-04:00|1003D574|0DF3|000033FF|1|-0.015|-0.015|-0.015|-0.370|1003D574|c6986e18f2c813f0
22|2026-09-18T22:43:19.6530000-04:00|40007DC3|Kefka|BAE3|Ultima Blaster|10020C04|Minda Silva|750003|0|1B|BAE38000|0|0|0|0|0|0|0|0|0|0|0|0|204515|204515|6200|10000|||96.96|101.66|0.00|-0.16|9415000|9415000|10000|10000|||85.86|85.86|-0.00|0.79|00003400|0|8|00||01|BAE3|BAE3|1.800|9FFF|0b1b3a2f5d624d0f
22|2026-09-18T22:43:19.6530000-04:00|40007DC3|Kefka|BAE3|Ultima Blaster|1007690F|Nonohiko Kojama|750003|0|1B|BAE38000|0|0|0|0|0|0|0|0|0|0|0|0|31644|226488|10000|10000|||97.54|102.09|-0.00|-0.79|9415000|9415000|10000|10000|||85.86|85.86|-0.00|0.79|00003400|1|8|00||01|BAE3|BAE3|1.800|9FFF|634901e39c80db7b
22|2026-09-18T22:43:19.6530000-04:00|40007DC3|Kefka|BAE3|Ultima Blaster|10097AAF|Cora Fenix|750003|0|1B|BAE38000|0|0|0|0|0|0|0|0|0|0|0|0|155403|205177|2900|10000|||94.77|104.17|0.00|-0.71|9415000|9415000|10000|10000|||85.86|85.86|-0.00|0.79|00003400|2|8|00||01|BAE3|BAE3|1.800|9FFF|92ae6a3870c2d34e
22|2026-09-18T22:43:19.6530000-04:00|40007DC3|Kefka|BAE3|Ultima Blaster|1004F18C|Abnar Fae|750003|0|1B|BAE38000|0|0|0|0|0|0|0|0|0|0|0|0|325333|325333|10000|10000|||93.92|104.78|-0.00|-0.59|9415000|9415000|10000|10000|||85.86|85.86|-0.00|0.79|00003400|3|8|00||01|BAE3|BAE3|1.800|9FFF|326b71c3539a5948
22|2026-09-18T22:43:19.6530000-04:00|40007DC3|Kefka|BAE3|Ultima Blaster|1008A3F8|Vittorio Dravorn|750003|0|1B|BAE38000|0|0|0|0|0|0|0|0|0|0|0|0|298521|325090|6200|10000|||94.99|104.36|0.00|2.40|9415000|9415000|10000|10000|||85.86|85.86|-0.00|0.79|00003400|4|8|00||01|BAE3|BAE3|1.800|9FFF|cee7a5c67fe27a8c
22|2026-09-18T22:43:19.6530000-04:00|40007DC3|Kefka|BAE3|Ultima Blaster|100B07FE|Erynd Altansarr|750003|0|1B|BAE38000|0|0|0|0|0|0|0|0|0|0|0|0|226668|226668|10000|10000|||95.81|104.16|-0.00|-0.78|9415000|9415000|10000|10000|||85.86|85.86|-0.00|0.79|00003400|5|8|00||01|BAE3|BAE3|1.800|9FFF|ec083cdba584bb25
22|2026-09-18T22:43:19.6530000-04:00|40007DC3|Kefka|BAE3|Ultima Blaster|100F0C23|Ami Han|750003|0|1B|BAE38000|0|0|0|0|0|0|0|0|0|0|0|0|226668|226668|10000|10000|||95.02|104.72|0.00|-0.74|9415000|9415000|10000|10000|||85.86|85.86|-0.00|0.79|00003400|6|8|00||01|BAE3|BAE3|1.800|9FFF|74b197380f809363
22|2026-09-18T22:43:19.6530000-04:00|40007DC3|Kefka|BAE3|Ultima Blaster|1003D574|Zephyra Hana|750003|0|1B|BAE38000|0|0|0|0|0|0|0|0|0|0|0|0|205207|205207|9326|10000|||92.76|106.34|0.00|-0.37|9415000|9415000|10000|10000|||85.86|85.86|-0.00|0.79|00003400|7|8|00||01|BAE3|BAE3|1.800|9FFF|6559816baf41e3d0
264|2026-09-18T22:43:19.6530000-04:00|40007DC3|BAE3|00003400|1|-0.015|-0.015|-0.015|0.785|40007DC3|94bfca966f919986
37|2026-09-18T22:43:19.6970000-04:00|1003D574|Zephyra Hana|000033FA|205207|205207|9326|10000|16||92.76|106.34|0.00|-0.37|1800|0|0|01|210004C3|FFF6|41200000|1003D574|b042aa5ba4e3e906
26|2026-09-18T22:43:19.6970000-04:00|4C3|Confession|10.00|1003D574|Zephyra Hana|1003D574|Zephyra Hana|FFF6|205207|205207|8469b93f0d20769f
261|2026-09-18T22:43:19.7280000-04:00|Change|40007DC3|ModelStatus|0|ff8026fb59d5bc1b
261|2026-09-18T22:43:19.7760000-04:00|Change|40007DC8|CastBuffID|0|CastDurationCurrent|0.0000|CastDurationMax|0.0000|Heading|2.3872|IsCasting1|0|IsCasting2|0|b6b941e92d62391d
37|2026-09-18T22:43:19.7420000-04:00|40007DC8|Chaos|000033F8|20476285||||||92.21|107.80|0.00|2.39|0803c99aad04e65a
37|2026-09-18T22:43:19.7420000-04:00|100B07FE|Erynd Altansarr|000033F8|226668|226668|10000|10000|23||95.81|104.16|-0.00|-0.78|2900|0|0|02|23000E54|0|42200000|100B07FE|27000E4A|0|C1F00000|100B07FE|446323bbbcec33c7
38|2026-09-18T22:43:19.7420000-04:00|100B07FE|Erynd Altansarr|00646429|226668|226668|10000|10000|23||95.81|104.16|-0.00|-0.78|0|0|0|29CE0030|4532C45E|100B07FE|0720|42700000|1007690F|0839|422386AF|1007690F|0751|400C394F|1003D574|0B7A|41364194|10020C04|0A31|41EB0418|10020C04|0|0|0|0642|40D428B3|E0000000|0|0|0|0|0|0|0|0|0|0|0|0|0|0|0|0|0|0|0|0|0|0|0|0|0|0|0|0|0|0|0|0|0|0|0|0|0|0|0|0|0|0|0|0|0|0|0|0|0|0|0|0|0|0|0|0|0|0|0|0|0|0|0|0|0|0|0737|422386AF|1007690F|0EBC|418A784D|100B07FE|0A3A|41364194|10020C04|0E55|409AD245|100B07FE|0F3F|40DC312D|1003D574|0E54|421FD2F2|100B07FE|0E3F|41ED9B1F|100B07FE|04E2|40F8AC11|100B07FE|0722|4163DF3E|1007690F|0E4A|C1F00000|100B07FE|2905829b851ddd03
22|2026-09-18T22:43:19.7860000-04:00|1007690F|Nonohiko Kojama|3E8F|Curing Waltz|1007690F|Nonohiko Kojama|4|48120000|0|0|0|0|0|0|0|0|0|0|0|0|0|0|31644|226488|10000|10000|||97.54|102.09|-0.00|-0.79|31644|226488|10000|10000|||97.54|102.09|-0.00|-0.79|00003401|0|15|00||01|3E8F|3E8F|0.600|5D17|68ddb764d6198aa8
22|2026-09-18T22:43:19.7860000-04:00|1007690F|Nonohiko Kojama|3E8F|Curing Waltz|100B07FE|Erynd Altansarr|4|48D50000|0|0|0|0|0|0|0|0|0|0|0|0|0|0|226668|226668|10000|10000|||95.81|104.16|-0.00|-0.78|31644|226488|10000|10000|||97.54|102.09|-0.00|-0.79|00003401|1|15|00||01|3E8F|3E8F|0.600|5D17|2fd045b0f8bbe2a0
22|2026-09-18T22:43:19.7860000-04:00|1007690F|Nonohiko Kojama|3E8F|Curing Waltz|1008A3F8|Vittorio Dravorn|4|48E40000|0|0|0|0|0|0|0|0|0|0|0|0|0|0|298521|325090|6200|10000|||94.99|104.36|0.00|2.40|31644|226488|10000|10000|||97.54|102.09|-0.00|-0.79|00003401|2|15|00||01|3E8F|3E8F|0.600|5D17|bd6dda6fd1313a65
22|2026-09-18T22:43:19.7860000-04:00|1007690F|Nonohiko Kojama|3E8F|Curing Waltz|10097AAF|Cora Fenix|4|47CA0000|0|0|0|0|0|0|0|0|0|0|0|0|0|0|155403|205177|2900|10000|||94.77|104.17|0.00|-0.71|31644|226488|10000|10000|||97.54|102.09|-0.00|-0.79|00003401|3|15|00||01|3E8F|3E8F|0.600|5D17|d02a368b9db3daed
22|2026-09-18T22:43:19.7860000-04:00|1007690F|Nonohiko Kojama|3E8F|Curing Waltz|100F0C23|Ami Han|4|49800000|0|0|0|0|0|0|0|0|0|0|0|0|0|0|226668|226668|10000|10000|||95.02|104.72|0.00|-0.74|31644|226488|10000|10000|||97.54|102.09|-0.00|-0.79|00003401|4|15|00||01|3E8F|3E8F|0.600|5D17|950a5143d5570b7b
22|2026-09-18T22:43:19.7860000-04:00|1007690F|Nonohiko Kojama|3E8F|Curing Waltz|10020C04|Minda Silva|4|477F0000|0|0|0|0|0|0|0|0|0|0|0|0|0|0|204515|204515|6200|10000|||96.96|101.66|0.00|-0.16|31644|226488|10000|10000|||97.54|102.09|-0.00|-0.79|00003401|5|15|00||01|3E8F|3E8F|0.600|5D17|6818089bcc05564e
22|2026-09-18T22:43:19.7860000-04:00|1007690F|Nonohiko Kojama|3E8F|Curing Waltz|1004F18C|Abnar Fae|4|486A0000|0|0|0|0|0|0|0|0|0|0|0|0|0|0|325333|325333|10000|10000|||93.92|104.78|-0.00|-0.59|31644|226488|10000|10000|||97.54|102.09|-0.00|-0.79|00003401|6|15|00||01|3E8F|3E8F|0.600|5D17|bd7fdf5aa1bc0add
22|2026-09-18T22:43:19.7860000-04:00|1007690F|Nonohiko Kojama|3E8F|Curing Waltz|1007690F|Nonohiko Kojama|4|49580000|0|0|0|0|0|0|0|0|0|0|0|0|0|0|31644|226488|10000|10000|||97.54|102.09|-0.00|-0.79|31644|226488|10000|10000|||97.54|102.09|-0.00|-0.79|00003401|7|15|00||01|3E8F|3E8F|0.600|5D17|6bdaf79a15b95a3e
22|2026-09-18T22:43:19.7860000-04:00|1007690F|Nonohiko Kojama|3E8F|Curing Waltz|100B07FE|Erynd Altansarr|4|468C0000|0|0|0|0|0|0|0|0|0|0|0|0|0|0|226668|226668|10000|10000|||95.81|104.16|-0.00|-0.78|31644|226488|10000|10000|||97.54|102.09|-0.00|-0.79|00003401|8|15|00||01|3E8F|3E8F|0.600|5D17|8a5c22899b23b717
22|2026-09-18T22:43:19.7860000-04:00|1007690F|Nonohiko Kojama|3E8F|Curing Waltz|1008A3F8|Vittorio Dravorn|4|47E60000|0|0|0|0|0|0|0|0|0|0|0|0|0|0|298521|325090|6200|10000|||94.99|104.36|0.00|2.40|31644|226488|10000|10000|||97.54|102.09|-0.00|-0.79|00003401|9|15|00||01|3E8F|3E8F|0.600|5D17|f93ded1eb42a650e
22|2026-09-18T22:43:19.7860000-04:00|1007690F|Nonohiko Kojama|3E8F|Curing Waltz|10097AAF|Cora Fenix|4|49E60000|0|0|0|0|0|0|0|0|0|0|0|0|0|0|155403|205177|2900|10000|||94.77|104.17|0.00|-0.71|31644|226488|10000|10000|||97.54|102.09|-0.00|-0.79|00003401|10|15|00||01|3E8F|3E8F|0.600|5D17|df7ecfdc12fe4375
22|2026-09-18T22:43:19.7860000-04:00|1007690F|Nonohiko Kojama|3E8F|Curing Waltz|100F0C23|Ami Han|200004|756C0000|0|0|0|0|0|0|0|0|0|0|0|0|0|0|226668|226668|10000|10000|||95.02|104.72|0.00|-0.74|31644|226488|10000|10000|||97.54|102.09|-0.00|-0.79|00003401|11|15|00||01|3E8F|3E8F|0.600|5D17|388722574382607f
22|2026-09-18T22:43:19.7860000-04:00|1007690F|Nonohiko Kojama|3E8F|Curing Waltz|10020C04|Minda Silva|200004|75240000|0|0|0|0|0|0|0|0|0|0|0|0|0|0|204515|204515|6200|10000|||96.96|101.66|0.00|-0.16|31644|226488|10000|10000|||97.54|102.09|-0.00|-0.79|00003401|12|15|00||01|3E8F|3E8F|0.600|5D17|4439261323431637
22|2026-09-18T22:43:19.7860000-04:00|1007690F|Nonohiko Kojama|3E8F|Curing Waltz|1003D574|Zephyra Hana|200004|75E00000|0|0|0|0|0|0|0|0|0|0|0|0|0|0|205207|205207|9326|10000|||92.76|106.34|0.00|-0.37|31644|226488|10000|10000|||97.54|102.09|-0.00|-0.79|00003401|13|15|00||01|3E8F|3E8F|0.600|5D17|46687f5fe3470bd3
22|2026-09-18T22:43:19.7860000-04:00|1007690F|Nonohiko Kojama|3E8F|Curing Waltz|1004F18C|Abnar Fae|4|45F70000|0|0|0|0|0|0|0|0|0|0|0|0|0|0|325333|325333|10000|10000|||93.92|104.78|-0.00|-0.59|31644|226488|10000|10000|||97.54|102.09|-0.00|-0.79|00003401|14|15|00||01|3E8F|3E8F|0.600|5D17|84f78dd76344a6db
264|2026-09-18T22:43:19.7860000-04:00|1007690F|3E8F|00003401|1|-0.015|-0.015|-0.015|-0.857|1007690F|c985c3c616a511d8
22|2026-09-18T22:43:19.7860000-04:00|40007DC8|Chaos|BB00|Umbra Smash|10020C04|Minda Silva|750003|930000|1B|BB008000|0|0|0|0|0|0|0|0|0|0|0|0|204515|204515|6200|10000|||96.96|101.66|0.00|-0.16|20540186|37552669|10000|10000|||92.21|107.80|0.00|2.39|00003402|0|8|00||01|BB00|BB00|4.100|E143|223383dff8fb55b7
22|2026-09-18T22:43:19.7860000-04:00|40007DC8|Chaos|BB00|Umbra Smash|1007690F|Nonohiko Kojama|750003|118D0000|1B|BB008000|0|0|0|0|0|0|0|0|0|0|0|0|31644|226488|10000|10000|||97.54|102.09|-0.00|-0.79|20540186|37552669|10000|10000|||92.21|107.80|0.00|2.39|00003402|1|8|00||01|BB00|BB00|4.100|E143|545b642d71b0876c
22|2026-09-18T22:43:19.7860000-04:00|40007DC8|Chaos|BB00|Umbra Smash|100B07FE|Erynd Altansarr|750003|0|1B|BB008000|0|0|0|0|0|0|0|0|0|0|0|0|226668|226668|10000|10000|||95.81|104.16|-0.00|-0.78|20540186|37552669|10000|10000|||92.21|107.80|0.00|2.39|00003402|2|8|00||01|BB00|BB00|4.100|E143|c8eec7a70f8bf747
22|2026-09-18T22:43:19.7860000-04:00|40007DC8|Chaos|BB00|Umbra Smash|1008A3F8|Vittorio Dravorn|750003|0|1B|BB008000|0|0|0|0|0|0|0|0|0|0|0|0|298521|325090|6200|10000|||94.99|104.36|0.00|2.40|20540186|37552669|10000|10000|||92.21|107.80|0.00|2.39|00003402|3|8|00||01|BB00|BB00|4.100|E143|6b1fa77f87fd2bef
22|2026-09-18T22:43:19.7860000-04:00|40007DC8|Chaos|BB00|Umbra Smash|10097AAF|Cora Fenix|750003|0|1B|BB008000|0|0|0|0|0|0|0|0|0|0|0|0|155403|205177|2900|10000|||94.77|104.17|0.00|-0.71|20540186|37552669|10000|10000|||92.21|107.80|0.00|2.39|00003402|4|8|00||01|BB00|BB00|4.100|E143|fda25dc906f4f5bd
22|2026-09-18T22:43:19.7860000-04:00|40007DC8|Chaos|BB00|Umbra Smash|100F0C23|Ami Han|750003|0|1B|BB008000|0|0|0|0|0|0|0|0|0|0|0|0|226668|226668|10000|10000|||95.02|104.72|0.00|-0.74|20540186|37552669|10000|10000|||92.21|107.80|0.00|2.39|00003402|5|8|00||01|BB00|BB00|4.100|E143|3006aede18b3d354
22|2026-09-18T22:43:19.7860000-04:00|40007DC8|Chaos|BB00|Umbra Smash|1004F18C|Abnar Fae|750003|0|1B|BB008000|0|0|0|0|0|0|0|0|0|0|0|0|325333|325333|10000|10000|||93.92|104.78|-0.00|-0.59|20540186|37552669|10000|10000|||92.21|107.80|0.00|2.39|00003402|6|8|00||01|BB00|BB00|4.100|E143|ade9a426305fcf9c
22|2026-09-18T22:43:19.7860000-04:00|40007DC8|Chaos|BB00|Umbra Smash|1003D574|Zephyra Hana|750003|0|1B|BB008000|0|0|0|0|0|0|0|0|0|0|0|0|205207|205207|9326|10000|||92.76|106.34|0.00|-0.37|20540186|37552669|10000|10000|||92.21|107.80|0.00|2.39|00003402|7|8|00||01|BB00|BB00|4.100|E143|6daf067a5f865243
264|2026-09-18T22:43:19.7860000-04:00|40007DC8|BB00|00003402|1|112.352|86.381|-0.015|2.387|E0000000|fc173aa041462fc5
00|2026-09-18T22:43:19.8370000-04:00|002B||You cast Eukrasian Prognosis II.|6d7219cc288f8f32
00|2026-09-18T22:43:19.8780000-04:00|002B||Ami HanMidgardsormr uses Spinning Edge.|5fed0e8b9b5f50f0
00|2026-09-18T22:43:19.8780000-04:00|0029||   Chaos takes 23735 damage.|8a8cec5a59af72b3
00|2026-09-18T22:43:19.8780000-04:00|002D||   You recover 8078 HP.|fcdaf60a3f0aeca4
00|2026-09-18T22:43:19.8780000-04:00|002E||   You gain the effect of Eukrasian Prognosis.|a350f1676656d45d
00|2026-09-18T22:43:19.8780000-04:00|0029||Ami HanMidgardsormr hits Chaos for 6062 damage.|3bd294b849382ca6
37|2026-09-18T22:43:19.8300000-04:00|1004F18C|Abnar Fae|000033FA|325333|325333|10000|10000|13||93.91|104.79|-0.00|-0.60|1501|0|0|01|220004C3|FFF6|41200000|1003D574|413e85abfe138900
26|2026-09-18T22:43:19.8300000-04:00|4C3|Confession|10.00|1003D574|Zephyra Hana|1004F18C|Abnar Fae|FFF6|325333|205207|5c5aded66445eab7
21|2026-09-18T22:43:19.8760000-04:00|100F0C23|Ami Han|07|attack|40007DC8|Chaos|710003|17AE0000|0|0|0|0|0|0|0|0|0|0|0|0|0|0|20540186|37552669|10000|10000|||92.21|107.80|0.00|2.39|226668|226668|10000|10000|||95.02|104.72|0.00|-0.74|00003403|0|1|00||01|07|07|0.244|61C6|29200813afafc091
264|2026-09-18T22:43:19.8760000-04:00|100F0C23|0007|00003403|0||||-0.742|40007DC8|de6d2cf68bc7e104
261|2026-09-18T22:43:19.9080000-04:00|Change|10020C04|CurrentMP|6200|Heading|-0.1591|PosX|96.9557|PosY|101.6604|02f2489ff0d8ba4f
261|2026-09-18T22:43:19.9570000-04:00|Change|1008A3F8|CurrentMP|6400|Heading|2.3872|PosX|94.9874|PosY|104.3563|PosZ|0.0000|a3ac3ad46fa016ae
37|2026-09-18T22:43:19.9210000-04:00|40007DC8|Chaos|000033FD|20452550||||||92.21|107.80|0.00|2.39|9a2199e7c29878b3
39|2026-09-18T22:43:19.9210000-04:00|1008A3F8|Vittorio Dravorn|301771|325090|6400|10000|||94.99|104.36|0.00|2.39|90ca61699805a382
37|2026-09-18T22:43:19.9650000-04:00|100F0C23|Ami Han|000033FA|226668|226668|10000|10000|20||95.02|104.72|0.00|-0.74|1E02|0|0|01|230004C3|FFF6|41200000|1003D574|3ba13b82a41c80aa
26|2026-09-18T22:43:19.9650000-04:00|4C3|Confession|10.00|1003D574|Zephyra Hana|100F0C23|Ami Han|FFF6|226668|205207|68174cd041df233b
24|2026-09-18T22:43:19.9650000-04:00|100B07FE|Erynd Altansarr|HoT|0|2125|226668|226668|10000|10000|||95.65|104.14|-0.00|-0.78|1007690F|Nonohiko Kojama|0|31644|226488|10000|10000|||97.14|102.46|-0.00|-0.86|54da22eff2841cd0
38|2026-09-18T22:43:19.9650000-04:00|100B07FE|Erynd Altansarr|00646429|226668|226668|10000|10000|23||95.65|104.14|-0.00|-0.78|0|0|0|29CE0030|4532C0CA|100B07FE|0720|42700000|1007690F|0839|4222A151|1007690F|0751|3FFBC695|1003D574|0B7A|4132AC13|10020C04|0A31|41E93957|10020C04|0|0|0|0642|40CCFDB0|E0000000|0|0|0|0|0|0|0|0|0|0|0|0|0|0|0|0|0|0|0|0|0|0|0|0|0|0|0|0|0|0|0|0|0|0|0|0|0|0|0|0|0|0|0|0|0|0|0|0|0|0|0|0|0|0|0|0|0|0|0|0|0|0|0|0|0|0|0737|4222A151|1007690F|0EBC|4188AD8C|100B07FE|0A3A|4132AC13|10020C04|0E55|4093A742|100B07FE|0F3F|40D5062A|1003D574|0E54|421EED94|100B07FE|0E3F|41EBD05E|100B07FE|04E2|40F1810E|100B07FE|0722|416049BD|1007690F|0E4A|C1F00000|100B07FE|36c13ea85c01ece9
00|2026-09-18T22:43:20.0010000-04:00|002B||Kefka uses Ultima Blaster.|e6a2376f569e340e
00|2026-09-18T22:43:20.0010000-04:00|0029||   You take 0 damage.|15131fd856bc28f5
00|2026-09-18T22:43:20.0010000-04:00|0029||   Nonohiko KojamaFamfrit takes 0 damage.|33d91a21ba4923b5
00|2026-09-18T22:43:20.0010000-04:00|0029||   Cora FenixLeviathan takes 0 damage.|9b18fa5a79dd986d
00|2026-09-18T22:43:20.0010000-04:00|0029||   Abnar FaeExodus takes 0 damage.|5f00d424859fc9d2
00|2026-09-18T22:43:20.0010000-04:00|0029||   Vittorio DravornCoeurl takes 0 damage.|08b24e2629e3fdbb
00|2026-09-18T22:43:20.0010000-04:00|0029||   Erynd AltansarrCoeurl takes 0 damage.|0272d67f5b40a018
00|2026-09-18T22:43:20.0010000-04:00|0029||   Ami HanMidgardsormr takes 0 damage.|a86f30f3a381c543
00|2026-09-18T22:43:20.0010000-04:00|0029||   Zephyra HanaMidgardsormr takes 0 damage.|61942b3b3be8485a
00|2026-09-18T22:43:20.0320000-04:00|002D||   Nonohiko KojamaFamfrit recovers 8334 HP.|f71a9bba25648212
00|2026-09-18T22:43:20.0320000-04:00|002E||   Nonohiko KojamaFamfrit gains the effect of Eukrasian Prognosis.|351f12145834c3e8
261|2026-09-18T22:43:20.0480000-04:00|Change|10097AAF|CurrentMP|2600|62bf24fc1a7e0bc3
00|2026-09-18T22:43:20.0580000-04:00|0030||You lose the effect of Eukrasian Prognosis.|3181362df36a1e34
00|2026-09-18T22:43:20.0580000-04:00|002E||You gain the effect of Divine Aura.|4b156960f2cf977c
00|2026-09-18T22:43:20.0580000-04:00|0030||You lose the effect of Divine Caress.|3e226e7f91706f67
00|2026-09-18T22:43:20.0580000-04:00|0030||Nonohiko KojamaFamfrit loses the effect of Eukrasian Prognosis.|22bcf73a80f79d58
38|2026-09-18T22:43:20.0100000-04:00|10020C04|Minda Silva|00646428|204515|204515|6200|10000|0||96.96|101.66|0.00|-0.16|0|0|0|0A0168|41F00000|E0000000|29D20030|45115461|10020C04|0A2C|42700000|10020C04|0751|4000D4F4|1003D574|0B7A|412A1CB7|10020C04|0|0|0|0|0|0|0|0|0|0643|40CCFDB0|E0000000|0|0|0|0|0|0|0|0|0|0|0|0|0|0|0|0|0|0|0|0|0|0|0|0|0|0|0|0|0|0|0|0|0|0|0|0|0|0|0|0|0|0|0|0|0|0|0|0|0|0|0|0|0|0|0|0|0|0|0|0|0|0|0|0A3A|412A1CB7|10020C04|0F40|41700000|1003D574|0722|4157BE7B|1007690F|90dde82e58621989
30|2026-09-18T22:43:20.0100000-04:00|A31|Eukrasian Prognosis|0.00|10020C04|Minda Silva|10020C04|Minda Silva|00|204515|204515|da06bd00db9d3558
30|2026-09-18T22:43:20.0100000-04:00|F3F|Divine Caress|0.00|1003D574|Zephyra Hana|10020C04|Minda Silva|00|204515|205207|2a9f32654774ab33
26|2026-09-18T22:43:20.0100000-04:00|F40|Divine Aura|15.00|1003D574|Zephyra Hana|10020C04|Minda Silva|00|204515|205207|68f882d5de86948c
37|2026-09-18T22:43:20.0100000-04:00|10020C04|Minda Silva|00003400|204515|204515|6200|10000|0||96.96|101.66|0.00|-0.16|2800|0|0|02|05000000|0|0|E0000000|1F000F40|0|41700000|1003D574|bc9881aa79afcab0
38|2026-09-18T22:43:20.0100000-04:00|100B07FE|Erynd Altansarr|00646429|226668|226668|10000|10000|7||95.65|104.14|-0.00|-0.78|0|0|0|29CE0030|4532C0CA|100B07FE|0720|42700000|1007690F|0839|4222A151|1007690F|0751|40A00000|1003D574|0B7A|4132AC13|10020C04|0A31|41E93957|10020C04|0|0|0|0642|40CCFDB0|E0000000|0|0|0|0|0|0|0|0|0|0|0|0|0|0|0|0|0|0|0|0|0|0|0|0|0|0|0|0|0|0|0|0|0|0|0|0|0|0|0|0|0|0|0|0|0|0|0|0|0|0|0|0|0|0|0|0|0|0|0|0|0|0|0|0|0|0|0737|4222A151|1007690F|0EBC|4188AD8C|100B07FE|0A3A|4132AC13|10020C04|0E55|4093A742|100B07FE|0F3F|40D5062A|1003D574|0E54|421EED94|100B07FE|0E3F|41EBD05E|100B07FE|04E2|40F1810E|100B07FE|0722|416049BD|1007690F|0E4A|C1F00000|100B07FE|a7d52b21e78ab239
26|2026-09-18T22:43:20.0100000-04:00|751|Temperance|5.00|1003D574|Zephyra Hana|100B07FE|Erynd Altansarr|00|226668|205207|f3ae2c47a68e4b80
38|2026-09-18T22:43:20.0100000-04:00|1008A3F8|Vittorio Dravorn|00646420|301771|325090|6400|10000|7||94.99|104.36|0.00|2.39|0|0|0|02E7|0|100E036B|29CE0030|448C2DEB|1008A3F8|0751|40A00000|1003D574|0B7A|4136E983|10020C04|0A31|41E93957|10020C04|29D50031|40429EC3|1008A3F8|0642|40CCFDB0|E0000000|0|0|0|0|0|0|0|0|0|0|0|0|0|0|0|0|0|0|0|0|0|0|0|0|0|0|0|0|0|0|0|0|0|0|0|0|0|0|0|0|0|0|0|0|0|0|0|0|0|0|0|0|0|0|0|0|0|0|0|0|0|0|0|0|0|0|0|0|0|0A3A|4136E983|10020C04|0F3F|40D5062A|1003D574|0722|415E24E0|1007690F|3bd5c8ee36155f18
26|2026-09-18T22:43:20.0100000-04:00|751|Temperance|5.00|1003D574|Zephyra Hana|1008A3F8|Vittorio Dravorn|00|325090|205207|3cb2c02526da600f
38|2026-09-18T22:43:20.0100000-04:00|1003D574|Zephyra Hana|00646418|205207|205207|9326|10000|1||92.76|106.34|0.00|-0.37|0|0|0|29D20030|44D7DC4B|1003D574|04B4|414D8517|1003D574|0B7A|4134CCD7|10020C04|0|0|0|0A31|41E93957|10020C04|0|0|0|0|0|0|0642|40CCFDB0|E0000000|0|0|0|0750|3FD78CF2|1003D574|0|0|0|0|0|0|0751|40A00000|1003D574|0|0|0|0|0|0|0|0|0|0|0|0|0|0|0|0|0|0|0|0|0|0|0|0|0|0|0|0|0|0|0|0|0|0|0|0|0|0|0|0|0|0|0|0|0|0|0|0|0|0|0|0722|4164978F|1007690F|0F3F|40D5062A|1003D574|0A3A|4134CCD7|10020C04|FFF604C3|411B020D|1003D574|21f1a5dc5a0d93c8
26|2026-09-18T22:43:20.0100000-04:00|751|Temperance|5.00|1003D574|Zephyra Hana|1003D574|Zephyra Hana|00|205207|205207|f9230746c89cd6fa
38|2026-09-18T22:43:20.0100000-04:00|100F0C23|Ami Han|0064641E|226668|226668|10000|10000|5||95.02|104.72|0.00|-0.74|0|0|0|0A0168|41F00000|E0000000|1E016C|41F00000|E0000000|0|0|0|0751|40A00000|1003D574|29CE0030|43A16634|100F0C23|0B7A|412DB238|10020C04|0|0|0|0|0|0|0643|40CB9D6E|E0000000|0|0|0|0|0|0|0|0|0|0A31|41E8E147|10020C04|0|0|0|0|0|0|0|0|0|0|0|0|0|0|0|0|0|0|0|0|0|0|0|0|0|0|0|0|0|0|0|0|0|0|0|0|0|0|0|0|0|0|0|0|0|0|0|0|0|0|0|0A81|4198AE00|100F0C23|0722|415B53FB|1007690F|0A3A|412DB238|10020C04|04E2|40DAB856|100F0C23|0F40|41515C2E|1003D574|FFF604C3|411E978D|1003D574|01fdefc086cf27b1
26|2026-09-18T22:43:20.0100000-04:00|751|Temperance|5.00|1003D574|Zephyra Hana|100F0C23|Ami Han|00|226668|205207|7f146919b9df34ed
38|2026-09-18T22:43:20.0100000-04:00|10020C04|Minda Silva|00646428|204515|204515|6200|10000|0||96.96|101.66|0.00|-0.16|0|0|0|0A0168|41F00000|E0000000|29D20030|451153B1|10020C04|0A2C|42700000|10020C04|0751|40A00000|1003D574|0B7A|41296C96|10020C04|0|0|0|0|0|0|0|0|0|0643|40CB9D6E|E0000000|0|0|0|0|0|0|0|0|0|0|0|0|0|0|0|0|0|0|0|0|0|0|0|0|0|0|0|0|0|0|0|0|0|0|0|0|0|0|0|0|0|0|0|0|0|0|0|0|0|0|0|0|0|0|0|0|0|0|0|0|0|0|0|0A3A|41296C96|10020C04|0F40|416F4FDF|1003D574|0722|41570E5A|1007690F|596f6f179793c797
26|2026-09-18T22:43:20.0100000-04:00|751|Temperance|5.00|1003D574|Zephyra Hana|10020C04|Minda Silva|00|204515|205207|c1b9e47ec4136bec
38|2026-09-18T22:43:20.0100000-04:00|1007690F|Nonohiko Kojama|00646426|31644|226488|10000|10000|0||96.87|102.71|-0.00|-0.86|0|0|0|29CE0030|44B1B8BB|1007690F|071F|42700000|1007690F|0B7A|41386257|10020C04|0751|40A00000|1003D574|0A31|41E8E147|10020C04|0|0|0|0|0|0|0643|40CB9D6E|E0000000|0|0|0|0|0|0|0|0|0|0|0|0|0|0|0|0|0|0|0|0|0|0|0|0|0|0|0|0|0|0|0|0|0|0|0|0|0|0|0|0|0|0|0|0|0|0|0|0|0|0|0|0|0|0|0|0|0|0|0|0|0|0|0|0|0|0|0722|4154E97D|1007690F|071D|42227549|1007690F|0737|42227549|1007690F|0A3A|41386257|10020C04|0A85|41EB6041|1007690F|7daf846a90f52272
26|2026-09-18T22:43:20.0100000-04:00|751|Temperance|5.00|1003D574|Zephyra Hana|1007690F|Nonohiko Kojama|00|226488|205207|389ddb6bac39b117
38|2026-09-18T22:43:20.0100000-04:00|1004F18C|Abnar Fae|00646415|325333|325333|10000|10000|6||93.86|104.83|-0.00|-0.65|0|0|0|0A2D|42700000|10020C04|29CE0030|44D8181B|1004F18C|5B|0|1004F18C|29D50031|40458009|1004F18C|0B7A|4130831E|10020C04|0751|40A00000|1003D574|0643|40CCFDB0|E0000000|0A31|41E93957|10020C04|0|0|0|0|0|0|0|0|0|0|0|0|0|0|0|0|0|0|0|0|0|0|0|0|0|0|0|0|0|0|0|0|0|0|0|0|0|0|0|0|0|0|0|0|0|0|0|0|0|0|0|0|0|0|0|0|0|0|0|0|0|0|0|0|0|0|0A3A|4130831E|10020C04|0F3F|40D5062A|1003D574|0A75|42042128|1004F18C|0722|416272B2|1007690F|FFF604C3|411D1EB8|1003D574|e18d498cb2c2bd86
26|2026-09-18T22:43:20.0100000-04:00|751|Temperance|5.00|1003D574|Zephyra Hana|1004F18C|Abnar Fae|00|325333|205207|0e371a83d9f8b217
38|2026-09-18T22:43:20.0100000-04:00|10097AAF|Cora Fenix|0064641B|155403|205177|2900|10000|1||94.77|104.17|0.00|-0.71|0|0|0|29CE0030|44EA29FF|10097AAF|0751|40A00000|1003D574|0B7A|412C3D7C|10020C04|0|0|0|0A31|41E93957|10020C04|29D80031|410C9341|10097AAF|0|0|0|0643|40CCFDB0|E0000000|0|0|0|0|0|0|0|0|0|0|0|0|0|0|0|0|0|0|0|0|0|0|0|0|0|0|0|0|0|0|0|0|0|0|0|0|0|0|0|0|0|0|0|0|0|0|0|0|0|0|0|0|0|0|0|0|0|0|0|0|0|0|0|0|0|0|0A3A|412C3D7C|10020C04|0F3F|40D5062A|1003D574|0|0|0|0F22|40DD57AD|10097AAF|0722|4159DF3F|1007690F|11f7df5606e79733
26|2026-09-18T22:43:20.0100000-04:00|751|Temperance|5.00|1003D574|Zephyra Hana|10097AAF|Cora Fenix|00|205177|205207|69b6f7f6c55d2cda
24|2026-09-18T22:43:20.0100000-04:00|1003D574|Zephyra Hana|HoT|0|1FE4|205207|205207|9326|10000|||92.78|106.32|-0.00|0.18|1003D574|Zephyra Hana|0|205207|205207|9326|10000|||92.78|106.32|-0.00|0.18|2602e7c24bea1a39
24|2026-09-18T22:43:20.0100000-04:00|1008A3F8|Vittorio Dravorn|HoT|0|2088|301771|325090|6400|10000|||94.99|104.36|0.00|2.39|1007690F|Nonohiko Kojama|0|31644|226488|10000|10000|||96.87|102.71|-0.00|-0.86|156b4cb1158c21db
22|2026-09-18T22:43:20.0100000-04:00|1004F18C|Abnar Fae|1090|Land Waker|1004F18C|Abnar Fae|B00E|35F0000|0|0|0|0|0|0|0|0|0|0|0|0|0|0|325333|325333|10000|10000|||93.86|104.83|-0.00|-0.65|325333|325333|10000|10000|||93.86|104.83|-0.00|-0.65|00003404|0|8|00||01|1090|1090|3.860|6327|f7c7a60f2cfd5fc9
22|2026-09-18T22:43:20.0100000-04:00|1004F18C|Abnar Fae|1090|Land Waker|10097AAF|Cora Fenix|B00E|35F0000|0|0|0|0|0|0|0|0|0|0|0|0|0|0|155403|205177|2900|10000|||94.77|104.17|0.00|-0.71|325333|325333|10000|10000|||93.86|104.83|-0.00|-0.65|00003404|1|8|00||01|1090|1090|3.860|6327|a36df6814f02cd54
22|2026-09-18T22:43:20.0100000-04:00|1004F18C|Abnar Fae|1090|Land Waker|100F0C23|Ami Han|B00E|35F0000|0|0|0|0|0|0|0|0|0|0|0|0|0|0|226668|226668|10000|10000|||95.02|104.72|0.00|-0.74|325333|325333|10000|10000|||93.86|104.83|-0.00|-0.65|00003404|2|8|00||01|1090|1090|3.860|6327|43bd6d92d8d86ed4
22|2026-09-18T22:43:20.0100000-04:00|1004F18C|Abnar Fae|1090|Land Waker|1008A3F8|Vittorio Dravorn|B00E|35F0000|0|0|0|0|0|0|0|0|0|0|0|0|0|0|301771|325090|6400|10000|||94.99|104.36|0.00|2.39|325333|325333|10000|10000|||93.86|104.83|-0.00|-0.65|00003404|3|8|00||01|1090|1090|3.860|6327|f74a918336a31c32
22|2026-09-18T22:43:20.0100000-04:00|1004F18C|Abnar Fae|1090|Land Waker|100B07FE|Erynd Altansarr|B00E|35F0000|0|0|0|0|0|0|0|0|0|0|0|0|0|0|226668|226668|10000|10000|||95.46|104.14|-0.00|-0.78|325333|325333|10000|10000|||93.86|104.83|-0.00|-0.65|00003404|4|8|00||01|1090|1090|3.860|6327|1ef0dd07a4be83ca
22|2026-09-18T22:43:20.0100000-04:00|1004F18C|Abnar Fae|1090|Land Waker|1003D574|Zephyra Hana|B00E|35F0000|0|0|0|0|0|0|0|0|0|0|0|0|0|0|205207|205207|9326|10000|||92.78|106.32|-0.00|0.18|325333|325333|10000|10000|||93.86|104.83|-0.00|-0.65|00003404|5|8|00||01|1090|1090|3.860|6327|329ba7cd594d7935
22|2026-09-18T22:43:20.0100000-04:00|1004F18C|Abnar Fae|1090|Land Waker|1007690F|Nonohiko Kojama|B00E|35F0000|0|0|0|0|0|0|0|0|0|0|0|0|0|0|31644|226488|10000|10000|||96.87|102.71|-0.00|-0.86|325333|325333|10000|10000|||93.86|104.83|-0.00|-0.65|00003404|6|8|00||01|1090|1090|3.860|6327|d543e7a440b11315
22|2026-09-18T22:43:20.0100000-04:00|1004F18C|Abnar Fae|1090|Land Waker|10020C04|Minda Silva|B00E|35F0000|0|0|0|0|0|0|0|0|0|0|0|0|0|0|204515|204515|6200|10000|||96.96|101.66|0.00|-0.16|325333|325333|10000|10000|||93.86|104.83|-0.00|-0.65|00003404|7|8|00||01|1090|1090|3.860|6327|fa32de06394b7059
264|2026-09-18T22:43:20.0100000-04:00|1004F18C|1090|00003404|1|-0.015|-0.015|-0.015|-0.708|1004F18C|9570d0636ad85aac
36|2026-09-18T22:43:20.0100000-04:00|0000|3|ff11249556e8ff04
21|2026-09-18T22:43:20.0110000-04:00|10097AAF|Cora Fenix|64E0|Topaz Rite|40007DC7|Exdeath|452003|F5050000|F|B258000|1B|64E08000|0|0|0|0|0|0|0|0|0|0|27095193|37552669|10000|10000|||91.66|107.87|0.00|-0.74|155403|205177|2900|10000|||94.77|104.17|0.00|-0.71|00003405|0|1|00||01|64E0|64E0|0.600|633B|50db71408cf05f21
264|2026-09-18T22:43:20.0110000-04:00|10097AAF|64E0|00003405|0||||-0.706|40007DC7|22724ce1a4e669fb
38|2026-09-18T22:43:20.0110000-04:00|1003D574|Zephyra Hana|00646418|205207|205207|9876|10000|1||92.78|106.32|-0.00|0.18|0|0|0|29D20030|44D7DAEB|1003D574|04B4|414CD4F6|1003D574|0B7A|41341CB6|10020C04|0|0|0|0A31|41E8E147|10020C04|0|0|0|0|0|0|0642|40CB9D6E|E0000000|0|0|0|0750|3FD20BEC|1003D574|0|0|0|0|0|0|0751|409E9FBE|1003D574|0|0|0|0|0|0|0|0|0|0|0|0|0|0|0|0|0|0|0|0|0|0|0|0|0|0|0|0|0|0|0|0|0|0|0|0|0|0|0|0|0|0|0|0|0|0|0|0|0|0|0|0722|4163E76E|1007690F|0F3F|40D3A5E8|1003D574|0A3A|41341CB6|10020C04|FFF604C3|411A51EC|1003D574|db97d395cf8e3153
38|2026-09-18T22:43:20.0110000-04:00|10097AAF|Cora Fenix|0064641B|155403|205177|2600|10000|1||94.77|104.17|0.00|-0.71|0|0|0|29CE0030|44EA289F|10097AAF|0751|409E9FBE|1003D574|0B7A|412B8D5B|10020C04|0|0|0|0A31|41E8E147|10020C04|29D80031|410BE320|10097AAF|0|0|0|0643|40CB9D6E|E0000000|0|0|0|0|0|0|0|0|0|0|0|0|0|0|0|0|0|0|0|0|0|0|0|0|0|0|0|0|0|0|0|0|0|0|0|0|0|0|0|0|0|0|0|0|0|0|0|0|0|0|0|0|0|0|0|0|0|0|0|0|0|0|0|0|0|0|0A3A|412B8D5B|10020C04|0F3F|40D3A5E8|1003D574|0B25|80000000|10097AAF|0F22|40DBF76B|10097AAF|0722|41592F1E|1007690F|80382ac55351d136
26|2026-09-18T22:43:20.0110000-04:00|B25|Titan's Favor|9999.00|10097AAF|Cora Fenix|10097AAF|Cora Fenix|00|205177|205177|c9c129674112b71d
38|2026-09-18T22:43:20.0110000-04:00|1008A3F8|Vittorio Dravorn|00646420|310099|325090|6400|10000|7||94.99|104.36|0.00|2.39|0|0|0|02E7|0|100E036B|29CE0030|448C2C8B|1008A3F8|0751|409E9FBE|1003D574|0B7A|41363962|10020C04|0A31|41E8E147|10020C04|29D50031|403FDE40|1008A3F8|0642|40CB9D6E|E0000000|0|0|0|0|0|0|0|0|0|0|0|0|0|0|0|0|0|0|0|0|0|0|0|0|0|0|0|0|0|0|0|0|0|0|0|0|0|0|0|0|0|0|0|0|0|0|0|0|0|0|0|0|0|0|0|0|0|0|0|0|0|0|0|0|0|0|0|0|0|0A3A|41363962|10020C04|0F3F|40D3A5E8|1003D574|0722|415D74BF|1007690F|c50f723eb8e75689
37|2026-09-18T22:43:20.0540000-04:00|40007DC7|Exdeath|000033FC|27078858||||||91.66|107.87|0.00|-0.74|9211ad0bc2c42505
37|2026-09-18T22:43:20.0540000-04:00|1007690F|Nonohiko Kojama|00003400|31644|226488|10000|10000|0||96.87|102.71|-0.00|-0.86|2601|0|0|01|04000000|0|0|E0000000|c58329cf9142949c
24|2026-09-18T22:43:20.0540000-04:00|100F0C23|Ami Han|HoT|0|6B4B|226668|226668|10000|10000|||95.02|104.72|0.00|-0.74|1003D574|Zephyra Hana|0|205207|205207|9326|10000|||92.78|106.32|-0.00|0.18|37c1e1c8a86c566b
38|2026-09-18T22:43:20.0540000-04:00|1007690F|Nonohiko Kojama|00646426|31644|226488|10000|10000|0||96.87|102.71|-0.00|-0.86|0|0|0|29CE0030|44B1B74A|1007690F|071F|42700000|1007690F|0B7A|4137AA05|10020C04|0751|409E8F5C|1003D574|0|0|0|0|0|0|0|0|0|0643|40CA2CCA|E0000000|0|0|0|0|0|0|0|0|0|0|0|0|0|0|0|0|0|0|0|0|0|0|0|0|0|0|0|0|0|0|0|0|0|0|0|0|0|0|0|0|0|0|0|0|0|0|0|0|0|0|0|0|0|0|0|0|0|0|0|0|0|0|0|0|0|0|0722|4154312B|1007690F|071D|42224735|1007690F|0737|42224735|1007690F|0A3A|4137AA05|10020C04|0A85|41EB0418|1007690F|59aa730dbe7e29b1
30|2026-09-18T22:43:20.0540000-04:00|A31|Eukrasian Prognosis|0.00|10020C04|Minda Silva|1007690F|Nonohiko Kojama|00|226488|204515|f23c776fb12360b5
38|2026-09-18T22:43:20.0540000-04:00|100F0C23|Ami Han|0064641E|226668|226668|10000|10000|5||95.02|104.72|0.00|-0.74|0|0|0|0A0168|41F00000|E0000000|1E016C|41F00000|E0000000|0|0|0|0751|409E8F5C|1003D574|29CE0030|43A16071|100F0C23|0B7A|412CF9E6|10020C04|0|0|0|0|0|0|0643|40CA2CCA|E0000000|0|0|0|0|0|0|0|0|0|0A31|41E8851E|10020C04|0|0|0|0|0|0|0|0|0|0|0|0|0|0|0|0|0|0|0|0|0|0|0|0|0|0|0|0|0|0|0|0|0|0|0|0|0|0|0|0|0|0|0|0|0|0|0|0|0|0|0|0A81|419851D7|100F0C23|0722|415A9BA9|1007690F|0A3A|412CF9E6|10020C04|04E2|40D947B2|100F0C23|0F40|4150A3DC|1003D574|FFF604C3|411DDF3B|1003D574|2b39087ba1c88f9b
00|2026-09-18T22:43:20.1230000-04:00|002B||Erynd AltansarrCoeurl uses Twinfang Bite.|792b5d443035c513
00|2026-09-18T22:43:20.1230000-04:00|0029||   Direct hit! Chaos takes 20310 damage.|8c6e7274e0dff444
00|2026-09-18T22:43:20.1230000-04:00|002E||   Erynd AltansarrCoeurl gains the effect of Swiftskin's Venom.|f832440978400548
00|2026-09-18T22:43:20.1000000-04:00|002E||Cora FenixLeviathan gains the effect of Divine Aura.|4a28bf760b4c156b
00|2026-09-18T22:43:20.1000000-04:00|0030||Cora FenixLeviathan loses the effect of Divine Caress.|ea11bc5c6b71003b
37|2026-09-18T22:43:20.0980000-04:00|10097AAF|Cora Fenix|000033FA|155403|205177|2600|10000|1||94.77|104.17|0.00|-0.71|1B03|0|0|01|230004C3|FFF6|41200000|1003D574|b55ff43aaaa11674
26|2026-09-18T22:43:20.0980000-04:00|4C3|Confession|10.00|1003D574|Zephyra Hana|10097AAF|Cora Fenix|FFF6|205177|205207|850e0b3b411c120f
38|2026-09-18T22:43:20.0980000-04:00|10097AAF|Cora Fenix|0064641B|155403|205177|2600|10000|1||94.77|104.17|0.00|-0.71|0|0|0|29CE0030|44EA272E|10097AAF|0751|409D2F1A|1003D574|0B7A|412AD509|10020C04|0|0|0|0A31|41E8851E|10020C04|29D80031|410B2ACE|10097AAF|0|0|0|0643|40CA2CCA|E0000000|0|0|0|0|0|0|0|0|0|0|0|0|0|0|0|0|0|0|0|0|0|0|0|0|0|0|0|0|0|0|0|0|0|0|0|0|0|0|0|0|0|0|0|0|0|0|0|0|0|0|0|0|0|0|0|0|0|0|0|0|0|0|0|0|0|0|0A3A|412AD509|10020C04|0F40|41700000|1003D574|0B25|80000000|10097AAF|0F22|40DA86C7|10097AAF|0722|415876CC|1007690F|FFF604C3|41200000|1003D574|bd50e20faf71a3ae
30|2026-09-18T22:43:20.0980000-04:00|F3F|Divine Caress|0.00|1003D574|Zephyra Hana|10097AAF|Cora Fenix|00|205177|205207|3127507ba43d529d
26|2026-09-18T22:43:20.0980000-04:00|F40|Divine Aura|15.00|1003D574|Zephyra Hana|10097AAF|Cora Fenix|00|205177|205207|fd53eaee55c89ea3
37|2026-09-18T22:43:20.0980000-04:00|10097AAF|Cora Fenix|00003400|155403|205177|2600|10000|1||94.77|104.17|0.00|-0.71|1B02|0|0|01|1F000F40|0|41700000|1003D574|647b9588b31d2461
39|2026-09-18T22:43:20.0980000-04:00|1007690F|Nonohiko Kojama|33908|226488|10000|10000|||96.87|102.71|-0.00|-0.86|496659b0a99c6c95
24|2026-09-18T22:43:20.0980000-04:00|10020C04|Minda Silva|HoT|0|8660|204515|204515|6200|10000|||96.96|101.66|0.00|-0.16|1007690F|Nonohiko Kojama|0|31644|226488|10000|10000|||96.87|102.71|-0.00|-0.86|4d0ca07d3e2adbfa
38|2026-09-18T22:43:20.0980000-04:00|10020C04|Minda Silva|00646428|204515|204515|6200|10000|0||96.96|101.66|0.00|-0.16|0|0|0|0A0168|41F00000|E0000000|29D20030|45115241|10020C04|0A2C|42700000|10020C04|0751|409D1EB8|1003D574|0B7A|4127FBF2|10020C04|0|0|0|0|0|0|0|0|0|0643|40C8BC26|E0000000|0|0|0|0|0|0|0|0|0|0|0|0|0|0|0|0|0|0|0|0|0|0|0|0|0|0|0|0|0|0|0|0|0|0|0|0|0|0|0|0|0|0|0|0|0|0|0|0|0|0|0|0|0|0|0|0|0|0|0|0|0|0|0|0A3A|4127FBF2|10020C04|0F40|416DDF3B|1003D574|0722|41559DB6|1007690F|c2d0b492aeb34163
38|2026-09-18T22:43:20.0980000-04:00|10097AAF|Cora Fenix|0064641B|155403|205177|2600|10000|1||94.77|104.17|0.00|-0.71|0|0|0|29CE0030|44EA25BD|10097AAF|0751|409BBE76|1003D574|0B7A|412A1CB7|10020C04|0|0|0|0A31|41E828F5|10020C04|29D80031|410A727C|10097AAF|0|0|0|0643|40C8BC26|E0000000|0|0|0|0|0|0|0|0|0|0|0|0|0|0|0|0|0|0|0|0|0|0|0|0|0|0|0|0|0|0|0|0|0|0|0|0|0|0|0|0|0|0|0|0|0|0|0|0|0|0|0|0|0|0|0|0|0|0|0|0|0|0|0|0|0|0|0A3A|412A1CB7|10020C04|0F40|416F47AE|1003D574|0B25|80000000|10097AAF|0F22|40D91623|10097AAF|0722|4157BE7A|1007690F|FFF604C3|411F47AE|1003D574|1b4679fa88f66e8e
00|2026-09-18T22:43:20.1350000-04:00|002D||   Cora FenixLeviathan recovers 8384 HP.|7449787f916c9ef7
00|2026-09-18T22:43:20.1350000-04:00|002E||   Cora FenixLeviathan gains the effect of Eukrasian Prognosis.|56d70c482dfe37ad
38|2026-09-18T22:43:20.1430000-04:00|1004F18C|Abnar Fae|00646415|325333|325333|10000|10000|6||93.87|104.83|-0.00|-0.72|0|0|0|0A2D|42700000|10020C04|29CE0030|44D813D9|1004F18C|5B|0|1004F18C|29D50031|403CFCF6|1004F18C|0B7A|412E6259|10020C04|0751|409BBE76|1003D574|0643|40C8BC26|E0000000|0A31|41E828F5|10020C04|0|0|0|0|0|0|0|0|0|0|0|0|0|0|0|0|0|0|0|0|0|0|0|0|0|0|0|0|0|0|0|0|0|0|0|0|0|0|0|0|0|0|0|0|0|0|0|0|0|0|0|0|0|0|0|0|0|0|0|0|0|0|0|0|0|0|0A3A|412E6259|10020C04|0F40|41700000|1003D574|0A75|420398F8|1004F18C|0722|416051ED|1007690F|FFF604C3|411AFDF3|1003D574|ad872baaf2cf36a4
30|2026-09-18T22:43:20.1430000-04:00|F3F|Divine Caress|0.00|1003D574|Zephyra Hana|1004F18C|Abnar Fae|00|325333|205207|422239b998a225b2
26|2026-09-18T22:43:20.1430000-04:00|F40|Divine Aura|15.00|1003D574|Zephyra Hana|1004F18C|Abnar Fae|00|325333|205207|fd671a0e99de19f2
37|2026-09-18T22:43:20.1430000-04:00|1004F18C|Abnar Fae|00003400|325333|325333|10000|10000|6||93.87|104.83|-0.00|-0.72|1503|0|0|01|1F000F40|0|41700000|1003D574|8e3958a943547b65
00|2026-09-18T22:43:20.1920000-04:00|002E||Abnar FaeExodus gains the effect of Divine Aura.|3175905ff4db7025
00|2026-09-18T22:43:20.1920000-04:00|0030||Abnar FaeExodus loses the effect of Divine Caress.|85a9e884de03e3e6
38|2026-09-18T22:43:20.1430000-04:00|1004F18C|Abnar Fae|00646415|325333|325333|10000|10000|6||93.87|104.83|-0.00|-0.72|0|0|0|0A2D|42700000|10020C04|29CE0030|44D81271|1004F18C|5B|0|1004F18C|29D50031|403A2C11|1004F18C|0B7A|412DAE20|10020C04|0751|409A5603|1003D574|0643|40C753B3|E0000000|0A31|41E7CED8|10020C04|0|0|0|0|0|0|0|0|0|0|0|0|0|0|0|0|0|0|0|0|0|0|0|0|0|0|0|0|0|0|0|0|0|0|0|0|0|0|0|0|0|0|0|0|0|0|0|0|0|0|0|0|0|0|0|0|0|0|0|0|0|0|0|0|0|0|0A3A|412DAE20|10020C04|0F40|416F4BC7|1003D574|0A75|42036BEA|1004F18C|0722|415F9DB4|1007690F|FFF604C3|411A49BA|1003D574|30cf474a8e9e6e2d
00|2026-09-18T22:43:20.1920000-04:00|002E||Vittorio DravornCoeurl gains the effect of Divine Aura.|a1b575bd5c831e63
00|2026-09-18T22:43:20.1920000-04:00|0030||Vittorio DravornCoeurl loses the effect of Divine Caress.|84b597ffecbfad44
37|2026-09-18T22:43:20.1880000-04:00|1007690F|Nonohiko Kojama|000033FB|42242||||||96.76|102.80|-0.00|-0.83|8e66f7ec0b52ac37
38|2026-09-18T22:43:20.1880000-04:00|1008A3F8|Vittorio Dravorn|00646420|310099|325090|6400|10000|7||94.99|104.36|0.00|2.39|0|0|0|02E7|0|100E036B|29CE0030|448C2841|1008A3F8|0751|409A5603|1003D574|0B7A|41341485|10020C04|0A31|41E7CED8|10020C04|29D50031|40374ACB|1008A3F8|0642|40C753B3|E0000000|0|0|0|0|0|0|0|0|0|0|0|0|0|0|0|0|0|0|0|0|0|0|0|0|0|0|0|0|0|0|0|0|0|0|0|0|0|0|0|0|0|0|0|0|0|0|0|0|0|0|0|0|0|0|0|0|0|0|0|0|0|0|0|0|0|0|0|0|0|0A3A|41341485|10020C04|0F40|41700000|1003D574|0722|415B4FE2|1007690F|a4b477025d5562c4
30|2026-09-18T22:43:20.1880000-04:00|F3F|Divine Caress|0.00|1003D574|Zephyra Hana|1008A3F8|Vittorio Dravorn|00|325090|205207|c4c8957f33089e2c
26|2026-09-18T22:43:20.1880000-04:00|F40|Divine Aura|15.00|1003D574|Zephyra Hana|1008A3F8|Vittorio Dravorn|00|325090|205207|cbfea1b53122a578
37|2026-09-18T22:43:20.1880000-04:00|1008A3F8|Vittorio Dravorn|00003400|310099|325090|6400|10000|7||94.99|104.36|0.00|2.39|2004|0|0|01|1F000F40|0|41700000|1003D574|9d1360ab64ac5206
37|2026-09-18T22:43:20.1880000-04:00|40007DC8|Chaos|000033FE|20432240||||||92.21|107.80|0.00|2.39|d2b8052ac4a07d2d
37|2026-09-18T22:43:20.1880000-04:00|100B07FE|Erynd Altansarr|000033FE|226668|226668|10000|10000|7||95.30|104.14|-0.01|-0.78|2900|0|0|01|27000E4A|0|41F00000|100B07FE|88fe5d6814cbea1e
24|2026-09-18T22:43:20.1880000-04:00|1007690F|Nonohiko Kojama|HoT|0|21FD|33908|226488|10000|10000|||96.76|102.80|-0.00|-0.83|1007690F|Nonohiko Kojama|0|33908|226488|10000|10000|||96.76|102.80|-0.00|-0.83|308e81d3b279df7f
38|2026-09-18T22:43:20.1880000-04:00|1007690F|Nonohiko Kojama|00646426|50943|226488|10000|10000|0||96.76|102.80|-0.00|-0.83|0|0|0|29CE0030|44B1B300|1007690F|071F|42700000|1007690F|0B7A|41358528|10020C04|0751|409A45A1|1003D574|0|0|0|0|0|0|0|0|0|0643|40C5E30F|E0000000|0|0|0|0|0|0|0|0|0|0|0|0|0|0|0|0|0|0|0|0|0|0|0|0|0|0|0|0|0|0|0|0|0|0|0|0|0|0|0|0|0|0|0|0|0|0|0|0|0|0|0|0|0|0|0|0|0|0|0|0|0|0|0|0|0|0|0722|41520C4E|1007690F|071D|4221BDFF|1007690F|0737|4221BDFF|1007690F|0A3A|41358528|10020C04|0A85|41E9F1A9|1007690F|9853bcf4731cfd68
38|2026-09-18T22:43:20.1880000-04:00|1008A3F8|Vittorio Dravorn|00646420|310099|325090|6400|10000|7||94.99|104.36|0.00|2.39|0|0|0|02E7|0|100E036B|29CE0030|448C26D0|1008A3F8|0751|4098E55F|1003D574|0B7A|41335C33|10020C04|0A31|41E772AF|10020C04|29D50031|40346983|1008A3F8|0642|40C5E30F|E0000000|0|0|0|0|0|0|0|0|0|0|0|0|0|0|0|0|0|0|0|0|0|0|0|0|0|0|0|0|0|0|0|0|0|0|0|0|0|0|0|0|0|0|0|0|0|0|0|0|0|0|0|0|0|0|0|0|0|0|0|0|0|0|0|0|0|0|0|0|0|0A3A|41335C33|10020C04|0F40|416F47AE|1003D574|0722|415A9790|1007690F|b771ae66ecc23a7b
38|2026-09-18T22:43:20.1880000-04:00|100B07FE|Erynd Altansarr|00646429|226668|226668|10000|10000|7||95.30|104.14|-0.01|-0.78|0|0|0|29CE0030|4532BD3E|100B07FE|0720|42700000|1007690F|0839|4221BDFF|1007690F|0751|4098E55F|1003D574|0B7A|412F1EC3|10020C04|0A31|41E772AF|10020C04|0|0|0|0642|40C5E30F|E0000000|0|0|0|0|0|0|0|0|0|0|0|0|0|0|0|0|0|0|0|0|0|0|0|0|0|0|0|0|0|0|0|0|0|0|0|0|0|0|0|0|0|0|0|0|0|0|0|0|0|0|0|0|0|0|0|0|0|0|0|0|0|0|0|0|0|0|0737|4221BDFF|1007690F|0EBC|4186E6E4|100B07FE|0A3A|412F1EC3|10020C04|0E55|408C8CA1|100B07FE|0F3F|40CDEB89|1003D574|0E54|421E0A42|100B07FE|0E3F|41EA09B6|100B07FE|04E2|40EA666D|100B07FE|0722|415CBC6D|1007690F|0E4A|41EFA3D7|100B07FE|a9ca0b1491aee38e
00|2026-09-18T22:43:20.2060000-04:00|002B||Zephyra HanaMidgardsormr uses Assize.|87133580cec04b21
00|2026-09-18T22:43:20.2400000-04:00|0029||   Chaos takes 44141 damage.|0e68dd9eb19fe71d
00|2026-09-18T22:43:20.2800000-04:00|002B||Nonohiko KojamaFamfrit uses Curing Waltz.|1bc3d8a4c02b17d0
00|2026-09-18T22:43:20.2800000-04:00|002D||   Nonohiko KojamaFamfrit recovers 18450 HP.|eac7c76fbf10dd5f
00|2026-09-18T22:43:20.2800000-04:00|002D||   Vittorio DravornCoeurl recovers 8286 HP.|3c95b6172ca73ba2
00|2026-09-18T22:43:20.2800000-04:00|002E||   Vittorio DravornCoeurl gains the effect of Eukrasian Prognosis.|24e9a16b0cffcf06
00|2026-09-18T22:43:20.2800000-04:00|002E||Erynd AltansarrCoeurl gains the effect of Divine Aura.|eef3d1b602a35b0e
00|2026-09-18T22:43:20.2800000-04:00|0030||Erynd AltansarrCoeurl loses the effect of Divine Caress.|5ab3c9dfd0af7cc5
00|2026-09-18T22:43:20.2800000-04:00|0030||Erynd AltansarrCoeurl loses the effect of Swiftskin's Venom.|4c0cd0543e4ec6ad
37|2026-09-18T22:43:20.2330000-04:00|1008A3F8|Vittorio Dravorn|000033FA|310099|325090|6400|10000|7||94.99|104.36|0.00|2.39|2004|0|0|01|210004C3|FFF6|41200000|1003D574|e1e8f146506ed2dc
26|2026-09-18T22:43:20.2330000-04:00|4C3|Confession|10.00|1003D574|Zephyra Hana|1008A3F8|Vittorio Dravorn|FFF6|325090|205207|2a7a6c514c3d0a49
38|2026-09-18T22:43:20.2330000-04:00|100B07FE|Erynd Altansarr|00646429|226668|226668|10000|10000|7||95.23|104.14|-0.01|-0.78|0|0|0|29CE0030|4532BD3E|100B07FE|0720|42700000|1007690F|0839|4221BDFF|1007690F|0751|4098E55F|1003D574|0B7A|412F1EC3|10020C04|0A31|41E772AF|10020C04|0|0|0|0642|40C5E30F|E0000000|0|0|0|0|0|0|0|0|0|0|0|0|0|0|0|0|0|0|0|0|0|0|0|0|0|0|0|0|0|0|0|0|0|0|0|0|0|0|0|0|0|0|0|0|0|0|0|0|0|0|0|0|0|0|0|0|0|0|0|0|0|0|0|0|0|0|0737|4221BDFF|1007690F|0EBC|4186E6E4|100B07FE|0A3A|412F1EC3|10020C04|0E55|408C8CA1|100B07FE|0F40|41700000|1003D574|0E54|421E0A42|100B07FE|0E3F|41EA09B6|100B07FE|04E2|40EA666D|100B07FE|0722|415CBC6D|1007690F|0E4A|41EFA3D7|100B07FE|2cc0b823dcd1d291
30|2026-09-18T22:43:20.2330000-04:00|F3F|Divine Caress|0.00|1003D574|Zephyra Hana|100B07FE|Erynd Altansarr|00|226668|205207|88a8416a8c289768
26|2026-09-18T22:43:20.2330000-04:00|F40|Divine Aura|15.00|1003D574|Zephyra Hana|100B07FE|Erynd Altansarr|00|226668|205207|40d6dd2e44f243f8
37|2026-09-18T22:43:20.2330000-04:00|100B07FE|Erynd Altansarr|00003400|226668|226668|10000|10000|7||95.23|104.14|-0.01|-0.78|2905|0|0|01|22000F40|0|41700000|1003D574|211397b77a4c2321
38|2026-09-18T22:43:20.2330000-04:00|100B07FE|Erynd Altansarr|00646429|226668|226668|10000|10000|7||95.23|104.14|-0.01|-0.78|0|0|0|29CE0030|4532BC86|100B07FE|0720|42700000|1007690F|0839|42218FEB|1007690F|0751|409774BB|1003D574|0B7A|412E6671|10020C04|0A31|41E71686|10020C04|0|0|0|0642|40C4726B|E0000000|0|0|0|0|0|0|0|0|0|0|0|0|0|0|0|0|0|0|0|0|0|0|0|0|0|0|0|0|0|0|0|0|0|0|0|0|0|0|0|0|0|0|0|0|0|0|0|0|0|0|0|0|0|0|0|0|0|0|0|0|0|0|0|0|0|0|0737|42218FEB|1007690F|0EBC|41868ABB|100B07FE|0A3A|412E6671|10020C04|0E55|408B1BFD|100B07FE|0F40|416F47AE|1003D574|0E54|421DDC2E|100B07FE|0E3F|41E9AD8D|100B07FE|04E2|40E8F5C9|100B07FE|0722|415C041B|1007690F|0E4A|41EF47AE|100B07FE|354026582d33a2b1
37|2026-09-18T22:43:20.2770000-04:00|40007DC8|Chaos|000033FF|20388099||||||92.21|107.80|0.00|2.39|c97d0f7832e6403a
21|2026-09-18T22:43:20.2770000-04:00|100B07FE|Erynd Altansarr|874D|Twinblood Bite|40007DC8|Chaos|716003|809D0000|0|0|0|0|0|0|0|0|0|0|0|0|0|0|20432240|37552669|10000|10000|||92.21|107.80|0.00|2.39|226668|226668|10000|10000|||95.23|104.14|-0.01|-0.78|00003406|0|1|00||01|874D|874D|0.600|63F5|86a9b27ca5ecbd41
264|2026-09-18T22:43:20.2770000-04:00|100B07FE|874D|00003406|0||||-0.688|40007DC8|c9046f6e9084e9cb
38|2026-09-18T22:43:20.2770000-04:00|100B07FE|Erynd Altansarr|00646429|226668|226668|10000|10000|7||95.23|104.14|-0.01|-0.78|0|0|0|29CE0030|4532BBD2|100B07FE|0720|42700000|1007690F|0839|422162DD|1007690F|0751|40960C48|1003D574|0B7A|412DB238|10020C04|0A31|41E6BC69|10020C04|0|0|0|0642|40C309F8|E0000000|0|0|0|0|0|0|0|0|0|0|0|0|0|0|0|0|0|0|0|0|0|0|0|0|0|0|0|0|0|0|0|0|0|0|0|0|0|0|0|0|0|0|0|0|0|0|0|0|0|0|0|0|0|0|0|0|0|0|0|0|0|0|0|0|0|0|0737|422162DD|1007690F|0EBC|4186309E|100B07FE|0A3A|412DB238|10020C04|0E55|4089B38A|100B07FE|0F40|416E9375|1003D574|0E54|421DAF20|100B07FE|0E3F|41E95370|100B07FE|04E2|40E78D56|100B07FE|0722|415B4FE2|1007690F|f4ce5815d37fdad2
30|2026-09-18T22:43:20.2770000-04:00|E4A|Swiftskin's Venom|0.00|100B07FE|Erynd Altansarr|100B07FE|Erynd Altansarr|00|226668|226668|214afb12f62ae45d
37|2026-09-18T22:43:20.3220000-04:00|10097AAF|Cora Fenix|000033FB|163787|205177|2600|10000|1||94.77|104.17|0.00|-0.71|1B02|0|0|01|04000A31|0|41E6BC69|10020C04|2155f97d540e22b9
38|2026-09-18T22:43:20.3220000-04:00|1003D574|Zephyra Hana|00646418|205207|205207|9876|10000|1||92.84|106.24|-0.00|1.37|0|0|0|29D20030|44D7D257|1003D574|04B4|41488B3C|1003D574|0B7A|412FD2FC|10020C04|0|0|0|0A31|41E6BC69|10020C04|0|0|0|0|0|0|0642|40C309F8|E0000000|0|0|0|0750|3FAFBE1A|1003D574|0|0|0|0|0|0|0751|40960C48|1003D574|0|0|0|0|0|0|0|0|0|0|0|0|0|0|0|0|0|0|0|0|0|0|0|0|0|0|0|0|0|0|0|0|0|0|0|0|0|0|0|0|0|0|0|0|0|0|0|0|0|0|0|0722|415F9DB4|1007690F|0F40|41700000|1003D574|0A3A|412FD2FC|10020C04|FFF604C3|41160832|1003D574|b181b74aa2e6c364
30|2026-09-18T22:43:20.3220000-04:00|F3F|Divine Caress|0.00|1003D574|Zephyra Hana|1003D574|Zephyra Hana|00|205207|205207|48e88c3028b55ed0
26|2026-09-18T22:43:20.3220000-04:00|F40|Divine Aura|15.00|1003D574|Zephyra Hana|1003D574|Zephyra Hana|00|205207|205207|bb1e46849dc134c0
37|2026-09-18T22:43:20.3220000-04:00|1003D574|Zephyra Hana|00003400|205207|205207|9876|10000|1||92.84|106.24|-0.00|1.37|1807|0|0|01|1F000F40|0|41700000|1003D574|09558909fdd41724
38|2026-09-18T22:43:20.3220000-04:00|1003D574|Zephyra Hana|00646418|205207|205207|9876|10000|1||92.84|106.24|-0.00|1.37|0|0|0|29D20030|44D7D0DE|1003D574|04B4|4147CED2|1003D574|0B7A|412F1692|10020C04|0|0|0|0A31|41E65E34|10020C04|0|0|0|0|0|0|0642|40C19123|E0000000|0|0|0|0750|3FA9DAC6|1003D574|0|0|0|0|0|0|0751|40949373|1003D574|0|0|0|0|0|0|0|0|0|0|0|0|0|0|0|0|0|0|0|0|0|0|0|0|0|0|0|0|0|0|0|0|0|0|0|0|0|0|0|0|0|0|0|0|0|0|0|0|0|0|0|0722|415EE14A|1007690F|0F40|416F4396|1003D574|0A3A|412F1692|10020C04|FFF604C3|41154BC8|1003D574|8ccbeb5f9d2dea61
37|2026-09-18T22:43:20.3650000-04:00|1007690F|Nonohiko Kojama|00003401|69393||||||96.70|102.85|-0.00|-0.82|3fad71d1528b1ca8
37|2026-09-18T22:43:20.3650000-04:00|100B07FE|Erynd Altansarr|000033FA|226668|226668|10000|10000|7||95.23|104.14|-0.01|-0.78|2905|0|0|01|270004C3|FFF6|41200000|1003D574|367321901cf62d8b
26|2026-09-18T22:43:20.3650000-04:00|4C3|Confession|10.00|1003D574|Zephyra Hana|100B07FE|Erynd Altansarr|FFF6|226668|205207|dfc7becdd58d6b23
00|2026-09-18T22:43:20.3680000-04:00|002E||Zephyra HanaMidgardsormr gains the effect of Divine Aura.|9d40b015fc6b76d8
00|2026-09-18T22:43:20.3680000-04:00|0030||Zephyra HanaMidgardsormr loses the effect of Divine Caress.|64dfdf7767a6a2d8
00|2026-09-18T22:43:20.4010000-04:00|0029||   Exdeath takes 42299 damage.|0ad8facd9599509a
00|2026-09-18T22:43:20.4010000-04:00|002D||   Erynd AltansarrCoeurl recovers 18645 HP.|07e2b1a0d90cca33
00|2026-09-18T22:43:20.4160000-04:00|002D||   Erynd AltansarrCoeurl recovers 8387 HP.|f25a93dc9b996407
00|2026-09-18T22:43:20.4160000-04:00|002E||   Erynd AltansarrCoeurl gains the effect of Eukrasian Prognosis.|5eebe23d6437df86
261|2026-09-18T22:43:20.4470000-04:00|Change|1003D574|CurrentMP|9876|Heading|1.8809|PosX|92.9859|PosY|106.0588|PosZ|-0.0020|0a26aecc17778803
37|2026-09-18T22:43:20.4100000-04:00|40007DC8|Chaos|00003403|20382037||||||92.21|107.80|0.00|2.39|2b08134ff8ba10a4
37|2026-09-18T22:43:20.4100000-04:00|40007DC7|Exdeath|000033FF|27036559||||||91.66|107.87|0.00|-0.74|05a3e20ef6e95ca1
21|2026-09-18T22:43:20.4100000-04:00|1007690F|Nonohiko Kojama|1D75|Second Wind|1007690F|Nonohiko Kojama|200004|36E14001|0|0|0|0|0|0|0|0|0|0|0|0|0|0|50943|226488|10000|10000|||96.61|102.93|-0.00|-0.79|50943|226488|10000|10000|||96.61|102.93|-0.00|-0.79|00003407|0|1|00||01|1D75|1D75|0.600|622B|6c0e2464690b9dea
264|2026-09-18T22:43:20.4100000-04:00|1007690F|1D75|00003407|0||||-0.732|1007690F|04a58cbeff8cad16
37|2026-09-18T22:43:20.4550000-04:00|1008A3F8|Vittorio Dravorn|000033FB|318385|325090|6400|10000|7||94.99|104.36|0.00|2.39|2003|0|0|01|04000A31|0|41E5A9FB|10020C04|8e02a6868ffa1308
24|2026-09-18T22:43:20.4550000-04:00|1004F18C|Abnar Fae|HoT|0|60D4|325333|325333|10000|10000|||93.88|104.84|-0.00|-0.73|1003D574|Zephyra Hana|0|205207|205207|9876|10000|||92.93|106.12|-0.00|1.70|554126891f2b728c
38|2026-09-18T22:43:20.4550000-04:00|1004F18C|Abnar Fae|00646415|325333|325333|10000|10000|6||93.88|104.84|-0.00|-0.73|0|0|0|0A2D|42700000|10020C04|29CE0030|44D80875|1004F18C|5B|0|1004F18C|29D50031|40263442|1004F18C|0B7A|4128B02D|10020C04|0751|40905A1A|1003D574|0643|40BD57CA|E0000000|0A31|41E54FDE|10020C04|0|0|0|0|0|0|0|0|0|0|0|0|0|0|0|0|0|0|0|0|0|0|0|0|0|0|0|0|0|0|0|0|0|0|0|0|0|0|0|0|0|0|0|0|0|0|0|0|0|0|0|0|0|0|0|0|0|0|0|0|0|0|0|0|0|0|0A3A|4128B02D|10020C04|0F40|416A4DD4|1003D574|0A75|42022C6F|1004F18C|0722|415A9FC1|1007690F|FFF604C3|41154BC7|1003D574|630c88eec8fe056f
00|2026-09-18T22:43:20.4900000-04:00|002B||You begin casting Dosis III.|58143d5b8f000608
00|2026-09-18T22:43:20.5460000-04:00|002D||   Zephyra HanaMidgardsormr recovers 32591 HP.|ad4ae33b0332f93d
00|2026-09-18T22:43:20.5460000-04:00|002D||   Zephyra HanaMidgardsormr recovers 500 MP.|576bf743ddb727a0
37|2026-09-18T22:43:20.4990000-04:00|10020C04|Minda Silva|000033FA|204515|204515|6200|10000|0||96.96|101.66|0.00|-0.66|2806|0|0|01|210004C3|FFF6|41200000|1003D574|8017c63544ee1949
26|2026-09-18T22:43:20.4990000-04:00|4C3|Confession|10.00|1003D574|Zephyra Hana|10020C04|Minda Silva|FFF6|204515|205207|dbb38b7f823b1bfa
24|2026-09-18T22:43:20.4990000-04:00|10097AAF|Cora Fenix|HoT|0|6676|163787|205177|2600|10000|||94.77|104.17|0.00|-0.71|1003D574|Zephyra Hana|0|205207|205207|9876|10000|||93.00|106.04|-0.00|1.94|b104f24e0027357e
38|2026-09-18T22:43:20.4990000-04:00|10097AAF|Cora Fenix|0064641B|190017|205177|2600|10000|1||94.77|104.17|0.00|-0.71|0|0|0|29CE0030|44EA18F1|10097AAF|0751|408EF1A7|1003D574|0B7A|4123B652|10020C04|0|0|0|0A31|41E4F5C1|10020C04|29D80031|41040C17|10097AAF|0|0|0|0643|40BBEF57|E0000000|0|0|0|0|0|0|0|0|0|0|0|0|0|0|0|0|0|0|0|0|0|0|0|0|0|0|0|0|0|0|0|0|0|0|0|0|0|0|0|0|0|0|0|0|0|0|0|0|0|0|0|0|0|0|0|0|0|0|0|0|0|0|0|0|0|0|0A3A|4123B652|10020C04|0F40|4168E149|1003D574|0B25|80000000|10097AAF|0F22|40CC4954|10097AAF|0722|41515815|1007690F|FFF604C3|4118E149|1003D574|8bb5c2cf40ac3802
37|2026-09-18T22:43:20.5430000-04:00|1003D574|Zephyra Hana|000033FF|205207|205207|10000|10000|1||93.00|106.04|-0.00|1.94|1802|0|0|0|db0fb0c31c3f0d39
00|2026-09-18T22:43:20.5610000-04:00|002D||   Vittorio DravornCoeurl recovers 18660 HP.|99f30890d76e08a6
00|2026-09-18T22:43:20.5610000-04:00|002D||   Critical! Ami HanMidgardsormr recovers 13128 HP.|2b4bced2bf41d5f8
00|2026-09-18T22:43:20.5610000-04:00|002E||   Ami HanMidgardsormr gains the effect of Eukrasian Prognosis.|b88bd10a35832e03
00|2026-09-18T22:43:20.5940000-04:00|002B||Cora FenixLeviathan casts Topaz Rite.|045e57b982293bdc
00|2026-09-18T22:43:20.5940000-04:00|0029||   Critical! Exdeath takes 62725 damage.|1707e3aa7f5904b5
00|2026-09-18T22:43:20.5940000-04:00|002E||   Cora FenixLeviathan gains the effect of Titan's Favor.|e9cdb3517b3aa7cc
00|2026-09-18T22:43:20.6810000-04:00|002D||   Critical! Abnar FaeExodus recovers 51926 HP.|7f91811b03918b72
00|2026-09-18T22:43:20.6810000-04:00|0029||Critical direct hit! Erynd AltansarrCoeurl hits Chaos for 14988 damage.|282961405574cabc
00|2026-09-18T22:43:20.6810000-04:00|0030||Cora FenixLeviathan loses the effect of Titan's Favor.|af82e5d76a80335e
37|2026-09-18T22:43:20.5880000-04:00|100B07FE|Erynd Altansarr|000033FB|226668|226668|10000|10000|7||95.20|104.14|0.00|-0.69|2904|0|0|01|05000A31|0|41E49998|10020C04|61a80fa9dec8a311
37|2026-09-18T22:43:20.6340000-04:00|1008A3F8|Vittorio Dravorn|00003401|325090||||||94.99|104.36|0.00|2.39|fd99f464f55a1dac
37|2026-09-18T22:43:20.6340000-04:00|1007690F|Nonohiko Kojama|000033FA|69393|226488|10000|10000|0||96.28|103.27|-0.00|-0.73|2607|0|0|01|230004C3|FFF6|41200000|1003D574|0d4b88747bbbe4a2
26|2026-09-18T22:43:20.6340000-04:00|4C3|Confession|10.00|1003D574|Zephyra Hana|1007690F|Nonohiko Kojama|FFF6|226488|205207|0b5621a6f8ccd482
37|2026-09-18T22:43:20.6340000-04:00|40007DC7|Exdeath|00003405|26973834||||||91.66|107.87|0.00|-0.74|0abafe17a1261302
37|2026-09-18T22:43:20.6340000-04:00|10097AAF|Cora Fenix|00003405|190017|205177|2600|10000|1||94.77|104.17|0.00|-0.71|1B00|0|0|01|20000B25|0|0|10097AAF|bf953fc38fad1431
20|2026-09-18T22:43:20.6340000-04:00|10020C04|Minda Silva|5EF8|Dosis III|40007DC8|Chaos|1.443|96.96|101.66|0.00|-0.66|0c3fe8b6c1b9b161
263|2026-09-18T22:43:20.6340000-04:00|10020C04|5EF8|94.743|105.119|0.168|-0.658|6ef8077f1cc232ab
21|2026-09-18T22:43:20.6340000-04:00|100B07FE|Erynd Altansarr|07|attack|40007DC8|Chaos|716003|3A8C0000|0|0|0|0|0|0|0|0|0|0|0|0|0|0|20382037|37552669|10000|10000|||92.23|107.79|-0.00|2.39|226668|226668|10000|10000|||95.20|104.14|0.00|-0.69|00003408|0|1|00||01|07|07|0.244|63F5|e7802947907d2277
264|2026-09-18T22:43:20.6340000-04:00|100B07FE|0007|00003408|0||||-0.688|40007DC8|578b7f108486cd84
38|2026-09-18T22:43:20.6340000-04:00|10097AAF|Cora Fenix|0064641B|190017|205177|2600|10000|1||94.77|104.17|0.00|-0.71|0|0|0|29CE0030|44EA149E|10097AAF|0751|408A9FBB|1003D574|0B7A|41218D5C|10020C04|0|0|0|0A31|41E3E146|10020C04|29D80031|4101E321|10097AAF|0|0|0|0643|40B79D6B|E0000000|0|0|0|0|0|0|0|0|0|0|0|0|0|0|0|0|0|0|0|0|0|0|0|0|0|0|0|0|0|0|0|0|0|0|0|0|0|0|0|0|0|0|0|0|0|0|0|0|0|0|0|0|0|0|0|0|0|0|0|0|0|0|0|0|0|0|0A3A|41218D5C|10020C04|0F40|4166B853|1003D574|0B25|0|10097AAF|0F22|40C7F768|10097AAF|0722|414F2F1F|1007690F|FFF604C3|4116B853|1003D574|61fd15da0d3490ba
22|2026-09-18T22:43:20.6780000-04:00|10097AAF|Cora Fenix|64EC|Mountain Buster|40007DC7|Exdeath|456003|92A40000|0|0|0|0|0|0|0|0|0|0|0|0|0|0|27036559|37552669|10000|10000|||91.66|107.87|0.00|-0.74|190017|205177|2600|10000|||94.77|104.17|0.00|-0.71|00003409|0|2|00||01|64EC|64EC|0.600|633B|ac2ee70dda036867
22|2026-09-18T22:43:20.6780000-04:00|10097AAF|Cora Fenix|64EC|Mountain Buster|40007DC8|Chaos|450003|1BBC0000|0|0|0|0|0|0|0|0|0|0|0|0|0|0|20382037|37552669|10000|10000|||92.23|107.79|-0.00|2.39|190017|205177|2600|10000|||94.77|104.17|0.00|-0.71|00003409|1|2|00||01|64EC|64EC|0.600|633B|a1604cecce283c5b
264|2026-09-18T22:43:20.6780000-04:00|10097AAF|64EC|00003409|1|-0.015|-0.015|-0.015|-0.706|40007DC7|c7b95a7b7140396b
38|2026-09-18T22:43:20.6780000-04:00|10097AAF|Cora Fenix|0064641B|190017|205177|2600|10000|1||94.77|104.17|0.00|-0.71|0|0|0|29CE0030|44EA1336|10097AAF|0751|40893748|1003D574|0B7A|4120D923|10020C04|0|0|0|0A31|41E38729|10020C04|29D80031|41012EE8|10097AAF|0|0|0|0643|40B634F8|E0000000|0|0|0|0|0|0|0|0|0|0|0|0|0|0|0|0|0|0|0|0|0|0|0|0|0|0|0|0|0|0|0|0|0|0|0|0|0|0|0|0|0|0|0|0|0|0|0|0|0|0|0|0|0|0|0|0|0|0|0|0|0|0|0|0|0|0|0A3A|4120D923|10020C04|0F40|4166041A|1003D574|0|0|0|0F22|40C68EF5|10097AAF|0722|414E7AE6|1007690F|FFF604C3|4116041A|1003D574|041d2c39e3426583
30|2026-09-18T22:43:20.6780000-04:00|B25|Titan's Favor|0.00|10097AAF|Cora Fenix|10097AAF|Cora Fenix|00|205177|205177|99f9ac451c8e59ee
00|2026-09-18T22:43:20.6950000-04:00|002D||   Cora FenixLeviathan recovers 18378 HP.|7fbd8f188ea7713c
00|2026-09-18T22:43:20.6950000-04:00|002D||   Abnar FaeExodus recovers 8406 HP.|f37bf3b982d1bbd2
00|2026-09-18T22:43:20.6950000-04:00|002E||   Abnar FaeExodus gains the effect of Eukrasian Prognosis.|d56f411722eab1e7
261|2026-09-18T22:43:20.7590000-04:00|Change|100F0C23|Heading|-0.7418|NPCTargetID|40007DC7|PCTargetID|40007DC7|PosX|95.0178|PosY|104.7227|67baaa65d7c92db1
261|2026-09-18T22:43:20.7590000-04:00|Change|40007DC8|Heading|2.3872|PosX|95.6503|PosY|104.1459|PosZ|-0.0001|a0854a1d15b27fe8
37|2026-09-18T22:43:20.7210000-04:00|100F0C23|Ami Han|000033FB|226668|226668|10000|10000|5||95.02|104.72|0.00|-0.74|1E05|0|0|01|0C000A31|0|41E38729|10020C04|796f371cc7ca2515
37|2026-09-18T22:43:20.7660000-04:00|10097AAF|Cora Fenix|00003401|205177||||||94.77|104.17|0.00|-0.71|f3936ef902cad0b4
00|2026-09-18T22:43:20.8170000-04:00|002D||   Ami HanMidgardsormr recovers 33672 HP.|96487b0a6f73e054
00|2026-09-18T22:43:20.8370000-04:00|002D||   Ami HanMidgardsormr recovers 18816 HP.|549b6a32d3ba50db
00|2026-09-18T22:43:20.8370000-04:00|002D||   Zephyra HanaMidgardsormr recovers 8146 HP.|e25bef5583ea001f
00|2026-09-18T22:43:20.8370000-04:00|002E||   Zephyra HanaMidgardsormr gains the effect of Eukrasian Prognosis.|f2753bc50577f555
00|2026-09-18T22:43:20.9370000-04:00|002B||Erynd AltansarrCoeurl uses Twinblood Bite.|26cd21fce2f0ed30
00|2026-09-18T22:43:20.9370000-04:00|0029||   Critical direct hit! Chaos takes 32925 damage.|47b3e6daa13ad34a
37|2026-09-18T22:43:20.8550000-04:00|1004F18C|Abnar Fae|000033FB|325333|325333|10000|10000|6||93.89|104.84|0.00|-0.71|1506|0|0|01|07000A31|0|41E276C6|10020C04|48e4830c98dfd5b3
39|2026-09-18T22:43:20.8550000-04:00|10097AAF|Cora Fenix|205177|205177|2800|10000|||94.77|104.17|0.00|-0.71|b674ea0fc20cf20d
23|2026-09-18T22:43:20.8970000-04:00|10020C04|Minda Silva|5EF8|Dosis III|Cancelled|fdd8a9e05d9e65fe
39|2026-09-18T22:43:20.9000000-04:00|10020C04|Minda Silva|204515|204515|6400|10000|||97.10|101.56|0.00|-0.14|1daf5b218626054e
261|2026-09-18T22:43:20.9500000-04:00|Change|10020C04|CurrentMP|6400|Heading|1.0933|PosX|97.1487|PosY|101.5299|9f36d5f3805ab05e
00|2026-09-18T22:43:20.9440000-04:00|002D||   Cora FenixLeviathan recovers 32147 HP.|da1319061cd674d5
00|2026-09-18T22:43:20.9440000-04:00|002B||You cancel Dosis III.|5a9b0056c1577ec9
00|2026-09-18T22:43:20.9600000-04:00|002D||   You recover 18303 HP.|33cb813b58883a64
261|2026-09-18T22:43:21.0070000-04:00|Change|40007DC8|Heading|2.3872|PosX|104.5086|PosY|94.7240|PosZ|-0.0001|959cf87012380b83
00|2026-09-18T22:43:21.0350000-04:00|002B||Nonohiko KojamaFamfrit uses Second Wind.|514e9441b283bac6
00|2026-09-18T22:43:21.0350000-04:00|002D||   Critical! Nonohiko KojamaFamfrit recovers 79585 HP.|a093c73230b78b98
37|2026-09-18T22:43:20.9890000-04:00|1003D574|Zephyra Hana|000033FB|205207|205207|10000|10000|1||93.16|105.85|-0.02|2.47|1807|0|0|01|04000A31|0|41E1624B|10020C04|8f85c4f7ae68ceed
37|2026-09-18T22:43:20.9890000-04:00|40007DC8|Chaos|00003406|20349112||||||100.10|99.41|-0.00|2.39|ca025d44a0b392c8
37|2026-09-18T22:43:21.0330000-04:00|1007690F|Nonohiko Kojama|00003407|148978||||||95.94|103.62|-0.00|-0.76|8067684357fad07b
261|2026-09-18T22:43:21.0490000-04:00|Change|10097AAF|CurrentMP|2800|fef2f6e810b6c5bf
00|2026-09-18T22:43:21.0860000-04:00|002D||   Vittorio DravornCoeurl recovers 33328 HP.|411cfa84a67d29f7
00|2026-09-18T22:43:21.1020000-04:00|002D||   Abnar FaeExodus recovers 18538 HP.|91fa07014314db17
22|2026-09-18T22:43:21.0780000-04:00|10020C04|Minda Silva|5EF7|Panhaima|10020C04|Minda Silva|9C90E|A350000|509C90E|A530000|0|0|0|0|0|0|0|0|0|0|0|0|204515|204515|6400|10000|||97.15|101.53|0.00|1.83|204515|204515|6400|10000|||97.15|101.53|0.00|1.83|0000340A|0|8|00||01|5EF7|5EF7|0.600|A3EC|61dbfe6ee5f71297
22|2026-09-18T22:43:21.0780000-04:00|10020C04|Minda Silva|5EF7|Panhaima|100B07FE|Erynd Altansarr|9C90E|A350000|509C90E|A530000|0|0|0|0|0|0|0|0|0|0|0|0|226668|226668|10000|10000|||95.20|104.14|0.00|-0.68|204515|204515|6400|10000|||97.15|101.53|0.00|1.83|0000340A|1|8|00||01|5EF7|5EF7|0.600|A3EC|c1ebffb773b796ef
22|2026-09-18T22:43:21.0780000-04:00|10020C04|Minda Silva|5EF7|Panhaima|1007690F|Nonohiko Kojama|9C90E|A350000|509C90E|A530000|0|0|0|0|0|0|0|0|0|0|0|0|148978|226488|10000|10000|||95.87|103.68|-0.02|-0.79|204515|204515|6400|10000|||97.15|101.53|0.00|1.83|0000340A|2|8|00||01|5EF7|5EF7|0.600|A3EC|525edadf3cc8fa8e
22|2026-09-18T22:43:21.0780000-04:00|10020C04|Minda Silva|5EF7|Panhaima|1008A3F8|Vittorio Dravorn|9C90E|A350000|509C90E|A530000|0|0|0|0|0|0|0|0|0|0|0|0|325090|325090|6400|10000|||94.99|104.36|0.00|2.39|204515|204515|6400|10000|||97.15|101.53|0.00|1.83|0000340A|3|8|00||01|5EF7|5EF7|0.600|A3EC|1ca3ceff66ff0a59
22|2026-09-18T22:43:21.0780000-04:00|10020C04|Minda Silva|5EF7|Panhaima|10097AAF|Cora Fenix|9C90E|A350000|509C90E|A530000|0|0|0|0|0|0|0|0|0|0|0|0|205177|205177|2800|10000|||94.77|104.17|0.00|-0.71|204515|204515|6400|10000|||97.15|101.53|0.00|1.83|0000340A|4|8|00||01|5EF7|5EF7|0.600|A3EC|ce84009932cdfe0b
22|2026-09-18T22:43:21.0780000-04:00|10020C04|Minda Silva|5EF7|Panhaima|100F0C23|Ami Han|9C90E|A350000|509C90E|A530000|0|0|0|0|0|0|0|0|0|0|0|0|226668|226668|10000|10000|||95.02|104.72|0.00|-0.63|204515|204515|6400|10000|||97.15|101.53|0.00|1.83|0000340A|5|8|00||01|5EF7|5EF7|0.600|A3EC|c92b98a1f8393eb9
22|2026-09-18T22:43:21.0780000-04:00|10020C04|Minda Silva|5EF7|Panhaima|1004F18C|Abnar Fae|9C90E|A350000|509C90E|A530000|0|0|0|0|0|0|0|0|0|0|0|0|325333|325333|10000|10000|||93.89|104.84|0.00|-0.71|204515|204515|6400|10000|||97.15|101.53|0.00|1.83|0000340A|6|8|00||01|5EF7|5EF7|0.600|A3EC|604fbd403585d624
22|2026-09-18T22:43:21.0780000-04:00|10020C04|Minda Silva|5EF7|Panhaima|1003D574|Zephyra Hana|9C90E|A350000|509C90E|A530000|0|0|0|0|0|0|0|0|0|0|0|0|205207|205207|10000|10000|||93.18|105.82|-0.00|2.48|204515|204515|6400|10000|||97.15|101.53|0.00|1.83|0000340A|7|8|00||01|5EF7|5EF7|0.600|A3EC|fa1e731abb41c080
264|2026-09-18T22:43:21.0780000-04:00|10020C04|5EF7|0000340A|1|-0.015|-0.015|-0.015|0.882|10020C04|dd177118442d38bb
261|2026-09-18T22:43:21.1520000-04:00|Change|100F0C23|Heading|0.1031|PosX|95.0178|PosY|104.7227|PosZ|0.0000|f1c7c50ecc6c361b
37|2026-09-18T22:43:21.1670000-04:00|40007DC8|Chaos|00003408|20334124||||||109.47|89.45|-0.00|2.39|4d823cfa0867f474
261|2026-09-18T22:43:21.2020000-04:00|Change|40007EAF|CurrentMP|0|PCTargetID|0|65244485db0e7e57
38|2026-09-18T22:43:21.1670000-04:00|40007EAF|Topaz Titan|00646400|0|195285|0|10000|0||94.60|101.71|0.00|-0.71|0|0|0|29CE0030|44EA0389|10097AAF|b8565b55e8cd259d
30|2026-09-18T22:43:21.1670000-04:00|31|Medicated|0.00|10097AAF|Cora Fenix|40007EAF|Topaz Titan|29D8|195285|205177|235b510a5f075f46
261|2026-09-18T22:43:21.2020000-04:00|Change|10020C04|Heading|2.1811|PosX|97.1487|PosY|101.5299|PosZ|0.0000|e0b44d07438e836e
00|2026-09-18T22:43:21.1860000-04:00|002D||   Critical! Erynd AltansarrCoeurl recovers 54399 HP.|7123ca705165f2da
00|2026-09-18T22:43:21.2030000-04:00|002D||   Nonohiko KojamaFamfrit recovers 18776 HP.|02fc5d26a658abd0
261|2026-09-18T22:43:21.2310000-04:00|Change|40007DC8|Heading|2.3872|PosX|111.6147|PosY|87.1658|PosZ|-0.0001|7e522b6f3ce6cab4
00|2026-09-18T22:43:21.2850000-04:00|002B||Abnar FaeExodus uses Land Waker.|330830107289098b
00|2026-09-18T22:43:21.3060000-04:00|0030||Nonohiko KojamaFamfrit loses the effect of Silken Symmetry.|1dfeaa310bac83e8
38|2026-09-18T22:43:21.2100000-04:00|40007EB6||00646400|186345|195285|10000|10000|0||||||0|0|0|29CE0030|44EA0389|10097AAF|29D80031|40F2AFBA|10097AAF|e294a4930830689c
261|2026-09-18T22:43:21.2980000-04:00|Add|40007EB6|BNpcID|34BA|BNpcNameID|578|CastTargetID|E0000000|CurrentMP|10000|CurrentWorldID|65535|Heading|2.4355|Level|100|MaxHP|195285|MaxMP|10000|ModelStatus|3072|Name|Topaz Carbuncle|NPCTargetID|E0000000|OwnerID|10097AAF|PosX|93.6610|PosY|105.5200|Radius|0.4500|Type|2|WorldID|65535|9ec9642e998e371d
38|2026-09-18T22:43:21.2120000-04:00|40007EB6||00646400|186345|195285|10000|10000|0||||||0|0|0|29CE0030|44EA0218|10097AAF|29D80031|40F13F16|10097AAF|f0398a112f3089bd
21|2026-09-18T22:43:21.2580000-04:00|1007690F|Nonohiko Kojama|3E77|Reverse Cascade|40007DC7|Exdeath|724003|84BF0000|13E|EB8000|A3E|EC8000|0|0|0|0|0|0|0|0|0|0|26973834|37552669|10000|10000|||91.66|107.87|0.00|-0.74|148978|226488|10000|10000|||95.59|103.98|-0.00|-0.79|0000340B|0|1|00||01|3E77|3E77|0.600|5F9B|dcc331117a2d1a44
264|2026-09-18T22:43:21.2580000-04:00|1007690F|3E77|0000340B|0||||-0.795|40007DC7|cdfbf6136c18082b
38|2026-09-18T22:43:21.2580000-04:00|1007690F|Nonohiko Kojama|00646426|148978|226488|10000|10000|0||95.59|103.98|-0.00|-0.79|0|0|0|29CE0030|44B190C3|1007690F|071F|42700000|1007690F|0B7A|41246673|10020C04|0751|40701058|1003D574|0|0|0|0|0|0|0|0|0|0643|40A3A599|E0000000|0|0|0|0|0|0|0|0|0|0|0|0|0|0|0|0|0|0|0|0|0|0|0|0|0|0|0|0|0|0|0|0|0|0|0|0|0|0|0|0|0|0|0|0|0|0|0|0|0|0|0|0|0|0|0|0|0|0|0|0|0|0|0|0|0|0|0722|4140ED99|1007690F|071D|421D7659|1007690F|0737|421D7659|1007690F|0A3A|41246673|10020C04|0|0|0|FFF604C3|41154BC9|1003D574|050A53|416D22D1|10020C04|7116ac5f992603fd
26|2026-09-18T22:43:21.2580000-04:00|71F|Closed Position|60.00|1007690F|Nonohiko Kojama|1007690F|Nonohiko Kojama|00|226488|226488|b446ee00f55b88fb
30|2026-09-18T22:43:21.2580000-04:00|A85|Silken Symmetry|0.00|1007690F|Nonohiko Kojama|1007690F|Nonohiko Kojama|00|226488|226488|83f67c9720afa046
26|2026-09-18T22:43:21.2580000-04:00|A53|Panhaimatinon|14.82|10020C04|Minda Silva|1007690F|Nonohiko Kojama|05|226488|204515|81ef53144dfe87d3
37|2026-09-18T22:43:21.3020000-04:00|1007690F|Nonohiko Kojama|00003401|167754||||||95.59|103.98|-0.00|-0.79|6ee16ac23de69934
272|2026-09-18T22:43:21.3020000-04:00|40007EB6|E0000000|0000|00|915fc15b85367950
21|2026-09-18T22:43:21.3020000-04:00|100B07FE|Erynd Altansarr|873E|Swiftskin's Coil|40007DC7|Exdeath|7710003|FB430000|F10F|E558000|73E|14C8000|F|E4A8000|53E|12F8000|0|0|0|0|0|0|26973834|37552669|10000|10000|||91.66|107.87|0.00|-0.74|226668|226668|10000|10000|||95.01|104.38|0.00|-0.67|0000340C|0|1|00||01|873E|873E|0.600|5FF0|d0f27987329deedf
264|2026-09-18T22:43:21.3020000-04:00|100B07FE|873E|0000340C|0||||-0.787|40007DC7|638cf1fd693fb38c
38|2026-09-18T22:43:21.3020000-04:00|100B07FE|Erynd Altansarr|00646429|226668|226668|10000|10000|7||95.01|104.38|0.00|-0.67|0|0|0|29CE0030|4532AB72|100B07FE|0720|42700000|1007690F|0839|421D494B|1007690F|0751|406A7EF0|1003D574|0B7A|411D4BD5|10020C04|0A31|41DE8933|10020C04|0|0|0|0642|40A23D26|E0000000|0|0|0|0|0|0|0|0|0|0|0|0|0|0|0|0|0|0|0|0|0|0|0|0|0|0|0|0|0|0|0|0|0|0|0|0|0|0|0|0|0|0|0|0|0|0|0|0|0|0|0|0|0|0|0|0|0|0|0|0|0|0|0|0|0|0|0737|421D494B|1007690F|0EBC|417BFAD2|100B07FE|0A3A|411D4BD5|10020C04|0E55|C2200000|100B07FE|0F40|415E2D12|1003D574|0E54|4219958E|100B07FE|0E3F|41E1203A|100B07FE|04E2|40C6C084|100B07FE|0722|414AE97F|1007690F|FFF604C3|41105607|1003D574|050A53|416C6E98|10020C04|0E4A|C1F00000|100B07FE|be569e93724b23c6
26|2026-09-18T22:43:21.3020000-04:00|720|Dance Partner|60.00|1007690F|Nonohiko Kojama|100B07FE|Erynd Altansarr|00|226668|226488|68bab3b4a3f24df6
26|2026-09-18T22:43:21.3020000-04:00|E55|Swiftscaled|40.00|100B07FE|Erynd Altansarr|100B07FE|Erynd Altansarr|00|226668|226668|ce7abeab316776a9
26|2026-09-18T22:43:21.3020000-04:00|A53|Panhaimatinon|14.78|10020C04|Minda Silva|100B07FE|Erynd Altansarr|05|226668|204515|9871d083965a01ef
26|2026-09-18T22:43:21.3020000-04:00|E4A|Swiftskin's Venom|30.00|100B07FE|Erynd Altansarr|100B07FE|Erynd Altansarr|00|226668|226668|e2fb749cff8f67d4
00|2026-09-18T22:43:21.3240000-04:00|002D||   Nonohiko KojamaFamfrit recovers 31801 HP.|3323244512e90f7e
00|2026-09-18T22:43:21.3240000-04:00|002B||Cora FenixLeviathan uses Mountain Buster.|69bde571fdfdec31
00|2026-09-18T22:43:21.3240000-04:00|0029||   Critical direct hit! Exdeath takes 37540 damage.|50ef9d272aaf4d23
00|2026-09-18T22:43:21.3240000-04:00|002E||   Abnar FaeExodus gains the effect of Land Waker.|80aee6b59e73e5d2
00|2026-09-18T22:43:21.3400000-04:00|002D||   Erynd AltansarrCoeurl recovers 18060 HP.|8c92bcd92e594a24
03|2026-09-18T22:43:21.3520000-04:00|40007EB6|Topaz Carbuncle|00|64|10097AAF|00||1400|13498|186345|195285|10000|10000|||93.66|105.52|0.00|2.44|ba818a59e2158934
00|2026-09-18T22:43:21.3740000-04:00|002B||Chaos uses Umbra Smash.|591c73ca891cf0ab
00|2026-09-18T22:43:21.3740000-04:00|0029||   You take 147 damage.|40805edd95ba8e14
00|2026-09-18T22:43:21.3740000-04:00|0029||   Nonohiko KojamaFamfrit takes 4493 damage.|353b782db0db78ab
00|2026-09-18T22:43:21.3740000-04:00|0029||   Erynd AltansarrCoeurl takes 0 damage.|cbbaef07c091e230
00|2026-09-18T22:43:21.3740000-04:00|0029||   Vittorio DravornCoeurl takes 0 damage.|7f7d848441eefc3b
00|2026-09-18T22:43:21.3740000-04:00|0029||   Cora FenixLeviathan takes 0 damage.|eb7087e6f450aa45
00|2026-09-18T22:43:21.3740000-04:00|0029||   Ami HanMidgardsormr takes 0 damage.|e87c7d5c053c5a71
00|2026-09-18T22:43:21.3740000-04:00|0029||   Abnar FaeExodus takes 0 damage.|b238241bc3ba741b
00|2026-09-18T22:43:21.3740000-04:00|0029||   Zephyra HanaMidgardsormr takes 0 damage.|bf7a675578f55eba
261|2026-09-18T22:43:21.3680000-04:00|Change|100F0C23|Heading|1.2223|PosX|95.0178|PosY|104.7227|PosZ|0.0000|d9cedb8df6bfc29a
261|2026-09-18T22:43:21.3680000-04:00|Change|40007DC3|ModelStatus|16384|cff69684b6fdab3b
261|2026-09-18T22:43:21.3680000-04:00|Change|40007EB6|ModelStatus|1024|c8a2a4a644e64ccd
261|2026-09-18T22:43:21.4340000-04:00|Change|1003D574|CurrentMP|10000|Heading|2.4856|PosX|93.4927|PosY|105.4033|PosZ|0.0000|7397e2a70d5ed615
37|2026-09-18T22:43:21.3470000-04:00|1007690F|Nonohiko Kojama|000033FF|199555||||||95.43|104.14|-0.00|-0.80|ece4b5c048bad05a
37|2026-09-18T22:43:21.3470000-04:00|1004F18C|Abnar Fae|00003404|325333|325333|10000|10000|6||93.89|104.84|0.00|-0.71|1500|0|0|01|2400035F|0|41000000|1004F18C|8c149bcdac055ebe
26|2026-09-18T22:43:21.3470000-04:00|35F|Land Waker|8.00|1004F18C|Abnar Fae|1004F18C|Abnar Fae|00|325333|325333|4ca8b53af933f901
270|2026-09-18T22:43:21.3470000-04:00|40007DC8|2.3872|0000|005A|112.3521|86.3813|0.1983|ee8ce68665a3b659
38|2026-09-18T22:43:21.3470000-04:00|40007EB6|Topaz Carbuncle|00646400|186345|195285|10000|10000|0||93.66|105.52|0.00|2.44|0|0|0|29CE0030|44E9FDCE|10097AAF|29D80031|40ECF55B|10097AAF|01077B|41F00000|10097AAF|2ee6f779ecb43f3c
26|2026-09-18T22:43:21.3470000-04:00|30|Well Fed|1871.93|10097AAF|Cora Fenix|40007EB6|Topaz Carbuncle|29CE|195285|205177|55d1fe0e47d8489c
26|2026-09-18T22:43:21.3470000-04:00|31|Medicated|7.40|10097AAF|Cora Fenix|40007EB6|Topaz Carbuncle|29D8|195285|205177|8f7b852e64b59e4e
26|2026-09-18T22:43:21.3470000-04:00|77B|Summon Order|30.00|10097AAF|Cora Fenix|40007EB6|Topaz Carbuncle|01|195285|205177|b2c257c53e2a505a
21|2026-09-18T22:43:21.3470000-04:00|10097AAF|Cora Fenix|64C7|Radiant Aegis|10097AAF|Cora Fenix|3D|0|0|0|0|0|0|0|0|0|0|0|0|0|0|0|205177|205177|2800|10000|||94.77|104.17|0.00|-0.71|205177|205177|2800|10000|||94.77|104.17|0.00|-0.71|0000340D|0|1|00||01|64C7|64C7|0.600|633B|a0aa08985a71efc8
264|2026-09-18T22:43:21.3470000-04:00|10097AAF|64C7|0000340D|0||||-0.706|10097AAF|a803694f05e8d019
37|2026-09-18T22:43:21.4370000-04:00|100B07FE|Erynd Altansarr|00003401|226668|226668|10000|10000|7||94.86|104.57|0.00|-0.81|2908|0|0|02|21000E55|0|C2200000|100B07FE|29000E4A|0|C1F00000|100B07FE|91f0acc9d7108acf
37|2026-09-18T22:43:21.4370000-04:00|40007DC7|Exdeath|00003409|26936294||||||91.66|107.87|0.00|-0.74|4f7413171082f683
21|2026-09-18T22:43:21.4370000-04:00|40007EB6|Topaz Carbuncle|64F1|Radiant Aegis|10097AAF|Cora Fenix|4B0E|A8E0000|1B|64F18000|0|0|0|0|0|0|0|0|0|0|0|0|205177|205177|2800|10000|||94.77|104.17|0.00|-0.71|186345|195285|10000|10000|||93.66|105.52|0.00|2.44|0000340E|0|1|10097AAF|Cora Fenix|01|64F1|64F1|0.600|E33A|8d79d04cb889ba90
264|2026-09-18T22:43:21.4370000-04:00|40007EB6|64F1|0000340E|0||||2.435|10097AAF|867ca5f05dc85e24
38|2026-09-18T22:43:21.4370000-04:00|10097AAF|Cora Fenix|0064641B|205177|205177|2800|10000|20||94.77|104.17|0.00|-0.71|0|0|0|29CE0030|44E9FAEC|10097AAF|0751|4061DB18|1003D574|0B7A|4114B448|10020C04|0|0|0|0A31|41DD74B8|10020C04|29D80031|40EA1413|10097AAF|0|0|0|0643|409DEB3A|E0000000|0|0|0|0|0|0|0|0|0|0|0|0|0|0|0|0|0|0|0|0|0|0|0|0|0|0|0|0|0|0|0|0|0|0|0|0|0|0|0|0|0|0|0|0|0|0|0|0|0|0|0|0|0|0|0|0|0|0|0|0|0|0|0|0|0|0|0A3A|4114B448|10020C04|0F40|4159DF3F|1003D574|050A53|416A45A2|10020C04|0F22|40AE4537|10097AAF|0722|4142560B|1007690F|FFF604C3|4109DF3F|1003D574|0A8E|41EFA3D7|40007EB6|6e368b9ccab12f02
26|2026-09-18T22:43:21.4370000-04:00|A53|Panhaimatinon|14.64|10020C04|Minda Silva|10097AAF|Cora Fenix|05|205177|204515|503c3ccd5cf160ff
26|2026-09-18T22:43:21.4370000-04:00|A8E|Radiant Aegis|29.96|40007EB6|Topaz Carbuncle|10097AAF|Cora Fenix|00|205177|195285|1d795c73eac39295
00|2026-09-18T22:43:21.4560000-04:00|002D||   You recover 33513 HP.|1b319b31154857e2
00|2026-09-18T22:43:21.4560000-04:00|0029||   Chaos takes 7100 damage.|85cee3be7ffce5bc
00|2026-09-18T22:43:21.4730000-04:00|002D||   Vittorio DravornCoeurl recovers 18406 HP.|7d38301bcdddd0f7
00|2026-09-18T22:43:21.4730000-04:00|002E||   Cora FenixLeviathan gains the effect of Land Waker.|634061d8ff98bc0e
00|2026-09-18T22:43:21.5060000-04:00|002B||You use Panhaima.|bc082bb4a93405bf
00|2026-09-18T22:43:21.5390000-04:00|002E||   You gain the effect of Panhaima.|11bd89131ea0ab47
00|2026-09-18T22:43:21.5390000-04:00|002E||   You gain the effect of Panhaimatinon.|ca363e3df0c30a17
00|2026-09-18T22:43:21.6180000-04:00|002D||   Cora FenixLeviathan recovers 18918 HP.|7770797eee25622c
00|2026-09-18T22:43:21.6180000-04:00|002E||   Ami HanMidgardsormr gains the effect of Land Waker.|bfe400776df79808
261|2026-09-18T22:43:21.6030000-04:00|Change|100B07FE|Heading|-2.0085|NPCTargetID|40007DC7|PCTargetID|40007DC7|PosX|94.7142|PosY|104.7513|PosZ|0.0000|18969d18e405e669
37|2026-09-18T22:43:21.4810000-04:00|10097AAF|Cora Fenix|00003404|205177|205177|2800|10000|20||94.77|104.17|0.00|-0.71|1B01|0|0|01|2500035F|0|41000000|1004F18C|fd322c077b3c12d8
26|2026-09-18T22:43:21.4810000-04:00|35F|Land Waker|8.00|1004F18C|Abnar Fae|10097AAF|Cora Fenix|00|205177|325333|5257f84f3d93f7d7
37|2026-09-18T22:43:21.4810000-04:00|10020C04|Minda Silva|00003402|204368||||||97.40|101.38|0.00|2.12|671079114a4cb097
37|2026-09-18T22:43:21.5240000-04:00|1007690F|Nonohiko Kojama|00003402|195062||||||95.26|104.30|-0.00|-0.80|f5ab52ce21423f21
37|2026-09-18T22:43:21.5710000-04:00|40007DC8|Chaos|00003409|20327024||||||112.35|86.38|-0.00|2.39|018c0c31b6b4b443
37|2026-09-18T22:43:21.5710000-04:00|100B07FE|Erynd Altansarr|00003402|226668|226668|10000|10000|7||94.74|104.71|0.00|-1.60|2902|0|0|02|21000E55|0|C2200000|100B07FE|29000E4A|0|C1F00000|100B07FE|ef1287b42dfb5db7
261|2026-09-18T22:43:21.6030000-04:00|Change|40007DC2|Heading|1.5708|PosX|80.0000|PosY|100.0000|PosZ|-0.0000|4e1f350812656978
271|2026-09-18T22:43:21.5710000-04:00|40007DC2|1.5708|00|00|80.0000|100.0000|0.0000|88ac22868fb66399
37|2026-09-18T22:43:21.6150000-04:00|100F0C23|Ami Han|00003404|226668|226668|10000|10000|5||95.02|104.72|0.00|1.66|1E02|0|0|01|2500035F|0|41000000|1004F18C|763b230ecb7beb32
26|2026-09-18T22:43:21.6150000-04:00|35F|Land Waker|8.00|1004F18C|Abnar Fae|100F0C23|Ami Han|00|226668|325333|eb2855af1097f1b0
24|2026-09-18T22:43:21.6150000-04:00|40007DC7|Exdeath|DoT|0|8299|26936294|37552669|10000|10000|||91.66|107.87|0.00|-0.74|1003D574|Zephyra Hana|FFFFFFFF|205207|205207|10000|10000|||93.67|105.17|-0.00|2.49|856dbc36638b9916
24|2026-09-18T22:43:21.6150000-04:00|40007DC8|Chaos|DoT|0|5BEA|20334124|37552669|10000|10000|||112.35|86.38|-0.00|2.39|1004F18C|Abnar Fae|FFFFFFFF|325333|325333|10000|10000|||93.89|104.84|0.00|-0.71|541eb505f04efe15
38|2026-09-18T22:43:21.6150000-04:00|40007DC7|Exdeath|00646400|26902861|37552669|10000|10000|0||91.66|107.87|0.00|-0.74|0|0|0|0A38|40C39D4A|10020C04|04A9|411122DF|1004F18C|074F|41856E7E|1003D574|e07d4c1edb423dff
38|2026-09-18T22:43:21.6150000-04:00|40007DC8|Chaos|00646400|20303494|37552669|10000|10000|0||112.35|86.38|-0.00|2.39|0|0|0|0A38|4130415B|10020C04|074F|419CF3A2|1003D574|04A9|410F021A|1004F18C|babe1693416d8bd7
00|2026-09-18T22:43:21.6840000-04:00|002E||   Erynd AltansarrCoeurl gains the effect of Panhaima.|1a5012d71ba82ec4
00|2026-09-18T22:43:21.6840000-04:00|002E||   Erynd AltansarrCoeurl gains the effect of Panhaimatinon.|31c1af958dd5c744
261|2026-09-18T22:43:21.6970000-04:00|Remove|40007E63|f2cb7abf0a0031c6
00|2026-09-18T22:43:21.7070000-04:00|0030||Zephyra HanaMidgardsormr loses the effect of Temperance.|a4e7cbae08e21f47
22|2026-09-18T22:43:21.6590000-04:00|40007DC2|Kefka|BAE3|Ultima Blaster|1004F18C|Abnar Fae|750003|0|1B|BAE38000|0|0|0|0|0|0|0|0|0|0|0|0|325333|325333|10000|10000|||93.89|104.84|0.00|-0.71|9415000|9415000|10000|10000|||100.00|100.00|0.00|-0.00|0000340F|0|8|00||01|BAE3|BAE3|1.800|BFFF|835421499d79e166
22|2026-09-18T22:43:21.6590000-04:00|40007DC2|Kefka|BAE3|Ultima Blaster|1003D574|Zephyra Hana|750003|56E90000|1B|BAE38000|0|0|0|0|0|0|0|0|0|0|0|0|205207|205207|10000|10000|||93.67|105.17|-0.00|2.49|9415000|9415000|10000|10000|||100.00|100.00|0.00|-0.00|0000340F|1|8|00||01|BAE3|BAE3|1.800|BFFF|18e71eec617ef6f5
22|2026-09-18T22:43:21.6590000-04:00|40007DC2|Kefka|BAE3|Ultima Blaster|10097AAF|Cora Fenix|750003|0|1B|BAE38000|0|0|0|0|0|0|0|0|0|0|0|0|205177|205177|2800|10000|||94.77|104.17|0.00|-0.71|9415000|9415000|10000|10000|||100.00|100.00|0.00|-0.00|0000340F|2|8|00||01|BAE3|BAE3|1.800|BFFF|cb01044bbbc8be09
22|2026-09-18T22:43:21.6590000-04:00|40007DC2|Kefka|BAE3|Ultima Blaster|100B07FE|Erynd Altansarr|750003|2D150000|1B|BAE38000|0|0|0|0|0|0|0|0|0|0|0|0|226668|226668|10000|10000|||94.74|104.71|0.00|-1.60|9415000|9415000|10000|10000|||100.00|100.00|0.00|-0.00|0000340F|3|8|00||01|BAE3|BAE3|1.800|BFFF|3bd89cdba5788add
22|2026-09-18T22:43:21.6590000-04:00|40007DC2|Kefka|BAE3|Ultima Blaster|1008A3F8|Vittorio Dravorn|750003|0|1B|BAE38000|0|0|0|0|0|0|0|0|0|0|0|0|325090|325090|6400|10000|||94.99|104.36|0.00|2.37|9415000|9415000|10000|10000|||100.00|100.00|0.00|-0.00|0000340F|4|8|00||01|BAE3|BAE3|1.800|BFFF|b51a7dfff96fc008
22|2026-09-18T22:43:21.6590000-04:00|40007DC2|Kefka|BAE3|Ultima Blaster|1007690F|Nonohiko Kojama|750003|62E00000|1B|BAE38000|0|0|0|0|0|0|0|0|0|0|0|0|199555|226488|10000|10000|||95.26|104.30|-0.00|-0.80|9415000|9415000|10000|10000|||100.00|100.00|0.00|-0.00|0000340F|5|8|00||01|BAE3|BAE3|1.800|BFFF|37e266e8236d88dc
22|2026-09-18T22:43:21.6590000-04:00|40007DC2|Kefka|BAE3|Ultima Blaster|100F0C23|Ami Han|750003|0|1B|BAE38000|0|0|0|0|0|0|0|0|0|0|0|0|226668|226668|10000|10000|||95.02|104.72|0.00|1.66|9415000|9415000|10000|10000|||100.00|100.00|0.00|-0.00|0000340F|6|8|00||01|BAE3|BAE3|1.800|BFFF|d8ad71bc6afd565e
22|2026-09-18T22:43:21.6590000-04:00|40007DC2|Kefka|BAE3|Ultima Blaster|10020C04|Minda Silva|750003|626C0000|1B|BAE38000|0|0|0|0|0|0|0|0|0|0|0|0|204515|204515|6400|10000|||97.40|101.38|0.00|2.12|9415000|9415000|10000|10000|||100.00|100.00|0.00|-0.00|0000340F|7|8|00||01|BAE3|BAE3|1.800|BFFF|00870ea929e67447
264|2026-09-18T22:43:21.6590000-04:00|40007DC2|BAE3|0000340F|1|-0.015|-0.015|-0.015|1.571|40007DC2|e2b9446a2585740d
21|2026-09-18T22:43:21.6590000-04:00|100F0C23|Ami Han|8C2|Gust Slash|40007DC7|Exdeath|28710003|81A30000|53E|9F8000|11B|8C28000|0|0|0|0|0|0|0|0|0|0|26936294|37552669|10000|10000|||91.66|107.87|0.00|-0.74|226668|226668|10000|10000|||95.02|104.72|0.00|1.66|00003410|0|1|00||01|8C2|8C2|0.600|5E8B|56db332d9432e858
264|2026-09-18T22:43:21.6590000-04:00|100F0C23|08C2|00003410|0||||-0.821|40007DC7|9048e4a38f8bc3b8
38|2026-09-18T22:43:21.6590000-04:00|1003D574|Zephyra Hana|00646418|205207|205207|10000|10000|1||93.67|105.17|-0.00|2.49|0|0|0|29D20030|44D7A61E|1003D574|04B4|41326E93|1003D574|0B7A|4119B653|10020C04|0|0|0|0A31|41DBAE10|10020C04|0|0|0|0|0|0|0642|4096D099|E0000000|0|0|0|0|0|0|0|0|0|0|0|0|0751|4053A5D9|1003D574|0|0|0|0|0|0|0|0|0|0|0|0|0|0|0|0|0|0|0|0|0|0|0|0|0|0|0|0|0|0|0|0|0|0|0|0|0|0|0|0|0|0|0|0|0|0|0|0|0|0|0|0722|4149810B|1007690F|0F40|4159E357|1003D574|0A3A|4119B653|10020C04|FFF604C3|40FFD711|1003D574|050A53|4166B852|10020C04|0e2f2eb6a50f0e32
30|2026-09-18T22:43:21.6590000-04:00|750|Temperance|0.00|1003D574|Zephyra Hana|1003D574|Zephyra Hana|00|205207|205207|2bc4dc197815c9e7
26|2026-09-18T22:43:21.6590000-04:00|A53|Panhaimatinon|14.42|10020C04|Minda Silva|1003D574|Zephyra Hana|05|205207|204515|f401a090c49fb51a
37|2026-09-18T22:43:21.7020000-04:00|100F0C23|Ami Han|00003402|226668|226668|10000|10000|3||95.02|104.72|0.00|1.66|1E05|0|0|0|c016476504e4374d
261|2026-09-18T22:43:21.7350000-04:00|Change|40007DC2|ModelStatus|0|0c9a2e3dbda34016
00|2026-09-18T22:43:21.7550000-04:00|002D||   Critical! Ami HanMidgardsormr recovers 30060 HP.|7f2bdef530a09c38
00|2026-09-18T22:43:21.7550000-04:00|002E||   Vittorio DravornCoeurl gains the effect of Land Waker.|4b2e8d2bccdfc530
04|2026-09-18T22:43:21.7680000-04:00|40007E63|Esteem|00|64|1008A3F8|00||8229|10489|0|0|0|10000|||89.52|111.62|0.00|2.62|d719076fe87d909d
37|2026-09-18T22:43:21.7460000-04:00|10020C04|Minda Silva|0000340A|204368|204515|6400|10000|8||97.19|101.49|0.00|2.49|2800|0|0|02|22000A53|05|41700000|10020C04|23000A35|0|41700000|10020C04|e0a3078629dae60f
26|2026-09-18T22:43:21.7460000-04:00|A53|Panhaimatinon|15.00|10020C04|Minda Silva|10020C04|Minda Silva|05|204515|204515|1b0c4b44459e927d
26|2026-09-18T22:43:21.7460000-04:00|A35|Panhaima|15.00|10020C04|Minda Silva|10020C04|Minda Silva|00|204515|204515|29db4b0003150e32
37|2026-09-18T22:43:21.7460000-04:00|1008A3F8|Vittorio Dravorn|00003404|325090|325090|6400|10000|7||94.99|104.36|0.00|2.37|2003|0|0|01|2300035F|0|41000000|1004F18C|482e557c298725b6
26|2026-09-18T22:43:21.7460000-04:00|35F|Land Waker|8.00|1004F18C|Abnar Fae|1008A3F8|Vittorio Dravorn|00|325090|325333|c6706132f50dfeb8
37|2026-09-18T22:43:21.7460000-04:00|1004F18C|Abnar Fae|00003402|325333|325333|10000|10000|5||93.89|104.84|0.00|-0.71|1506|0|0|0|5b9734b7e4803aa5
38|2026-09-18T22:43:21.7480000-04:00|10020C04|Minda Silva|00646428|204368|204515|6400|10000|8||97.19|101.49|0.00|2.49|0|0|0|0A0168|41F00000|E0000000|29D20030|451137E8|10020C04|0A2C|42700000|10020C04|0751|4050B42F|1003D574|0B7A|410D99A8|10020C04|0|0|0|0|0|0|0|0|0|0643|4093F782|E0000000|0|0|0|0|0|0|0|0|0|0|0|0|0|0|0|0|0|0|0|0|0|0|0|0|0|0|0|0|0|0|0|0|0|0|0|0|0|0|0|0|0|0|0|0|0|0|0|0|0|0|0|0|0|0|0|0|0|0|0|0|0|0|0|0A3A|410D99A8|10020C04|0F40|41537CF1|1003D574|0722|413B3B6C|1007690F|FFF604C3|410B4FE2|1003D574|050A53|416F47AE|10020C04|0A35|416F47AE|10020C04|cc45238982df0e3e
26|2026-09-18T22:43:21.7480000-04:00|A2C|Kardia|60.00|10020C04|Minda Silva|10020C04|Minda Silva|00|204515|204515|78a49ac645252387
37|2026-09-18T22:43:21.7920000-04:00|1003D574|Zephyra Hana|00003402|205207|205207|10000|10000|0||93.82|104.97|-0.00|2.49|1807|0|0|01|04000000|0|0|E0000000|272c4810e786b7c4
21|2026-09-18T22:43:21.7920000-04:00|1008A3F8|Vittorio Dravorn|07|attack|40007DC7|Exdeath|710003|1BF10000|0|0|0|0|0|0|0|0|0|0|0|0|0|0|26902861|37552669|10000|10000|||91.66|107.87|0.00|-0.74|325090|325090|6400|10000|||94.99|104.36|0.00|2.37|00003411|0|1|00||01|07|07|0.100|E098|4099538598187f8e
264|2026-09-18T22:43:21.7920000-04:00|1008A3F8|0007|00003411|0||||2.371|40007DC7|860f45eeee6407e8
38|2026-09-18T22:43:21.7920000-04:00|1003D574|Zephyra Hana|00646418|205207|205207|10000|10000|0||93.82|104.97|-0.00|2.49|0|0|0|29D20030|44D7A1DD|1003D574|04B4|41304DCF|1003D574|0B7A|4117958F|10020C04|0|0|0|0|0|0|0|0|0|0|0|0|0642|40928F0F|E0000000|0|0|0|0|0|0|0|0|0|0|0|0|0751|404B22C7|1003D574|0|0|0|0|0|0|0|0|0|0|0|0|0|0|0|0|0|0|0|0|0|0|0|0|0|0|0|0|0|0|0|0|0|0|0|0|0|0|0|0|0|0|0|0|0|0|0|0|0|0|0|0722|41476047|1007690F|0F40|4157C293|1003D574|0A3A|4117958F|10020C04|FFF604C3|40FB9587|1003D574|050A53|4164978E|10020C04|81a1b7e02f7450d3
30|2026-09-18T22:43:21.7920000-04:00|A31|Eukrasian Prognosis|0.00|10020C04|Minda Silva|1003D574|Zephyra Hana|00|205207|204515|31a9f63956cc81e4
00|2026-09-18T22:43:21.7950000-04:00|0030||Zephyra HanaMidgardsormr loses the effect of Eukrasian Prognosis.|ab0cbbbbad12ee8e
00|2026-09-18T22:43:21.8470000-04:00|002E||   Nonohiko KojamaFamfrit gains the effect of Panhaima.|98b7b31310cbcd0c
00|2026-09-18T22:43:21.8470000-04:00|002E||   Nonohiko KojamaFamfrit gains the effect of Panhaimatinon.|9fd0dff8fb67648c
37|2026-09-18T22:43:21.8800000-04:00|100B07FE|Erynd Altansarr|0000340A|226668|226668|10000|10000|7||94.66|104.81|0.00|-2.92|2901|0|0|04|21000E55|0|C2200000|100B07FE|28000A53|05|41700000|10020C04|29000E4A|0|C1F00000|100B07FE|2A000A35|0|41700000|10020C04|a24baeb92d64548b
26|2026-09-18T22:43:21.8800000-04:00|A35|Panhaima|15.00|10020C04|Minda Silva|100B07FE|Erynd Altansarr|00|226668|204515|5ec3a6d0216e7acf
37|2026-09-18T22:43:21.8800000-04:00|40007DC7|Exdeath|0000340B|26868878||||||91.66|107.87|0.00|-0.74|eb64ede6a0ff1cb0
37|2026-09-18T22:43:21.8800000-04:00|100B07FE|Erynd Altansarr|00003404|226668|226668|10000|10000|7||94.66|104.81|0.00|-2.92|2904|0|0|03|21000E55|0|C2200000|100B07FE|29000E4A|0|C1F00000|100B07FE|2B00035F|0|41000000|1004F18C|5bbcb89712d6ab20
26|2026-09-18T22:43:21.8800000-04:00|35F|Land Waker|8.00|1004F18C|Abnar Fae|100B07FE|Erynd Altansarr|00|226668|325333|ac76417c85f2bd19
38|2026-09-18T22:43:21.8800000-04:00|100B07FE|Erynd Altansarr|00646429|226668|226668|10000|10000|7||94.66|104.81|0.00|-2.92|0|0|0|29CE0030|4532A231|100B07FE|0720|42700000|1007690F|0839|421AF86A|1007690F|0751|4045709A|1003D574|0B7A|41140840|10020C04|0A31|41D9E767|10020C04|0|0|0|0642|408FB5F8|E0000000|0|0|0|0|0|0|0|0|0|0|0|0|0|0|0|0|0|0|0|0|0|0|0|0|0|0|0|0|0|0|0|0|0|0|0|0|0|0|0|0|0|0|0|0|0|0|0|0|0|0|0|0|0|0|0|0|0|0|0|0|0|0|0|0|0|0|0737|421AF86A|1007690F|0EBC|4172B73D|100B07FE|0A3A|41140840|10020C04|0E55|C2200000|100B07FE|0F40|4154E97D|1003D574|0E54|421744AD|100B07FE|0E3F|41DC7E6E|100B07FE|04E2|40B43956|100B07FE|0722|4141A5EA|1007690F|FFF604C3|41071272|1003D574|050A53|416F47AE|10020C04|0E4A|C1F00000|100B07FE|0A35|416F47AE|10020C04|035F|40FE8F5C|1004F18C|de9518366f30adaa
00|2026-09-18T22:43:21.8990000-04:00|002D||   Critical! You recover 29988 HP.|40d0cbab49fe8cd1
00|2026-09-18T22:43:21.8990000-04:00|002B||Nonohiko KojamaFamfrit uses Reverse Cascade.|6913547679e751c9
00|2026-09-18T22:43:21.8990000-04:00|0029||   Direct hit! Exdeath takes 33983 damage.|ad7a31f2b765a0c4
00|2026-09-18T22:43:21.8990000-04:00|002E||   Erynd AltansarrCoeurl gains the effect of Land Waker.|8540b25f021f516b
00|2026-09-18T22:43:21.9850000-04:00|002E||   Vittorio DravornCoeurl gains the effect of Panhaima.|206f7ca3d460806c
00|2026-09-18T22:43:21.9850000-04:00|002E||   Vittorio DravornCoeurl gains the effect of Panhaimatinon.|ed4ee6c842d4487e
00|2026-09-18T22:43:22.0030000-04:00|002B||Kefka uses Ultima Blaster.|5f12a4eb0a474b15
00|2026-09-18T22:43:22.0030000-04:00|0029||   Abnar FaeExodus takes 0 damage.|7830c360807615ae
00|2026-09-18T22:43:22.0030000-04:00|0029||   Zephyra HanaMidgardsormr takes 22249 damage.|00c04ea389bca602
00|2026-09-18T22:43:22.0030000-04:00|0029||   Cora FenixLeviathan takes 0 damage.|9d4eac78a89fddb1
00|2026-09-18T22:43:22.0030000-04:00|0029||   Erynd AltansarrCoeurl takes 11541 damage.|7ccafaed4cad0e09
00|2026-09-18T22:43:22.0030000-04:00|0029||   Vittorio DravornCoeurl takes 0 damage.|237a916d80bbb052
00|2026-09-18T22:43:22.0030000-04:00|0029||   Nonohiko KojamaFamfrit takes 25312 damage.|62f42a165dfa7692
00|2026-09-18T22:43:22.0030000-04:00|0029||   Ami HanMidgardsormr takes 0 damage.|9cbb8ccb2ac80a8c
00|2026-09-18T22:43:22.0030000-04:00|0029||   You take 25196 damage.|1c919a24f998840f
00|2026-09-18T22:43:22.0350000-04:00|002B||Cora FenixLeviathan uses Radiant Aegis.|9d49a10727499ae3
00|2026-09-18T22:43:22.0350000-04:00|002D||   Critical! Zephyra HanaMidgardsormr recovers 30176 HP.|965941e964624f59
00|2026-09-18T22:43:22.0350000-04:00|002E||   Zephyra HanaMidgardsormr gains the effect of Land Waker.|44aa0cae2cc3553f
00|2026-09-18T22:43:22.0170000-04:00|002B||Ami HanMidgardsormr uses Gust Slash.|0f373ab27ff3b469
00|2026-09-18T22:43:22.0170000-04:00|0029||   Exdeath takes 33187(+40%) damage.|205488b68dbc94d6
37|2026-09-18T22:43:21.9700000-04:00|10020C04|Minda Silva|00003401|204515||||||97.13|101.53|0.00|-1.52|cbbf83c5a03c4ec9
37|2026-09-18T22:43:22.0140000-04:00|1007690F|Nonohiko Kojama|0000340A|195062|226488|10000|10000|7||95.03|104.53|-0.02|-0.78|2602|0|0|02|22000A35|0|41700000|10020C04|24000A53|05|41700000|10020C04|34cdb9631ea51310
26|2026-09-18T22:43:22.0140000-04:00|A35|Panhaima|15.00|10020C04|Minda Silva|1007690F|Nonohiko Kojama|00|226488|204515|077c6b7e691e894b
37|2026-09-18T22:43:22.0140000-04:00|1003D574|Zephyra Hana|00003404|205207|205207|10000|10000|0||94.03|104.70|-0.02|2.48|1805|0|0|01|2300035F|0|41000000|1004F18C|fbc8a40661a50c24
26|2026-09-18T22:43:22.0140000-04:00|35F|Land Waker|8.00|1004F18C|Abnar Fae|1003D574|Zephyra Hana|00|205207|325333|5d34dd693a10042b
38|2026-09-18T22:43:22.0140000-04:00|1007690F|Nonohiko Kojama|00646426|195062|226488|10000|10000|7||95.03|104.53|-0.02|-0.78|0|0|0|29CE0030|44B1788A|1007690F|071F|42700000|1007690F|0B7A|411849C8|10020C04|0751|403F9DA8|1003D574|0|0|0|0|0|0|0|0|0|0643|408B6C3D|E0000000|0|0|0|0|0|0|0|0|0|0|0|0|0|0|0|0|0|0|0|0|0|0|0|0|0|0|0|0|0|0|0|0|0|0|0|0|0|0|0|0|0|0|0|0|0|0|0|0|0|0|0|0|0|0|0|0|0|0|0|0|0|0|0|0|0|0|0722|4134D0EE|1007690F|071D|421A6F34|1007690F|0737|421A6F34|1007690F|0A3A|411849C8|10020C04|0A35|416F4BC7|10020C04|FFF604C3|41092F1E|1003D574|050A53|416F4BC7|10020C04|9b0fb9cc75713fa4
261|2026-09-18T22:43:22.0620000-04:00|Change|1007690F|Heading|-0.7914|PosX|94.8845|PosY|104.6742|PosZ|-0.0022|880292c6f1694edd
00|2026-09-18T22:43:22.0850000-04:00|002E||   Cora FenixLeviathan gains the effect of Panhaima.|639daff530180234
00|2026-09-18T22:43:22.0850000-04:00|002E||   Cora FenixLeviathan gains the effect of Panhaimatinon.|3180f1e732447e09
00|2026-09-18T22:43:22.1070000-04:00|0029||Direct hit! Ami HanMidgardsormr hits Exdeath for 8028 damage.|dd0e55160c125bcb
00|2026-09-18T22:43:22.1070000-04:00|002B||Erynd AltansarrCoeurl uses Swiftskin's Coil.|c3c199facf3c3118
00|2026-09-18T22:43:22.1070000-04:00|0029||   Exdeath takes 64323(+7%) damage.|843b19f2783e9ecb
00|2026-09-18T22:43:22.1070000-04:00|002E||   Erynd AltansarrCoeurl gains the effect of Swiftscaled.|5837575b24a99d7a
00|2026-09-18T22:43:22.1070000-04:00|002E||   Erynd AltansarrCoeurl gains the effect of Swiftskin's Venom.|7c18a837315460f9
00|2026-09-18T22:43:22.1070000-04:00|0030||Cora FenixLeviathan loses the effect of Eukrasian Prognosis.|2a18c163ffd3f470
37|2026-09-18T22:43:22.0590000-04:00|40007DC7|Exdeath|00003410|26835691||||||91.66|107.87|0.00|-0.74|9c6b543d705b33e4
37|2026-09-18T22:43:22.0590000-04:00|1003D574|Zephyra Hana|0000340F|182958||||||94.39|104.24|-0.00|2.48|82fe9149191e644e
21|2026-09-18T22:43:22.0590000-04:00|100F0C23|Ami Han|07|attack|40007DC7|Exdeath|714003|1F5C0000|0|0|0|0|0|0|0|0|0|0|0|0|0|0|26868878|37552669|10000|10000|||91.66|107.87|0.00|-0.74|226668|226668|10000|10000|||95.02|104.72|0.00|-0.82|00003412|0|1|00||01|07|07|0.200|5E8B|a1005fb70d5e8e1f
264|2026-09-18T22:43:22.0590000-04:00|100F0C23|0007|00003412|0||||-0.821|40007DC7|bf347d01e8c8df2c
21|2026-09-18T22:43:22.0590000-04:00|100B07FE|Erynd Altansarr|874D|Twinblood Bite|40007DC7|Exdeath|716003|80120000|1000F|E498000|0|0|0|0|0|0|0|0|0|0|0|0|26868878|37552669|10000|10000|||91.66|107.87|0.00|-0.74|226668|226668|10000|10000|||94.63|104.85|0.00|2.82|00003413|0|1|00||01|874D|874D|0.600|5FF0|86929ec11f7dc7c5
264|2026-09-18T22:43:22.0590000-04:00|100B07FE|874D|00003413|0||||-0.787|40007DC7|884dc187f3bf9b00
38|2026-09-18T22:43:22.0590000-04:00|100B07FE|Erynd Altansarr|00646429|226668|226668|10000|10000|7||94.63|104.85|0.00|2.82|0|0|0|29CE0030|45329F59|100B07FE|0720|42700000|1007690F|0839|421A4226|1007690F|0751|403A0C40|1003D574|0B7A|41112F2A|10020C04|0A31|41D87ADB|10020C04|0|0|0|0642|408A03CA|E0000000|0|0|0|0|0|0|0|0|0|0|0|0|0|0|0|0|0|0|0|0|0|0|0|0|0|0|0|0|0|0|0|0|0|0|0|0|0|0|0|0|0|0|0|0|0|0|0|0|0|0|0|0|0|0|0|0|0|0|0|0|0|0|0|0|0|0|0737|421A4226|1007690F|0EBC|416FDE27|100B07FE|0A3A|41112F2A|10020C04|0E55|C2200000|100B07FE|0F40|41521067|1003D574|0E54|42168E69|100B07FE|0E3F|41DB11E2|100B07FE|04E2|40AE8728|100B07FE|0722|413ECCD4|1007690F|FFF604C3|4104395C|1003D574|050A53|416C6E98|10020C04|0E49|C1F00000|100B07FE|0A35|416C6E98|10020C04|035F|40F8DD2E|1004F18C|4776a060c1e22504
30|2026-09-18T22:43:22.0590000-04:00|E4A|Swiftskin's Venom|0.00|100B07FE|Erynd Altansarr|100B07FE|Erynd Altansarr|00|226668|226668|b7b2133d9a672e8a
26|2026-09-18T22:43:22.0590000-04:00|E49|Hunter's Venom|30.00|100B07FE|Erynd Altansarr|100B07FE|Erynd Altansarr|00|226668|226668|e7846fc582a43e8b
37|2026-09-18T22:43:22.1030000-04:00|1003D574|Zephyra Hana|00003401|205207||||||94.39|104.24|-0.00|2.48|aaa7e7817b1b5cd2
37|2026-09-18T22:43:22.1030000-04:00|10097AAF|Cora Fenix|0000340F|205177|205177|2800|10000|18||94.77|104.17|0.00|-0.71|1B02|0|0|01|04000000|0|0|E0000000|5267ff76d732920a
38|2026-09-18T22:43:22.1030000-04:00|10097AAF|Cora Fenix|0064641B|205177|205177|2800|10000|18||94.77|104.17|0.00|-0.71|0|0|0|29CE0030|44E9E595|10097AAF|0751|40372AF8|1003D574|0B7A|410A0841|10020C04|0|0|0|0|0|0|29D80031|40D4BBFF|10097AAF|0|0|0|0643|40889326|E0000000|0|0|0|0|0|0|0|0|0|0|0|0|0|0|0|0|0|0|0|0|0|0|0|0|0|0|0|0|0|0|0|0|0|0|0|0|0|0|0|0|0|0|0|0|0|0|0|0|0|0|0|0|0|0|0|0|0|0|0|0|0|0|0|0|0|0|0A3A|410A0841|10020C04|0F40|414F3338|1003D574|050A53|415F999B|10020C04|0F22|4098ED23|10097AAF|0722|4137AA04|1007690F|FFF604C3|40FE666F|1003D574|0A8E|41EA4DD1|40007EB6|035F|40EAA7EC|1004F18C|5ec6f4b108d366bf
30|2026-09-18T22:43:22.1030000-04:00|A31|Eukrasian Prognosis|0.00|10020C04|Minda Silva|10097AAF|Cora Fenix|00|205177|204515|d041124cdf031460
00|2026-09-18T22:43:22.1390000-04:00|002D||   Abnar FaeExodus recovers 17911 HP.|6d22c71c9f75b7d6
00|2026-09-18T22:43:22.1390000-04:00|002E||   Nonohiko KojamaFamfrit gains the effect of Land Waker.|75e8df199650be1b
00|2026-09-18T22:43:22.1730000-04:00|002B||Topaz Carbuncle uses Radiant Aegis.|2b76ecdcc46d4db7
00|2026-09-18T22:43:22.1730000-04:00|002E||   Cora FenixLeviathan gains the effect of Radiant Aegis.|e8a6b40f7311d63a
37|2026-09-18T22:43:22.1480000-04:00|1008A3F8|Vittorio Dravorn|0000340A|325090|325090|6400|10000|7||94.99|104.36|0.00|2.37|2003|0|0|02|22000A53|05|41700000|10020C04|24000A35|0|41700000|10020C04|dc7a34976ca4f265
26|2026-09-18T22:43:22.1480000-04:00|A53|Panhaimatinon|15.00|10020C04|Minda Silva|1008A3F8|Vittorio Dravorn|05|325090|204515|77beb1bd91c68e92
26|2026-09-18T22:43:22.1480000-04:00|A35|Panhaima|15.00|10020C04|Minda Silva|1008A3F8|Vittorio Dravorn|00|325090|204515|06f3ce8b32a09bba
37|2026-09-18T22:43:22.1480000-04:00|1007690F|Nonohiko Kojama|00003404|195062|226488|10000|10000|7||94.84|104.72|-0.00|-0.80|2606|0|0|01|2500035F|0|41000000|1004F18C|d7643332d3b619d6
26|2026-09-18T22:43:22.1480000-04:00|35F|Land Waker|8.00|1004F18C|Abnar Fae|1007690F|Nonohiko Kojama|00|226488|325333|04aab9c5871e239f
37|2026-09-18T22:43:22.1480000-04:00|100B07FE|Erynd Altansarr|0000340F|215127|226668|10000|10000|7||94.62|104.87|0.00|-0.44|2903|0|0|03|05000000|0|0|E0000000|21000E55|0|C2200000|100B07FE|29000E49|0|C1F00000|100B07FE|fdf4c793fd93fef6
38|2026-09-18T22:43:22.1480000-04:00|1008A3F8|Vittorio Dravorn|00646420|325090|325090|6400|10000|7||94.99|104.36|0.00|2.37|0|0|0|02E7|0|100E036B|29CE0030|448BE810|1008A3F8|0751|403449B0|1003D574|0B7A|4113FBF6|10020C04|0A31|41D7C289|10020C04|29D50031|3F5BA1FA|1008A3F8|0642|40872282|E0000000|0|0|0|0|0|0|0|0|0|0|0|0|0|0|0|0|0|0|0|0|0|0|0|0|0|0|0|0|0|0|0|0|0|0|0|0|0|0|0|0|0|0|0|0|0|0|0|0|0|0|0|0|0|0|0|0|0|0|0|0|0|0|0|0|0|0|0|0|0|0A3A|4113FBF6|10020C04|0F40|414FE771|1003D574|0722|413B3753|1007690F|FFF604C3|41009FC3|1003D574|050A53|416F47AE|10020C04|035F|40F1BA5C|1004F18C|0A35|416F47AE|10020C04|357916aa0e87111a
38|2026-09-18T22:43:22.1480000-04:00|100B07FE|Erynd Altansarr|00646429|215127|226668|10000|10000|7||94.62|104.87|0.00|-0.44|0|0|0|29CE0030|45329DE9|100B07FE|0720|42700000|1007690F|0839|4219E5FE|1007690F|0751|403449B0|1003D574|0B7A|410FBE86|10020C04|0|0|0|0|0|0|0642|40872282|E0000000|0|0|0|0|0|0|0|0|0|0|0|0|0|0|0|0|0|0|0|0|0|0|0|0|0|0|0|0|0|0|0|0|0|0|0|0|0|0|0|0|0|0|0|0|0|0|0|0|0|0|0|0|0|0|0|0|0|0|0|0|0|0|0|0|0|0|0737|4219E5FE|1007690F|0EBC|416E6D83|100B07FE|0A3A|410FBE86|10020C04|0E55|C2200000|100B07FE|0F40|41509FC3|1003D574|0E54|42163241|100B07FE|0E3F|41DA5990|100B07FE|04E2|40ABA5E0|100B07FE|0722|413D5C30|1007690F|FFF604C3|4102C8B8|1003D574|050A53|416AFDF4|10020C04|0E49|C1F00000|100B07FE|0A35|416AFDF4|10020C04|035F|40F5FBE6|1004F18C|b771dc8b025ce4ba
30|2026-09-18T22:43:22.1480000-04:00|A31|Eukrasian Prognosis|0.00|10020C04|Minda Silva|100B07FE|Erynd Altansarr|00|226668|204515|630bc9f9d033aabb
00|2026-09-18T22:43:22.1950000-04:00|0029||Vittorio DravornCoeurl hits Exdeath for 7153 damage.|7b1a22202d2ff17d
00|2026-09-18T22:43:22.1950000-04:00|0030||Erynd AltansarrCoeurl loses the effect of Eukrasian Prognosis.|65228cc948c678e7
00|2026-09-18T22:43:22.2110000-04:00|002E||   Ami HanMidgardsormr gains the effect of Panhaima.|218bd71535bbaf45
00|2026-09-18T22:43:22.2110000-04:00|002E||   Ami HanMidgardsormr gains the effect of Panhaimatinon.|98bd778c88306529
261|2026-09-18T22:43:22.2400000-04:00|Change|40007EB6|ModelStatus|0|8c23fe2b38bdf8c1
00|2026-09-18T22:43:22.2630000-04:00|002E||   You gain the effect of Land Waker.|078fbd0352355118
00|2026-09-18T22:43:22.3300000-04:00|002B||Zephyra HanaMidgardsormr begins casting Cure III.|5d538e5ffdedf2a7
37|2026-09-18T22:43:22.2380000-04:00|10097AAF|Cora Fenix|0000340E|205177|205177|2800|10000|18||94.77|104.17|0.00|-0.71|1B00|0|0|01|24000A8E|0|41E9978B|40007EB6|1af1e5727c98c6ef
37|2026-09-18T22:43:22.2380000-04:00|1007690F|Nonohiko Kojama|0000340F|169750||||||94.80|104.75|-0.02|-0.80|0ed8de1522841c92
20|2026-09-18T22:43:22.2380000-04:00|1003D574|Zephyra Hana|83|Cure III|1003D574|Zephyra Hana|1.934|94.88|103.61|-0.00|2.47|6e89dbb9c22d4d50
263|2026-09-18T22:43:22.2380000-04:00|1003D574|0083|95.109|103.319|-0.015|2.471|00640f703979cd38
34|2026-09-18T22:43:22.2380000-04:00|40007EB6|Topaz Carbuncle|40007EB6|Topaz Carbuncle|01|045161453893e0d7
38|2026-09-18T22:43:22.2380000-04:00|40007EB6|Topaz Carbuncle|00646400|186345|195285|10000|10000|0||93.66|105.52|0.00|2.44|0|0|0|29CE0030|44E9E143|10097AAF|29D80031|40D06A13|10097AAF|f932daaa07d661d2
30|2026-09-18T22:43:22.2380000-04:00|77B|Summon Order|0.00|10097AAF|Cora Fenix|40007EB6|Topaz Carbuncle|01|195285|205177|ee18e1817e9841ac
37|2026-09-18T22:43:22.2840000-04:00|10097AAF|Cora Fenix|0000340A|205177|205177|2800|10000|26||94.77|104.17|0.00|-0.71|1B04|0|0|02|20000A53|05|41700000|10020C04|26000A35|0|41700000|10020C04|e13dc85faec84d91
26|2026-09-18T22:43:22.2840000-04:00|A35|Panhaima|15.00|10020C04|Minda Silva|10097AAF|Cora Fenix|00|205177|204515|cce170414c1deacc
37|2026-09-18T22:43:22.2840000-04:00|10020C04|Minda Silva|00003404|204515|204515|6400|10000|8||96.97|101.64|0.00|-0.92|2807|0|0|01|2400035F|0|41000000|1004F18C|d07e55a2233f6a5b
26|2026-09-18T22:43:22.2840000-04:00|35F|Land Waker|8.00|1004F18C|Abnar Fae|10020C04|Minda Silva|00|204515|325333|5316068a77784e52
21|2026-09-18T22:43:22.2840000-04:00|100F0C23|Ami Han|406D|Bunshin|100F0C23|Ami Han|3E|9D8000|500000F|7A28000|F|AA38000|0|0|0|0|0|0|0|0|0|0|226668|226668|10000|10000|||95.02|104.72|0.00|-0.82|226668|226668|10000|10000|||95.02|104.72|0.00|-0.82|00003414|0|1|00||01|406D|406D|0.600|5E8B|3894e16d4251c11c
264|2026-09-18T22:43:22.2840000-04:00|100F0C23|406D|00003414|0||||-0.821|100F0C23|5b93a6aa2c87110e
38|2026-09-18T22:43:22.2840000-04:00|100F0C23|Ami Han|0064641E|226668|226668|10000|10000|3||95.02|104.72|0.00|-0.82|0|0|0|0A0168|41F00000|E0000000|1E016C|41F00000|E0000000|0|0|0|0751|402E665C|1003D574|29CE0030|43A042F3|100F0C23|0B7A|41094BD7|10020C04|0|0|0|0|0|0|0643|4082D096|E0000000|0|0|0|0|0|0|0|0|0|0A31|41D6AE0E|10020C04|0|0|0|0|0|0|0|0|0|0|0|0|0|0|0|0|0|0|0|0|0|0|0|0|0|0|0|0|0|0|0|0|0|0|0|0|0|0|0|0|0|0|0|0|0|0|0|0|0|0|0|0A81|41867AC7|100F0C23|0722|4136ED9A|1007690F|0A3A|41094BD7|10020C04|04E2|4091EB7E|100F0C23|0F40|412CF5CD|1003D574|FFF604C3|40F46254|1003D574|050A53|415CB854|10020C04|035F|40E93748|1004F18C|0507A2|C1F00000|100F0C23|0AA3|C2340000|100F0C23|12e84df3f8a6f990
26|2026-09-18T22:43:22.2840000-04:00|A53|Panhaimatinon|13.80|10020C04|Minda Silva|100F0C23|Ami Han|05|226668|204515|a2dd25951449401e
26|2026-09-18T22:43:22.2840000-04:00|7A2|Bunshin|30.00|100F0C23|Ami Han|100F0C23|Ami Han|05|226668|226668|cd6bfac7fbc20164
26|2026-09-18T22:43:22.2840000-04:00|AA3|Phantom Kamaitachi Ready|45.00|100F0C23|Ami Han|100F0C23|Ami Han|00|226668|226668|84e471c52643cf3d
38|2026-09-18T22:43:22.2840000-04:00|10097AAF|Cora Fenix|0064641B|205177|205177|2800|10000|26||94.77|104.17|0.00|-0.71|0|0|0|29CE0030|44E9DFD2|10097AAF|0751|402BA5D9|1003D574|0B7A|410726FA|10020C04|0|0|0|0|0|0|29D80031|40CEF96F|10097AAF|0|0|0|0643|4082D096|E0000000|0|0|0|0|0|0|0|0|0|0|0|0|0|0|0|0|0|0|0|0|0|0|0|0|0|0|0|0|0|0|0|0|0|0|0|0|0|0|0|0|0|0|0|0|0|0|0|0|0|0|0|0|0|0|0|0|0|0|0|0|0|0|0|0|0|0|0A3A|410726FA|10020C04|0F40|414C51F1|1003D574|050A53|416F47AE|10020C04|0F22|40932A93|10097AAF|0722|4134C8BD|1007690F|FFF604C3|40F8A3DF|1003D574|0A8E|41E8DD2D|40007EB6|035F|40E4E55C|1004F18C|0A35|416F47AE|10020C04|47ba72d3608874a7
38|2026-09-18T22:43:22.3260000-04:00|40007EB8||00646400|206542|215482|10000|10000|0||||||0|0|0|29CE0030|43A042F3|100F0C23|493c0dda096baaa7
37|2026-09-18T22:43:22.3260000-04:00|10020C04|Minda Silva|0000340F|179319||||||96.97|101.64|0.00|-0.92|1dbc4c3a54a52403
37|2026-09-18T22:43:22.3260000-04:00|40007DC7|Exdeath|00003411|26828538||||||91.66|107.87|0.00|-0.74|54b6ea185f535077
38|2026-09-18T22:43:22.3260000-04:00|40007EB8||00646400|206542|215482|10000|10000|0||||||0|0|0|29CE0030|43A03D72|100F0C23|4a002275fb6f28fd
00|2026-09-18T22:43:22.3630000-04:00|002E||   Abnar FaeExodus gains the effect of Panhaima.|57f48057c326a654
00|2026-09-18T22:43:22.3630000-04:00|002E||   Abnar FaeExodus gains the effect of Panhaimatinon.|2109126e759dad08
37|2026-09-18T22:43:22.4150000-04:00|100F0C23|Ami Han|0000340A|226668|226668|10000|10000|10||95.02|104.72|0.00|-0.82|1E05|0|0|04|24000A53|05|41700000|10020C04|260007A2|05|C1F00000|100F0C23|27000AA3|0|C2340000|100F0C23|28000A35|0|41700000|10020C04|7232236fd2cd18fd
26|2026-09-18T22:43:22.4150000-04:00|A35|Panhaima|15.00|10020C04|Minda Silva|100F0C23|Ami Han|00|226668|204515|a56c3e5850f5a987
38|2026-09-18T22:43:22.4150000-04:00|100F0C23|Ami Han|0064641E|226668|226668|10000|10000|10||95.02|104.72|0.00|-0.82|0|0|0|0A0168|41F00000|E0000000|1E016C|41F00000|E0000000|0|0|0|0751|4025F3AC|1003D574|29CE0030|43A0320D|100F0C23|0B7A|41072F2B|10020C04|0|0|0|0|0|0|0643|407D2E7A|E0000000|0|0|0|0|0|0|0|0|0|0A31|41D59FB8|10020C04|0|0|0|0|0|0|0|0|0|0|0|0|0|0|0|0|0|0|0|0|0|0|0|0|0|0|0|0|0|0|0|0|0|0|0|0|0|0|0|0|0|0|0|0|0|0|0|0|0|0|0|0A81|41856C71|100F0C23|0722|4134D0EE|1007690F|0A3A|41072F2B|10020C04|04E2|408DB225|100F0C23|0F40|412AD921|1003D574|FFF604C3|40F028FB|1003D574|050A53|416F47AE|10020C04|035F|40E4FDEF|1004F18C|0507A2|C1F00000|100F0C23|0AA3|C2340000|100F0C23|0A35|416F47AE|10020C04|4b44782443173105
261|2026-09-18T22:43:22.4640000-04:00|Change|1003D574|CastBuffID|131|CastDurationCurrent|0.1498|CastDurationMax|1.9340|CastTargetID|1003D574|Heading|2.4714|IsCasting1|1|IsCasting2|1|PosX|95.1094|PosY|103.3188|PosZ|0.0000|a925b863b754a435
00|2026-09-18T22:43:22.5020000-04:00|002E||   Zephyra HanaMidgardsormr gains the effect of Panhaima.|0559f0a9c7adb52d
00|2026-09-18T22:43:22.5020000-04:00|002E||   Zephyra HanaMidgardsormr gains the effect of Panhaimatinon.|c280f6aa1d75913f
00|2026-09-18T22:43:22.5120000-04:00|002E||You gain the effect of Eukrasia.|a956c951696436c6
261|2026-09-18T22:43:22.5290000-04:00|Change|10097AAF|CurrentMP|2500|cf61f9e61a0936f2
261|2026-09-18T22:43:22.5290000-04:00|Add|40007EB8|BNpcID|2A91|BNpcNameID|2079|CastTargetID|E0000000|CurrentMP|10000|CurrentWorldID|65535|Heading|2.3205|Level|100|MaxHP|215482|MaxMP|10000|ModelStatus|3072|Name|Bunshin|NPCTargetID|E0000000|OwnerID|100F0C23|PosX|93.7074|PosY|105.9603|Radius|0.5000|Type|2|WorldID|65535|464ccf2275a2a8a8
272|2026-09-18T22:43:22.5060000-04:00|40007EB8|E0000000|0000|00|b544355991ef32dd
38|2026-09-18T22:43:22.5060000-04:00|10020C04|Minda Silva|00646428|179319|204515|6400|10000|8||96.97|101.64|0.00|-0.92|0|0|0|0A0168|41F00000|E0000000|29D20030|45112BCC|10020C04|0A2C|42700000|10020C04|0751|4020311C|1003D574|0B7A|410178E5|10020C04|0|0|0|0|0|0|0|0|0|0643|40776BEA|E0000000|0|0|0|0|0|0|0|0|0|0|0|0|0|0|0|0|0|0|0|0|0|0|0|0|0|0|0|0|0|0|0|0|0|0|0|0|0|0|0|0|0|0|0|0|0|0|0|0|0|0|0|0|0|0|0|0|0|0|0|0|0|0|0|0A3A|410178E5|10020C04|0F40|41475C2E|1003D574|0722|412F1AA9|1007690F|FFF604C3|40FE5E3E|1003D574|050A53|416326EB|10020C04|0A35|416326EB|10020C04|035F|40F774BB|1004F18C|0A2E|0|10020C04|5ee9ae0bfdb47b9c
26|2026-09-18T22:43:22.5060000-04:00|A2E|Eukrasia|9999.00|10020C04|Minda Silva|10020C04|Minda Silva|00|204515|204515|b29555c2ee15161b
21|2026-09-18T22:43:22.5060000-04:00|10020C04|Minda Silva|5EE2|Eukrasia|10020C04|Minda Silva|3E|1068000|0|0|0|0|0|0|0|0|0|0|0|0|0|0|179319|204515|6400|10000|||96.97|101.64|0.00|-0.92|179319|204515|6400|10000|||96.97|101.64|0.00|-0.92|00003415|0|1|00||01|5EE2|5EE2|0.600|5A75|fa805bc44e416277
264|2026-09-18T22:43:22.5060000-04:00|10020C04|5EE2|00003415|0||||-0.921|10020C04|3b309451dffcfc27
21|2026-09-18T22:43:22.5060000-04:00|10097AAF|Cora Fenix|64E0|Topaz Rite|40007DC7|Exdeath|454003|BCFA0000|F|B258000|1B|64E08000|0|0|0|0|0|0|0|0|0|0|26828538|37552669|10000|10000|||91.66|107.87|0.00|-0.74|205177|205177|2800|10000|||94.77|104.17|0.00|-0.71|00003416|0|1|00||01|64E0|64E0|0.600|633B|9e9a82dba6a7727f
264|2026-09-18T22:43:22.5060000-04:00|10097AAF|64E0|00003416|0||||-0.706|40007DC7|533ea5cabf294d5c
38|2026-09-18T22:43:22.5060000-04:00|10097AAF|Cora Fenix|0064641B|205177|205177|2500|10000|26||94.77|104.17|0.00|-0.71|0|0|0|29CE0030|44E9D8B7|10097AAF|0751|401D7099|1003D574|0B7A|410399AA|10020C04|0|0|0|0|0|0|29D80031|40C7DECE|10097AAF|0|0|0|0643|40776BEA|E0000000|0|0|0|0|0|0|0|0|0|0|0|0|0|0|0|0|0|0|0|0|0|0|0|0|0|0|0|0|0|0|0|0|0|0|0|0|0|0|0|0|0|0|0|0|0|0|0|0|0|0|0|0|0|0|0|0|0|0|0|0|0|0|0|0|0|0|0A3A|410399AA|10020C04|0F40|4148C4A1|1003D574|050A53|416BBA5E|10020C04|0F22|408C0FF2|10097AAF|0722|41313B6D|1007690F|FFF604C3|40F1893E|1003D574|0A8E|41E71685|40007EB6|035F|40DDCABB|1004F18C|0A35|416BBA5E|10020C04|0B25|80000000|10097AAF|1cac478ab7a202c4
26|2026-09-18T22:43:22.5060000-04:00|B25|Titan's Favor|9999.00|10097AAF|Cora Fenix|10097AAF|Cora Fenix|00|205177|205177|e165182bdc472edc
31|2026-09-18T22:43:22.5060000-04:00|10020C04|23840028|10301|00|00|7e7bafe0ef1bcf85
03|2026-09-18T22:43:22.5380000-04:00|40007EB8|Bunshin|00|64|100F0C23|00||8313|10897|206542|215482|10000|10000|||93.71|105.96|0.00|2.32|4ddbb4c89bcbeca9
261|2026-09-18T22:43:22.5720000-04:00|Change|40007EB8|ModelStatus|1024|f98dadd0a84ba2ac
37|2026-09-18T22:43:22.5520000-04:00|1004F18C|Abnar Fae|0000340A|325333|325333|10000|10000|11||93.89|104.84|0.00|-0.71|1506|0|0|02|23000A53|05|41700000|10020C04|25000A35|0|41700000|10020C04|a45d46f7fcb4aa48
26|2026-09-18T22:43:22.5520000-04:00|A53|Panhaimatinon|15.00|10020C04|Minda Silva|1004F18C|Abnar Fae|05|325333|204515|28e26166b978692c
26|2026-09-18T22:43:22.5520000-04:00|A35|Panhaima|15.00|10020C04|Minda Silva|1004F18C|Abnar Fae|00|325333|204515|ac4db6d6ccc09331
38|2026-09-18T22:43:22.5520000-04:00|1004F18C|Abnar Fae|00646415|325333|325333|10000|10000|11||93.89|104.84|0.00|-0.71|0|0|0|0A2D|42700000|10020C04|29CE0030|44D7C552|1004F18C|5B|0|1004F18C|29D50031|3EFF7510|1004F18C|0B7A|41071EC9|10020C04|0751|401A6E8D|1003D574|0643|407469DE|E0000000|0A31|41D48724|10020C04|0|0|0|0|0|0|0|0|0|0|0|0|0|0|0|0|0|0|0|0|0|0|0|0|0|0|0|0|0|0|0|0|0|0|0|0|0|0|0|0|0|0|0|0|0|0|0|0|0|0|0|0|0|0|0|0|0|0|0|0|0|0|0|0|0|0|0A3A|41071EC9|10020C04|0F40|4148BC70|1003D574|0A75|41F3902E|1004F18C|0722|41390E5D|1007690F|FFF604C3|40E774BF|1003D574|050A53|416F3F7D|10020C04|035F|40D7F7C9|1004F18C|0A35|416F3F7D|10020C04|9a9da00cea6c1772
26|2026-09-18T22:43:22.5520000-04:00|A2D|Kardion|60.00|10020C04|Minda Silva|1004F18C|Abnar Fae|00|325333|204515|ad9cc970e59ade91
37|2026-09-18T22:43:22.5930000-04:00|40007DC7|Exdeath|00003412|26820510||||||91.66|107.87|0.00|-0.74|92776cb5be5cd980
37|2026-09-18T22:43:22.5930000-04:00|100F0C23|Ami Han|00003412|226668|226668|10000|10000|10||95.02|104.72|0.00|-0.82|1E00|0|0|02|260007A2|05|C1F00000|100F0C23|27000AA3|0|C2340000|100F0C23|4e6b2b47fb47d511
37|2026-09-18T22:43:22.6840000-04:00|1003D574|Zephyra Hana|0000340A|205207|205207|10000|10000|8||95.11|103.32|0.00|2.47|1807|0|0|02|22000A53|05|41700000|10020C04|24000A35|0|41700000|10020C04|4aef7faa3f8e7478
26|2026-09-18T22:43:22.6840000-04:00|A35|Panhaima|15.00|10020C04|Minda Silva|1003D574|Zephyra Hana|00|205207|204515|1d57a2b36e85a5e6
21|2026-09-18T22:43:22.6840000-04:00|1007690F|Nonohiko Kojama|07|attack|40007DC7|Exdeath|720003|1F520000|0|0|0|0|0|0|0|0|0|0|0|0|0|0|26828538|37552669|10000|10000|||91.66|107.87|0.00|-0.74|169750|226488|10000|10000|||94.59|104.96|-0.02|-0.82|00003417|0|1|00||01|07|07|0.100|5D81|3d5bfbe8c219a24d
264|2026-09-18T22:43:22.6840000-04:00|1007690F|0007|00003417|0||||-0.847|40007DC7|a0bc909b5b15d4c6
38|2026-09-18T22:43:22.6840000-04:00|1003D574|Zephyra Hana|00646418|205207|205207|10000|10000|8||95.11|103.32|0.00|2.47|0|0|0|29D20030|44D78551|1003D574|04B4|4122082F|1003D574|0B7A|41094FEF|10020C04|0|0|0|0|0|0|0|0|0|0|0|0|0642|406C0790|E0000000|0|0|0|0|0|0|0|0|0|0|0|0|0751|40120C3F|1003D574|0|0|0|0|0|0|0|0|0|0|0|0|0|0|0|0|0|0|0|0|0|0|0|0|0|0|0|0|0|0|0|0|0|0|0|0|0|0|0|0|0|0|0|0|0|0|0|0|0|0|0|0722|41391AA7|1007690F|0F40|41497CF3|1003D574|0A3A|41094FEF|10020C04|FFF604C3|40DF0A40|1003D574|050A53|416F4BC7|10020C04|035F|40E92F18|1004F18C|0A35|416F4BC7|10020C04|e2a7470a9d56e06e
00|2026-09-18T22:43:22.7380000-04:00|002B||Erynd AltansarrCoeurl uses Twinblood Bite.|17d3d20a0353515f
00|2026-09-18T22:43:22.7380000-04:00|0029||   Critical direct hit! Exdeath takes 32786 damage.|5dc79f8089f8d5b0
00|2026-09-18T22:43:22.7380000-04:00|002E||   Erynd AltansarrCoeurl gains the effect of Hunter's Venom.|8ad0459bf0f08f2c
00|2026-09-18T22:43:22.7750000-04:00|002B||You cast Eukrasia.|31a6d4d80e7cff4b
37|2026-09-18T22:43:22.7730000-04:00|40007DC7|Exdeath|0000340C|26756187||||||91.66|107.87|0.00|-0.74|c3ae68c4c8325b1f
37|2026-09-18T22:43:22.7730000-04:00|100B07FE|Erynd Altansarr|0000340C|215127|226668|10000|10000|7||94.59|104.90|0.00|1.66|2900|0|0|02|21000E55|0|42200000|100B07FE|29000E49|0|C1F00000|100B07FE|1277291e15bf9b6d
37|2026-09-18T22:43:22.7730000-04:00|40007DC7|Exdeath|00003413|26723401||||||91.66|107.87|0.00|-0.74|84c22f1af381dfd4
37|2026-09-18T22:43:22.7730000-04:00|100B07FE|Erynd Altansarr|00003413|215127|226668|10000|10000|7||94.59|104.90|0.00|1.66|2900|0|0|01|29000E49|0|41F00000|100B07FE|c102a58d630d8dfc
38|2026-09-18T22:43:22.7730000-04:00|100B07FE|Erynd Altansarr|00646429|215127|226668|10000|10000|7||94.59|104.90|0.00|1.66|0|0|0|29CE0030|453293EC|100B07FE|0720|42700000|1007690F|0839|42176601|1007690F|0751|400C49B0|1003D574|0B7A|4105BE88|10020C04|0|0|0|0|0|0|0642|40664501|E0000000|0|0|0|0|0|0|0|0|0|0|0|0|0|0|0|0|0|0|0|0|0|0|0|0|0|0|0|0|0|0|0|0|0|0|0|0|0|0|0|0|0|0|0|0|0|0|0|0|0|0|0|0|0|0|0|0|0|0|0|0|0|0|0|0|0|0|0737|42176601|1007690F|0EBC|41646D85|100B07FE|0A3A|4105BE88|10020C04|0E55|421FD0E5|100B07FE|0F40|41469FC5|1003D574|0E54|4213B244|100B07FE|0E3F|41D5598F|100B07FE|04E2|4097A5DE|100B07FE|0722|41335C32|1007690F|FFF604C3|40F19170|1003D574|050A53|4160FDF6|10020C04|0E49|41EFA1CB|100B07FE|0A35|4160FDF6|10020C04|035F|40E1FBE4|1004F18C|d462fd80a79780be
21|2026-09-18T22:43:22.8180000-04:00|100B07FE|Erynd Altansarr|874C|Twinfang Bite|40007DC7|Exdeath|710003|3CC70000|0|0|0|0|0|0|0|0|0|0|0|0|0|0|26723401|37552669|10000|10000|||91.66|107.87|0.00|-0.74|215127|226668|10000|10000|||94.59|104.90|0.00|1.92|00003418|0|1|00||01|874C|874C|0.600|6014|68ee41c7d1430f0d
264|2026-09-18T22:43:22.8180000-04:00|100B07FE|874C|00003418|0||||-0.783|40007DC7|1b71981ebef54b4f
38|2026-09-18T22:43:22.8180000-04:00|100B07FE|Erynd Altansarr|00646429|215127|226668|10000|10000|7||94.59|104.90|0.00|1.92|0|0|0|29CE0030|45329334|100B07FE|0720|42700000|1007690F|0839|421737ED|1007690F|0751|40096868|1003D574|0B7A|41050636|10020C04|0|0|0|0|0|0|0642|406363B9|E0000000|0|0|0|0|0|0|0|0|0|0|0|0|0|0|0|0|0|0|0|0|0|0|0|0|0|0|0|0|0|0|0|0|0|0|0|0|0|0|0|0|0|0|0|0|0|0|0|0|0|0|0|0|0|0|0|0|0|0|0|0|0|0|0|0|0|0|0737|421737ED|1007690F|0EBC|4163B533|100B07FE|0A3A|41050636|10020C04|0E55|421FA2D1|100B07FE|0F40|4145E773|1003D574|0E54|42138430|100B07FE|0E3F|41D4FD66|100B07FE|04E2|4096353A|100B07FE|0722|4132A3E0|1007690F|FFF604C3|40F020CC|1003D574|050A53|416045A4|10020C04|0|0|0|0A35|416045A4|10020C04|035F|40E08B40|1004F18C|93933b87e4a6f1d8
30|2026-09-18T22:43:22.8180000-04:00|E49|Hunter's Venom|0.00|100B07FE|Erynd Altansarr|100B07FE|Erynd Altansarr|00|226668|226668|0a6ece5846060fad
00|2026-09-18T22:43:22.8610000-04:00|0030||Erynd AltansarrCoeurl loses the effect of Hunter's Venom.|e2c7f5739cfacce5
261|2026-09-18T22:43:22.9410000-04:00|Change|1008A3F8|CurrentMP|6600|Heading|2.3692|971be110706ba398
39|2026-09-18T22:43:22.9060000-04:00|1008A3F8|Vittorio Dravorn|325090|325090|6600|10000|||94.99|104.36|0.00|2.37|a84a5ce317c86b09
22|2026-09-18T22:43:22.9060000-04:00|40007DC7|Exdeath|BB13|Vacuum Wave|1004F18C|Abnar Fae|1B|BB138000|0|0|0|0|0|0|0|0|0|0|0|0|0|0|325333|325333|10000|10000|||93.89|104.84|0.00|-0.71|26723401|37552669|10000|10000|||91.66|107.87|0.00|-0.74|00003419|0|8|00||01|BB13|BB13|3.100|61A9|b5798bcbe533c73c
22|2026-09-18T22:43:22.9060000-04:00|40007DC7|Exdeath|BB13|Vacuum Wave|1007690F|Nonohiko Kojama|1B|BB138000|0|0|0|0|0|0|0|0|0|0|0|0|0|0|169750|226488|10000|10000|||94.46|105.07|-0.01|-0.85|26723401|37552669|10000|10000|||91.66|107.87|0.00|-0.74|00003419|1|8|00||01|BB13|BB13|3.100|61A9|591b7d05a6508553
22|2026-09-18T22:43:22.9060000-04:00|40007DC7|Exdeath|BB13|Vacuum Wave|100B07FE|Erynd Altansarr|1B|BB138000|0|0|0|0|0|0|0|0|0|0|0|0|0|0|215127|226668|10000|10000|||94.61|104.89|0.00|-1.01|26723401|37552669|10000|10000|||91.66|107.87|0.00|-0.74|00003419|2|8|00||01|BB13|BB13|3.100|61A9|a611766611fd64d7
22|2026-09-18T22:43:22.9060000-04:00|40007DC7|Exdeath|BB13|Vacuum Wave|100F0C23|Ami Han|1B|BB138000|0|0|0|0|0|0|0|0|0|0|0|0|0|0|226668|226668|10000|10000|||95.02|104.72|0.00|-0.82|26723401|37552669|10000|10000|||91.66|107.87|0.00|-0.74|00003419|3|8|00||01|BB13|BB13|3.100|61A9|96b36abce47a2aa3
22|2026-09-18T22:43:22.9060000-04:00|40007DC7|Exdeath|BB13|Vacuum Wave|10097AAF|Cora Fenix|1B|BB138000|0|0|0|0|0|0|0|0|0|0|0|0|0|0|205177|205177|2500|10000|||94.77|104.17|0.00|-0.71|26723401|37552669|10000|10000|||91.66|107.87|0.00|-0.74|00003419|4|8|00||01|BB13|BB13|3.100|61A9|3714a97b46968d82
22|2026-09-18T22:43:22.9060000-04:00|40007DC7|Exdeath|BB13|Vacuum Wave|1008A3F8|Vittorio Dravorn|1B|BB138000|0|0|0|0|0|0|0|0|0|0|0|0|0|0|325090|325090|6400|10000|||94.99|104.36|0.00|2.37|26723401|37552669|10000|10000|||91.66|107.87|0.00|-0.74|00003419|5|8|00||01|BB13|BB13|3.100|61A9|1e31d85082517ee1
22|2026-09-18T22:43:22.9060000-04:00|40007DC7|Exdeath|BB13|Vacuum Wave|1003D574|Zephyra Hana|1B|BB138000|0|0|0|0|0|0|0|0|0|0|0|0|0|0|205207|205207|10000|10000|||95.11|103.32|0.00|2.47|26723401|37552669|10000|10000|||91.66|107.87|0.00|-0.74|00003419|6|8|00||01|BB13|BB13|3.100|61A9|d34c1941bf70b272
22|2026-09-18T22:43:22.9060000-04:00|40007DC7|Exdeath|BB13|Vacuum Wave|10020C04|Minda Silva|1B|BB138000|0|0|0|0|0|0|0|0|0|0|0|0|0|0|179319|204515|6400|10000|||96.97|101.64|0.00|-0.92|26723401|37552669|10000|10000|||91.66|107.87|0.00|-0.74|00003419|7|8|00||01|BB13|BB13|3.100|61A9|1ae8061672f75d68
261|2026-09-18T22:43:22.9410000-04:00|Change|40007DC7|CastBuffID|0|CastDurationCurrent|0.0000|CastDurationMax|0.0000|CastTargetID|E0000000|IsCasting1|0|IsCasting2|0|d6f4c424054a03eb
264|2026-09-18T22:43:22.9060000-04:00|40007DC7|BB13|00003419|1|-0.015|-0.015|-0.015|-0.745|40007DC7|308a7ab286de458a
24|2026-09-18T22:43:22.9500000-04:00|100B07FE|Erynd Altansarr|HoT|0|6537|215127|226668|10000|10000|||94.61|104.89|0.00|-1.01|1004F18C|Abnar Fae|0|325333|325333|10000|10000|||93.89|104.84|0.00|-0.71|ec0954222609abae
38|2026-09-18T22:43:22.9500000-04:00|100B07FE|Erynd Altansarr|00646429|226668|226668|10000|10000|7||94.61|104.89|0.00|-1.01|0|0|0|29CE0030|45329118|100B07FE|0720|42700000|1007690F|0839|4216B0C3|1007690F|0751|4000F5B9|1003D574|0B7A|4102E98B|10020C04|0|0|0|0|0|0|0642|405AF10A|E0000000|0|0|0|0|0|0|0|0|0|0|0|0|0|0|0|0|0|0|0|0|0|0|0|0|0|0|0|0|0|0|0|0|0|0|0|0|0|0|0|0|0|0|0|0|0|0|0|0|0|0|0|0|0|0|0|0|0|0|0|0|0|0|0|0|0|0|0737|4216B0C3|1007690F|0EBC|41619888|100B07FE|0A3A|4102E98B|10020C04|0E55|421F1BA7|100B07FE|0F40|4143CAC8|1003D574|0E54|4212FD06|100B07FE|0E3F|41D3EF0F|100B07FE|04E2|4091FBE1|100B07FE|0722|41308735|1007690F|FFF604C3|40EBE773|1003D574|050A53|415E28F9|10020C04|0|0|0|0A35|415E28F9|10020C04|035F|40DC51E7|1004F18C|55c4610fc9238c2d
00|2026-09-18T22:43:23.0010000-04:00|002B||Ami HanMidgardsormr uses Bunshin.|111f10e497669838
00|2026-09-18T22:43:23.0010000-04:00|002E||   Ami HanMidgardsormr gains the effect of Bunshin.|690932b557d5c929
00|2026-09-18T22:43:23.0010000-04:00|002E||   Ami HanMidgardsormr gains the effect of Phantom Kamaitachi Ready.|25c12e520d751460
00|2026-09-18T22:43:23.0440000-04:00|0030||Vittorio DravornCoeurl loses the effect of Medicated.|5e1fa757aca2cb68
24|2026-09-18T22:43:22.9960000-04:00|1003D574|Zephyra Hana|HoT|0|77FB|205207|205207|10000|10000|||95.11|103.32|0.00|2.47|10020C04|Minda Silva|0|179319|204515|6400|10000|||96.97|101.64|0.00|-0.92|f0636df9100dd16a
24|2026-09-18T22:43:22.9960000-04:00|1008A3F8|Vittorio Dravorn|HoT|0|897F|325090|325090|6400|10000|||94.99|104.36|0.00|2.37|10020C04|Minda Silva|0|179319|204515|6400|10000|||96.97|101.64|0.00|-0.92|e591565830336c3d
36|2026-09-18T22:43:22.9960000-04:00|00DC|3|9ee6054f03a93758
38|2026-09-18T22:43:22.9960000-04:00|1003D574|Zephyra Hana|00646418|205207|205207|10000|10000|8||95.11|103.32|0.00|2.47|0|0|0|29D20030|44D77B56|1003D574|04B4|411D0A3D|1003D574|0B7A|410451FD|10020C04|0|0|0|0|0|0|0|0|0|0|0|0|0642|40580FC2|E0000000|0|0|0|0|0|0|0|0|0|0|0|0|0751|3FFC28E3|1003D574|0|0|0|0|0|0|0|0|0|0|0|0|0|0|0|0|0|0|0|0|0|0|0|0|0|0|0|0|0|0|0|0|0|0|0|0|0|0|0|0|0|0|0|0|0|0|0|0|0|0|0|0722|41341CB5|1007690F|0F40|41447F01|1003D574|0A3A|410451FD|10020C04|FFF604C3|40D50E57|1003D574|050A53|416A4DD5|10020C04|035F|40DF332F|1004F18C|0A35|416A4DD5|10020C04|609afa02ab994e52
38|2026-09-18T22:43:22.9960000-04:00|1008A3F8|Vittorio Dravorn|00646420|325090|325090|6600|10000|7||94.99|104.36|0.00|2.37|0|0|0|02E7|0|100E036B|29CE0030|448BCCF6|1008A3F8|0751|3FFC28E3|1003D574|0B7A|41066EA9|10020C04|0A31|41D0FBDF|10020C04|29D50031|3C333EC0|1008A3F8|0642|40580FC2|E0000000|0|0|0|0|0|0|0|0|0|0|0|0|0|0|0|0|0|0|0|0|0|0|0|0|0|0|0|0|0|0|0|0|0|0|0|0|0|0|0|0|0|0|0|0|0|0|0|0|0|0|0|0|0|0|0|0|0|0|0|0|0|0|0|0|0|0|0|0|0|0A3A|41066EA9|10020C04|0F40|41425A24|1003D574|0722|412DAA06|1007690F|FFF604C3|40E624E3|1003D574|050A53|4161BA61|10020C04|035F|40D69FB9|1004F18C|0A35|4161BA61|10020C04|f4e7bebe1698d30a
37|2026-09-18T22:43:23.0410000-04:00|100F0C23|Ami Han|00003414|226668|226668|10000|10000|10||95.02|104.72|0.00|-0.82|1E00|0|0|02|260007A2|05|41F00000|100F0C23|27000AA3|0|42340000|100F0C23|4b46a482098bc0f7
24|2026-09-18T22:43:23.0410000-04:00|100F0C23|Ami Han|HoT|0|A6D1|226668|226668|10000|10000|||95.02|104.72|0.00|-0.82|10020C04|Minda Silva|0|179319|204515|6400|10000|||96.97|101.64|0.00|-0.92|486562cb6db87201
38|2026-09-18T22:43:23.0410000-04:00|100F0C23|Ami Han|0064641E|226668|226668|10000|10000|10||95.02|104.72|0.00|-0.82|0|0|0|0A0168|41F00000|E0000000|1E016C|41F00000|E0000000|0|0|0|0751|3FFBE759|1003D574|29CE0030|439FE20A|100F0C23|0B7A|40FA5E58|10020C04|0|0|0|0|0|0|0643|40552E7A|E0000000|0|0|0|0|0|0|0|0|0|0A31|41D09FB6|10020C04|0|0|0|0|0|0|0|0|0|0|0|0|0|0|0|0|0|0|0|0|0|0|0|0|0|0|0|0|0|0|0|0|0|0|0|0|0|0|0|0|0|0|0|0|0|0|0|0|0|0|0|0A81|41806C6F|100F0C23|0722|412AD0F0|1007690F|0A3A|40FA5E58|10020C04|04E2|40736449|100F0C23|0F40|4120D923|1003D574|FFF604C3|40DC28F9|1003D574|050A53|416547B0|10020C04|035F|40D0FDED|1004F18C|0507A2|41EFA3D7|100F0C23|0AA3|4233D1EC|100F0C23|0A35|416547B0|10020C04|ec8ec1bee2aa842f
38|2026-09-18T22:43:23.0410000-04:00|1008A3F8|Vittorio Dravorn|00646420|325090|325090|6600|10000|7||94.99|104.36|0.00|2.37|0|0|0|02E7|0|100E036B|29CE0030|448BCB85|1008A3F8|0751|3FF66654|1003D574|0B7A|4105B657|10020C04|0A31|41D09FB6|10020C04|0|0|0|0642|40552E7A|E0000000|0|0|0|0|0|0|0|0|0|0|0|0|0|0|0|0|0|0|0|0|0|0|0|0|0|0|0|0|0|0|0|0|0|0|0|0|0|0|0|0|0|0|0|0|0|0|0|0|0|0|0|0|0|0|0|0|0|0|0|0|0|0|0|0|0|0|0|0|0|0A3A|4105B657|10020C04|0F40|4141A1D2|1003D574|0722|412CF1B4|1007690F|FFF604C3|40E4B43F|1003D574|050A53|4161020F|10020C04|035F|40D52F15|1004F18C|0A35|4161020F|10020C04|a321a59880a0cbd6
30|2026-09-18T22:43:23.0410000-04:00|31|Medicated|0.00|1008A3F8|Vittorio Dravorn|1008A3F8|Vittorio Dravorn|29D5|325090|325090|1dc52189e2a71bbd
00|2026-09-18T22:43:23.0940000-04:00|002B||Cora FenixLeviathan casts Topaz Rite.|2565a64d5840e9c8
00|2026-09-18T22:43:23.0940000-04:00|0029||   Direct hit! Exdeath takes 48378 damage.|c40597b9a9b894a9
00|2026-09-18T22:43:23.0940000-04:00|002E||   Cora FenixLeviathan gains the effect of Titan's Favor.|20cd266e5f933c1e
00|2026-09-18T22:43:23.0890000-04:00|0030||Abnar FaeExodus loses the effect of Medicated.|922efeaa50cd600c
00|2026-09-18T22:43:23.0890000-04:00|0029||Exdeath hits Vittorio DravornCoeurl for 0 damage.|f874f2011be40e21
24|2026-09-18T22:43:23.0850000-04:00|10020C04|Minda Silva|HoT|0|60EE|179319|204515|6400|10000|||96.97|101.64|0.00|-0.92|10020C04|Minda Silva|0|179319|204515|6400|10000|||96.97|101.64|0.00|-0.92|82d3e001847101c2
21|2026-09-18T22:43:23.0850000-04:00|40007DC7|Exdeath|C250|unknown_c250|1008A3F8|Vittorio Dravorn|710003|0|0|0|0|0|0|0|0|0|0|0|0|0|0|0|325090|325090|6600|10000|||94.99|104.36|0.00|2.37|26723401|37552669|10000|10000|||91.66|107.87|0.00|-0.74|0000341A|0|1|00||01|C250|C250|2.966|61A9|24b7862213028035
264|2026-09-18T22:43:23.0850000-04:00|40007DC7|C250|0000341A|0||||-0.745|1008A3F8|9698e9e0badd96b5
38|2026-09-18T22:43:23.0850000-04:00|10020C04|Minda Silva|00646428|204133|204515|6400|10000|8||96.97|101.64|0.00|-0.92|0|0|0|0A0168|41F00000|E0000000|29D20030|4511228B|10020C04|0A2C|42700000|10020C04|0751|3FF6458E|1003D574|0B7A|40F06A9D|10020C04|0|0|0|0|0|0|0|0|0|0643|40525D95|E0000000|0|0|0|0|0|0|0|0|0|0|0|0|0|0|0|0|0|0|0|0|0|0|0|0|0|0|0|0|0|0|0|0|0|0|0|0|0|0|0|0|0|0|0|0|0|0|0|0|0|0|0|0|0|0|0|0|0|0|0|0|0|0|0|0A3A|40F06A9D|10020C04|0F40|413E189B|1003D574|0722|4125D716|1007690F|FFF604C3|40EBD711|1003D574|050A53|4159E358|10020C04|0A35|4159E358|10020C04|035F|40E4ED8E|1004F18C|0A2E|0|10020C04|79025be50a026a9b
38|2026-09-18T22:43:23.0850000-04:00|1004F18C|Abnar Fae|00646415|325333|325333|10000|10000|11||93.89|104.84|0.00|-0.71|0|0|0|0A2D|42700000|10020C04|29CE0030|44D7B44D|1004F18C|5B|0|1004F18C|0|0|0|0B7A|40FD3771|10020C04|0751|3FF0C489|1003D574|0643|40525D95|E0000000|0A31|41D04599|10020C04|0|0|0|0|0|0|0|0|0|0|0|0|0|0|0|0|0|0|0|0|0|0|0|0|0|0|0|0|0|0|0|0|0|0|0|0|0|0|0|0|0|0|0|0|0|0|0|0|0|0|0|0|0|0|0|0|0|0|0|0|0|0|0|0|0|0|0A3A|40FD3771|10020C04|0F40|41403960|1003D574|0A75|41EF4EA3|1004F18C|0722|41308B4D|1007690F|FFF604C3|40D66E98|1003D574|050A53|4166BC6D|10020C04|035F|40C6F1A2|1004F18C|0A35|4166BC6D|10020C04|4f394bbd879de4e0
30|2026-09-18T22:43:23.0850000-04:00|31|Medicated|0.00|1004F18C|Abnar Fae|1004F18C|Abnar Fae|29D5|325333|325333|b34b790ea2f0a9f0
00|2026-09-18T22:43:23.1050000-04:00|0029||Nonohiko KojamaFamfrit hits Exdeath for 8018 damage.|68427e938edd113c
00|2026-09-18T22:43:23.1780000-04:00|0030||Cora FenixLeviathan loses the effect of Titan's Favor.|74fa964599afe492
37|2026-09-18T22:43:23.1300000-04:00|40007DC7|Exdeath|00003416|26675023||||||91.66|107.87|0.00|-0.74|3fe6786ae137ca70
37|2026-09-18T22:43:23.1300000-04:00|10097AAF|Cora Fenix|00003416|205177|205177|2500|10000|26||94.77|104.17|0.00|-0.71|1B00|0|0|01|27000B25|0|0|10097AAF|296fc0d6d5867a2b
39|2026-09-18T22:43:23.1300000-04:00|1007690F|Nonohiko Kojama|172014|226488|10000|10000|||94.44|105.09|-0.02|-0.85|587b9c33f12ae267
38|2026-09-18T22:43:23.1300000-04:00|10097AAF|Cora Fenix|0064641B|205177|205177|2500|10000|26||94.77|104.17|0.00|-0.71|0|0|0|29CE0030|44E9C4B8|10097AAF|0751|3FEAE135|1003D574|0B7A|40F33354|10020C04|0|0|0|0|0|0|29D80031|40B3DECC|10097AAF|0|0|0|0643|404F6BEB|E0000000|0|0|0|0|0|0|0|0|0|0|0|0|0|0|0|0|0|0|0|0|0|0|0|0|0|0|0|0|0|0|0|0|0|0|0|0|0|0|0|0|0|0|0|0|0|0|0|0|0|0|0|0|0|0|0|0|0|0|0|0|0|0|0|0|0|0|0A3A|40F33354|10020C04|0F40|413EC4A4|1003D574|050A53|4161BA61|10020C04|0F22|40701FE3|10097AAF|0722|41273B70|1007690F|FFF604C3|40DD893C|1003D574|0A8E|41E21683|40007EB6|035F|40C9CAB9|1004F18C|0A35|4161BA61|10020C04|0B25|0|10097AAF|0377814ec517ba89
24|2026-09-18T22:43:23.1750000-04:00|1007690F|Nonohiko Kojama|HoT|0|22D3|169750|226488|10000|10000|||94.44|105.09|-0.02|-0.85|1004F18C|Abnar Fae|0|325333|325333|10000|10000|||93.89|104.84|0.00|-0.71|841e4507dd871041
21|2026-09-18T22:43:23.1750000-04:00|10097AAF|Cora Fenix|64EC|Mountain Buster|40007DC7|Exdeath|452003|77140000|0|0|0|0|0|0|0|0|0|0|0|0|0|0|26723401|37552669|10000|10000|||91.66|107.87|0.00|-0.74|205177|205177|2500|10000|||94.77|104.17|0.00|-0.71|0000341B|0|1|00||01|64EC|64EC|0.600|633B|6ac8ee68a3ba06a8
264|2026-09-18T22:43:23.1750000-04:00|10097AAF|64EC|0000341B|0||||-0.706|40007DC7|dc00a3a40f8e1ec5
38|2026-09-18T22:43:23.1750000-04:00|1007690F|Nonohiko Kojama|00646426|180929|226488|10000|10000|7||94.44|105.09|-0.02|-0.85|0|0|0|29CE0030|44B1536C|1007690F|071F|42700000|1007690F|0B7A|4105BA70|10020C04|0751|3FEAC06F|1003D574|0|0|0|0|0|0|0|0|0|0643|404C9B06|E0000000|0|0|0|0|0|0|0|0|0|0|0|0|0|0|0|0|0|0|0|0|0|0|0|0|0|0|0|0|0|0|0|0|0|0|0|0|0|0|0|0|0|0|0|0|0|0|0|0|0|0|0|0|0|0|0|0|0|0|0|0|0|0|0|0|0|0|0722|41224196|1007690F|071D|4215CB64|1007690F|0737|4215CB64|1007690F|0A3A|4105BA70|10020C04|0A35|415CBC6F|10020C04|FFF604C3|40ED3F83|1003D574|050A53|415CBC6F|10020C04|035F|40DDBA5A|1004F18C|56ef8f9346f2197f
38|2026-09-18T22:43:23.1750000-04:00|10097AAF|Cora Fenix|0064641B|205177|205177|2500|10000|26||94.77|104.17|0.00|-0.71|0|0|0|29CE0030|44E9C350|10097AAF|0751|3FE53F6A|1003D574|0B7A|40F1CAE1|10020C04|0|0|0|0|0|0|29D80031|40B27659|10097AAF|0|0|0|0643|404C9B06|E0000000|0|0|0|0|0|0|0|0|0|0|0|0|0|0|0|0|0|0|0|0|0|0|0|0|0|0|0|0|0|0|0|0|0|0|0|0|0|0|0|0|0|0|0|0|0|0|0|0|0|0|0|0|0|0|0|0|0|0|0|0|0|0|0|0|0|0|0A3A|40F1CAE1|10020C04|0F40|413E106B|1003D574|050A53|41610628|10020C04|0F22|406D4EFE|10097AAF|0722|41268737|1007690F|FFF604C3|40DC20C9|1003D574|0A8E|41E1BC66|40007EB6|035F|40C86246|1004F18C|0A35|41610628|10020C04|94d4b201c05f5b73
30|2026-09-18T22:43:23.1750000-04:00|B25|Titan's Favor|0.00|10097AAF|Cora Fenix|10097AAF|Cora Fenix|00|205177|205177|9e1685de8161885d
37|2026-09-18T22:43:23.2190000-04:00|40007DC7|Exdeath|00003417|26667005||||||91.66|107.87|0.00|-0.74|aefcf2b940cf205a
261|2026-09-18T22:43:23.3470000-04:00|Change|40007EB8|NPCTargetID|40007DC7|PCTargetID|40007DC7|3e1e13cf5eb8d21f
261|2026-09-18T22:43:23.3850000-04:00|Change|40007DC2|ModelStatus|16384|27ea06130445bfe1
00|2026-09-18T22:43:23.4210000-04:00|002B||Erynd AltansarrCoeurl uses Twinfang Bite.|3a2003f5f06ebba4
00|2026-09-18T22:43:23.4210000-04:00|0029||   Exdeath takes 15559 damage.|c0791e2348670fbc
37|2026-09-18T22:43:23.4420000-04:00|40007DC7|Exdeath|00003418|26651446||||||91.66|107.87|0.00|-0.74|c75dd52a872cd8ed
24|2026-09-18T22:43:23.4420000-04:00|1004F18C|Abnar Fae|HoT|0|7842|325333|325333|10000|10000|||93.89|104.84|0.00|-0.71|10020C04|Minda Silva|0|204133|204515|6400|10000|||96.97|101.64|0.00|-0.92|c52ff04873a3d62d
38|2026-09-18T22:43:23.4420000-04:00|1004F18C|Abnar Fae|00646415|325333|325333|10000|10000|11||93.89|104.84|0.00|-0.71|0|0|0|0A2D|42700000|10020C04|29CE0030|44D7A8D8|1004F18C|5B|0|1004F18C|0|0|0|0B7A|40F1C2B3|10020C04|0751|3FC2F198|1003D574|0643|403B741C|E0000000|0A31|41CD6869|10020C04|0|0|0|0|0|0|0|0|0|0|0|0|0|0|0|0|0|0|0|0|0|0|0|0|0|0|0|0|0|0|0|0|0|0|0|0|0|0|0|0|0|0|0|0|0|0|0|0|0|0|0|0|0|0|0|0|0|0|0|0|0|0|0|0|0|0|0A3A|40F1C2B3|10020C04|0F40|413A7F03|1003D574|0A75|41EC7173|1004F18C|0722|412AD0F0|1007690F|FFF604C3|40CAF9DA|1003D574|050A53|41610210|10020C04|035F|40BB7CE4|1004F18C|0A35|41610210|10020C04|02f447d0e2379e62
261|2026-09-18T22:43:23.5570000-04:00|Change|10020C04|CurrentMP|5600|Heading|-0.9214|PosX|96.9736|PosY|101.6388|dfedea503133401a
00|2026-09-18T22:43:23.4920000-04:00|0030||You lose the effect of Eukrasia.|214a65f87c9fe231
24|2026-09-18T22:43:23.4870000-04:00|10097AAF|Cora Fenix|HoT|0|6501|205177|205177|2500|10000|||94.77|104.17|0.00|-0.71|10020C04|Minda Silva|0|204133|204515|6400|10000|||96.97|101.64|0.00|-0.92|9b06768d509f2c52
22|2026-09-18T22:43:23.4870000-04:00|10020C04|Minda Silva|90AA|Eukrasian Prognosis II|10020C04|Minda Silva|4|20190000|8D0E|A310000|1B|90AA8000|0|0|0|0|0|0|0|0|0|0|204133|204515|6400|10000|||96.97|101.64|0.00|-0.92|204133|204515|6400|10000|||96.97|101.64|0.00|-0.92|0000341C|0|8|00||01|90AA|90AA|0.600|5A75|abd44c56c004a145
22|2026-09-18T22:43:23.4870000-04:00|10020C04|Minda Silva|90AA|Eukrasian Prognosis II|1003D574|Zephyra Hana|4|1F950000|B20E|A310000|1B|90AA8000|0|0|0|0|0|0|0|0|0|0|205207|205207|10000|10000|||95.11|103.32|0.00|2.47|204133|204515|6400|10000|||96.97|101.64|0.00|-0.92|0000341C|1|8|00||01|90AA|90AA|0.600|5A75|b3d993af29908b76
22|2026-09-18T22:43:23.4870000-04:00|10020C04|Minda Silva|90AA|Eukrasian Prognosis II|10097AAF|Cora Fenix|200004|33A10000|DD0E|A310000|1B|90AA8000|0|0|0|0|0|0|0|0|0|0|205177|205177|2500|10000|||94.77|104.17|0.00|-0.71|204133|204515|6400|10000|||96.97|101.64|0.00|-0.92|0000341C|2|8|00||01|90AA|90AA|0.600|5A75|a062dde4aa9202a4
22|2026-09-18T22:43:23.4870000-04:00|10020C04|Minda Silva|90AA|Eukrasian Prognosis II|1008A3F8|Vittorio Dravorn|4|210C0000|F80E|A310000|1B|90AA8000|0|0|0|0|0|0|0|0|0|0|325090|325090|6600|10000|||94.99|104.36|0.00|2.36|204133|204515|6400|10000|||96.97|101.64|0.00|-0.92|0000341C|3|8|00||01|90AA|90AA|0.600|5A75|62f8c5deb87d1cb1
22|2026-09-18T22:43:23.4870000-04:00|10020C04|Minda Silva|90AA|Eukrasian Prognosis II|100B07FE|Erynd Altansarr|4|1F790000|4D0E|A310000|1B|90AA8000|0|0|0|0|0|0|0|0|0|0|226668|226668|10000|10000|||94.87|104.58|0.00|3.01|204133|204515|6400|10000|||96.97|101.64|0.00|-0.92|0000341C|4|8|00||01|90AA|90AA|0.600|5A75|3225388fc51e66bf
22|2026-09-18T22:43:23.4870000-04:00|10020C04|Minda Silva|90AA|Eukrasian Prognosis II|100F0C23|Ami Han|4|20B50000|BE0E|A310000|1B|90AA8000|0|0|0|0|0|0|0|0|0|0|226668|226668|10000|10000|||95.02|104.72|0.00|-0.82|204133|204515|6400|10000|||96.97|101.64|0.00|-0.92|0000341C|5|8|00||01|90AA|90AA|0.600|5A75|8cdb323b667538b4
22|2026-09-18T22:43:23.4870000-04:00|10020C04|Minda Silva|90AA|Eukrasian Prognosis II|1007690F|Nonohiko Kojama|200004|32870000|E60E|A310000|1B|90AA8000|0|0|0|0|0|0|0|0|0|0|180929|226488|10000|10000|||94.44|105.09|0.00|-0.85|204133|204515|6400|10000|||96.97|101.64|0.00|-0.92|0000341C|6|8|00||01|90AA|90AA|0.600|5A75|d4ff3ff7da8aad82
22|2026-09-18T22:43:23.4870000-04:00|10020C04|Minda Silva|90AA|Eukrasian Prognosis II|1004F18C|Abnar Fae|200004|32E30000|310E|A310000|1B|90AA8000|0|0|0|0|0|0|0|0|0|0|325333|325333|10000|10000|||93.89|104.84|0.00|-0.71|204133|204515|6400|10000|||96.97|101.64|0.00|-0.92|0000341C|7|8|00||01|90AA|90AA|0.600|5A75|cb9bcfce0a33cf94
264|2026-09-18T22:43:23.4870000-04:00|10020C04|90AA|0000341C|1|-0.015|-0.015|-0.015|-0.921|10020C04|007e40a8c10d0be1
38|2026-09-18T22:43:23.4870000-04:00|10020C04|Minda Silva|00646428|204133|204515|5600|10000|22||96.97|101.64|0.00|-0.92|0|0|0|0A0168|41F00000|E0000000|29D20030|45111C1F|10020C04|0A2C|42700000|10020C04|0751|3FC2D0D2|1003D574|0B7A|40E38D6C|10020C04|0A31|41F00000|10020C04|0|0|0|0|0|0|0643|4038A337|E0000000|0|0|0|0|0|0|0|0|0|0|0|0|0|0|0|0|0|0|0|0|0|0|0|0|0|0|0|0|0|0|0|0|0|0|0|0|0|0|0|0|0|0|0|0|0|0|0|0|0|0|0|0|0|0|0|0|0|0|0|0|0|0|0|0A3A|40E38D6C|10020C04|0F40|4137AA05|1003D574|0722|411F6880|1007690F|FFF604C3|40DEF9E0|1003D574|050A53|415374C2|10020C04|0A35|415374C2|10020C04|035F|40D8105D|1004F18C|2dcc20200952ef4c
26|2026-09-18T22:43:23.4870000-04:00|A31|Eukrasian Prognosis|30.00|10020C04|Minda Silva|10020C04|Minda Silva|00|204515|204515|1e9713ff998d4ecd
30|2026-09-18T22:43:23.4870000-04:00|A2E|Eukrasia|0.00|10020C04|Minda Silva|10020C04|Minda Silva|00|204515|204515|b2218c14a6de9f52
38|2026-09-18T22:43:23.4870000-04:00|1007690F|Nonohiko Kojama|00646426|180929|226488|10000|10000|28||94.44|105.09|0.00|-0.85|0|0|0|29CE0030|44B14970|1007690F|071F|42700000|1007690F|0B7A|4100BC7D|10020C04|0751|3FC2D0D2|1003D574|0A31|41F00000|10020C04|0|0|0|0|0|0|0643|4038A337|E0000000|0|0|0|0|0|0|0|0|0|0|0|0|0|0|0|0|0|0|0|0|0|0|0|0|0|0|0|0|0|0|0|0|0|0|0|0|0|0|0|0|0|0|0|0|0|0|0|0|0|0|0|0|0|0|0|0|0|0|0|0|0|0|0|0|0|0|0722|411D43A3|1007690F|071D|42148BEA|1007690F|0737|42148BEA|1007690F|0A3A|4100BC7D|10020C04|0A35|4157BE7C|10020C04|FFF604C3|40E3439A|1003D574|050A53|4157BE7C|10020C04|035F|40D3BE71|1004F18C|51997d044b0ad7d5
26|2026-09-18T22:43:23.4870000-04:00|71F|Closed Position|60.00|1007690F|Nonohiko Kojama|1007690F|Nonohiko Kojama|00|226488|226488|84a1dedbb83bdb94
26|2026-09-18T22:43:23.4870000-04:00|A31|Eukrasian Prognosis|30.00|10020C04|Minda Silva|1007690F|Nonohiko Kojama|00|226488|204515|02968566631efcf7
38|2026-09-18T22:43:23.4870000-04:00|100F0C23|Ami Han|0064641E|226668|226668|10000|10000|20||95.02|104.72|0.00|-0.82|0|0|0|0A0168|41F00000|E0000000|1E016C|41F00000|E0000000|0|0|0|0751|3FC2D0D2|1003D574|29CE0030|439FA8F1|100F0C23|0B7A|40EC18B4|10020C04|0|0|0|0|0|0|0643|4038A337|E0000000|0|0|0|0|0|0|0|0|0|0A31|41F00000|10020C04|0|0|0|0|0|0|0|0|0|0|0|0|0|0|0|0|0|0|0|0|0|0|0|0|0|0|0|0|0|0|0|0|0|0|0|0|0|0|0|0|0|0|0|0|0|0|0|0|0|0|0|0A81|4179B60E|100F0C23|0722|4123AE21|1007690F|0A3A|40EC18B4|10020C04|04E2|4056D906|100F0C23|0F40|4119B654|1003D574|FFF604C3|40CDE355|1003D574|050A53|415E24E1|10020C04|035F|40C2B849|1004F18C|0507A2|41EC126D|100F0C23|0AA3|4232093B|100F0C23|0A35|415E24E1|10020C04|247a8e8924e85d73
26|2026-09-18T22:43:23.4870000-04:00|A31|Eukrasian Prognosis|30.00|10020C04|Minda Silva|100F0C23|Ami Han|00|226668|204515|8eacb8f676a5e85a
38|2026-09-18T22:43:23.4870000-04:00|1003D574|Zephyra Hana|00646418|205207|205207|10000|10000|22||95.11|103.32|0.00|2.47|0|0|0|29D20030|44D76BA0|1003D574|04B4|41152F1C|1003D574|0B7A|40F8EDB6|10020C04|0A31|41F00000|10020C04|0|0|0|0|0|0|0|0|0|0642|4038A337|E0000000|0|0|0|0|0|0|0|0|0|0|0|0|0751|3FBD4FCD|1003D574|0|0|0|0|0|0|0|0|0|0|0|0|0|0|0|0|0|0|0|0|0|0|0|0|0|0|0|0|0|0|0|0|0|0|0|0|0|0|0|0|0|0|0|0|0|0|0|0|0|0|0|0722|412C4194|1007690F|0F40|413CA3E0|1003D574|0A3A|40F8EDB6|10020C04|FFF604C3|40C5580F|1003D574|050A53|416272B4|10020C04|035F|40CF7CE7|1004F18C|0A35|416272B4|10020C04|3aced71935774960
26|2026-09-18T22:43:23.4870000-04:00|A31|Eukrasian Prognosis|30.00|10020C04|Minda Silva|1003D574|Zephyra Hana|00|205207|204515|5e4a27d7131ec16e
38|2026-09-18T22:43:23.4870000-04:00|1004F18C|Abnar Fae|00646415|325333|325333|10000|10000|19||93.89|104.84|0.00|-0.71|0|0|0|0A2D|42700000|10020C04|29CE0030|44D7A770|1004F18C|5B|0|1004F18C|0|0|0|0B7A|40F05A40|10020C04|0751|3FBD4FCD|1003D574|0643|4038A337|E0000000|0A31|41F00000|10020C04|0|0|0|0|0|0|0|0|0|0|0|0|0|0|0|0|0|0|0|0|0|0|0|0|0|0|0|0|0|0|0|0|0|0|0|0|0|0|0|0|0|0|0|0|0|0|0|0|0|0|0|0|0|0|0|0|0|0|0|0|0|0|0|0|0|0|0A3A|40F05A40|10020C04|0F40|4139CACA|1003D574|0A75|41EC1756|1004F18C|0722|412A1CB7|1007690F|FFF604C3|40C99167|1003D574|050A53|41604DD7|10020C04|035F|40BA1471|1004F18C|0A35|41604DD7|10020C04|9270a0a09227dba2
26|2026-09-18T22:43:23.4870000-04:00|A31|Eukrasian Prognosis|30.00|10020C04|Minda Silva|1004F18C|Abnar Fae|00|325333|204515|0329d55b51389bbe
38|2026-09-18T22:43:23.4870000-04:00|10097AAF|Cora Fenix|0064641B|205177|205177|2500|10000|49||94.77|104.17|0.00|-0.71|0|0|0|29CE0030|44E9B954|10097AAF|0751|3FBD4FCD|1003D574|0B7A|40E7CEF8|10020C04|0A31|41F00000|10020C04|0|0|0|29D80031|40A87A70|10097AAF|0|0|0|0643|4038A337|E0000000|0|0|0|0|0|0|0|0|0|0|0|0|0|0|0|0|0|0|0|0|0|0|0|0|0|0|0|0|0|0|0|0|0|0|0|0|0|0|0|0|0|0|0|0|0|0|0|0|0|0|0|0|0|0|0|0|0|0|0|0|0|0|0|0|0|0|0A3A|40E7CEF8|10020C04|0F40|41391278|1003D574|050A53|415C0835|10020C04|0F22|4059572F|10097AAF|0722|41218944|1007690F|FFF604C3|40D224E0|1003D574|0A8E|41DF3D6B|40007EB6|035F|40BE665D|1004F18C|0A35|415C0835|10020C04|3c3aa6f9c9b0f332
26|2026-09-18T22:43:23.4870000-04:00|A31|Eukrasian Prognosis|30.00|10020C04|Minda Silva|10097AAF|Cora Fenix|00|205177|204515|43af2bd52e20665d
38|2026-09-18T22:43:23.4870000-04:00|1008A3F8|Vittorio Dravorn|00646420|325090|325090|6600|10000|11||94.99|104.36|0.00|2.36|0|0|0|02E7|0|100E036B|29CE0030|448BBD40|1008A3F8|0751|3FBD4FCD|1003D574|0B7A|40FD270F|10020C04|0A31|41F00000|10020C04|0|0|0|0642|4038A337|E0000000|0|0|0|0|0|0|0|0|0|0|0|0|0|0|0|0|0|0|0|0|0|0|0|0|0|0|0|0|0|0|0|0|0|0|0|0|0|0|0|0|0|0|0|0|0|0|0|0|0|0|0|0|0|0|0|0|0|0|0|0|0|0|0|0|0|0|0|0|0|0A3A|40FD270F|10020C04|0F40|413A7F03|1003D574|0722|4125CEE5|1007690F|FFF604C3|40D66E9B|1003D574|050A53|4159DF40|10020C04|035F|40C6E971|1004F18C|0A35|4159DF40|10020C04|3a54ef4d9871b4e0
26|2026-09-18T22:43:23.4870000-04:00|A31|Eukrasian Prognosis|30.00|10020C04|Minda Silva|1008A3F8|Vittorio Dravorn|00|325090|204515|c6a2663ce8472878
38|2026-09-18T22:43:23.4870000-04:00|100B07FE|Erynd Altansarr|00646429|226668|226668|10000|10000|20||94.87|104.58|0.00|3.01|0|0|0|29CE0030|45328888|100B07FE|0720|42700000|1007690F|0839|42148BEA|1007690F|0751|3FBD4FCD|1003D574|0B7A|40F4AC2C|10020C04|0A31|41F00000|10020C04|0|0|0|0642|4038A337|E0000000|0|0|0|0|0|0|0|0|0|0|0|0|0|0|0|0|0|0|0|0|0|0|0|0|0|0|0|0|0|0|0|0|0|0|0|0|0|0|0|0|0|0|0|0|0|0|0|0|0|0|0|0|0|0|0|0|0|0|0|0|0|0|0|0|0|0|0737|42148BEA|1007690F|0EBC|41590515|100B07FE|0A3A|40F4AC2C|10020C04|0E55|421CF6CE|100B07FE|0F40|413B3755|1003D574|0E54|4210D82D|100B07FE|0E3F|41CFA553|100B07FE|04E2|4080D4F5|100B07FE|0722|4127F3C2|1007690F|FFF604C3|40DAC087|1003D574|050A53|41559586|10020C04|0|0|0|0A35|41559586|10020C04|035F|40CB2AFB|1004F18C|f503ea48fc88f461
26|2026-09-18T22:43:23.4870000-04:00|720|Dance Partner|60.00|1007690F|Nonohiko Kojama|100B07FE|Erynd Altansarr|00|226668|226488|bb1ddd671b088767
26|2026-09-18T22:43:23.4870000-04:00|A31|Eukrasian Prognosis|30.00|10020C04|Minda Silva|100B07FE|Erynd Altansarr|00|226668|204515|6e6691d19ba01174
31|2026-09-18T22:43:23.4870000-04:00|10020C04|27590028|301|00|00|7ee7bd4bf1881e87
261|2026-09-18T22:43:23.5680000-04:00|Change|40007DC1|Heading|2.3562|PosX|85.8579|PosY|114.1421|PosZ|0.0000|f66042d9ba7cf573
271|2026-09-18T22:43:23.5760000-04:00|40007DC1|2.3562|00|00|85.8579|114.1421|0.0000|d1f3218d85a35a1a
00|2026-09-18T22:43:23.6530000-04:00|002B||Exdeath uses Vacuum Wave.|cff3e91b18ead815
00|2026-09-18T22:43:23.7130000-04:00|0031||Abnar FaeExodus recovers from the effect of Tailwind.|1b9bad23f9d6fac3
261|2026-09-18T22:43:23.7010000-04:00|Change|100B07FE|Heading|2.7054|NPCTargetID|40007DC8|PCTargetID|40007DC8|PosX|94.9805|PosY|104.4575|PosZ|-0.0020|e18781570fb100cf
261|2026-09-18T22:43:23.7010000-04:00|Change|1003D574|CastBuffID|0|CastDurationCurrent|0.0000|CastDurationMax|0.0000|CastTargetID|E0000000|CurrentMP|8500|IsCasting1|0|IsCasting2|0|2007703389f62098
22|2026-09-18T22:43:23.6660000-04:00|40007DC1|Kefka|BAE3|Ultima Blaster|1004F18C|Abnar Fae|750003|0|1B|BAE38000|0|0|0|0|0|0|0|0|0|0|0|0|325333|325333|10000|10000|||93.89|104.84|0.00|-0.71|9415000|9415000|10000|10000|||85.86|114.14|0.00|2.36|0000341D|0|8|00||01|BAE3|BAE3|1.800|DFFF|40ebf5107790a488
22|2026-09-18T22:43:23.6660000-04:00|40007DC1|Kefka|BAE3|Ultima Blaster|1007690F|Nonohiko Kojama|750003|0|1B|BAE38000|0|0|0|0|0|0|0|0|0|0|0|0|180929|226488|10000|10000|||94.44|105.09|0.00|-0.85|9415000|9415000|10000|10000|||85.86|114.14|0.00|2.36|0000341D|1|8|00||01|BAE3|BAE3|1.800|DFFF|5854a36d71bbbc1a
22|2026-09-18T22:43:23.6660000-04:00|40007DC1|Kefka|BAE3|Ultima Blaster|100F0C23|Ami Han|750003|0|1B|BAE38000|0|0|0|0|0|0|0|0|0|0|0|0|226668|226668|10000|10000|||95.02|104.72|0.00|-0.82|9415000|9415000|10000|10000|||85.86|114.14|0.00|2.36|0000341D|2|8|00||01|BAE3|BAE3|1.800|DFFF|573b5fc297ad79c6
22|2026-09-18T22:43:23.6660000-04:00|40007DC1|Kefka|BAE3|Ultima Blaster|10097AAF|Cora Fenix|750003|0|1B|BAE38000|0|0|0|0|0|0|0|0|0|0|0|0|205177|205177|2500|10000|||94.77|104.17|0.00|-0.71|9415000|9415000|10000|10000|||85.86|114.14|0.00|2.36|0000341D|3|8|00||01|BAE3|BAE3|1.800|DFFF|ac0380be7438d55c
22|2026-09-18T22:43:23.6660000-04:00|40007DC1|Kefka|BAE3|Ultima Blaster|1008A3F8|Vittorio Dravorn|750003|0|1B|BAE38000|0|0|0|0|0|0|0|0|0|0|0|0|325090|325090|6600|10000|||94.99|104.36|0.00|2.36|9415000|9415000|10000|10000|||85.86|114.14|0.00|2.36|0000341D|4|8|00||01|BAE3|BAE3|1.800|DFFF|710a96b8996f17be
22|2026-09-18T22:43:23.6660000-04:00|40007DC1|Kefka|BAE3|Ultima Blaster|100B07FE|Erynd Altansarr|750003|0|1B|BAE38000|0|0|0|0|0|0|0|0|0|0|0|0|226668|226668|10000|10000|||94.96|104.48|0.00|2.75|9415000|9415000|10000|10000|||85.86|114.14|0.00|2.36|0000341D|5|8|00||01|BAE3|BAE3|1.800|DFFF|c7d53edd5220bffb
22|2026-09-18T22:43:23.6660000-04:00|40007DC1|Kefka|BAE3|Ultima Blaster|1003D574|Zephyra Hana|750003|0|1B|BAE38000|0|0|0|0|0|0|0|0|0|0|0|0|205207|205207|10000|10000|||95.11|103.32|0.00|2.47|9415000|9415000|10000|10000|||85.86|114.14|0.00|2.36|0000341D|6|8|00||01|BAE3|BAE3|1.800|DFFF|d14a6e5befb9cd25
22|2026-09-18T22:43:23.6660000-04:00|40007DC1|Kefka|BAE3|Ultima Blaster|10020C04|Minda Silva|750003|0|1B|BAE38000|0|0|0|0|0|0|0|0|0|0|0|0|204133|204515|5600|10000|||96.97|101.64|0.00|-0.92|9415000|9415000|10000|10000|||85.86|114.14|0.00|2.36|0000341D|7|8|00||01|BAE3|BAE3|1.800|DFFF|6c1a2e766f8a735c
264|2026-09-18T22:43:23.6660000-04:00|40007DC1|BAE3|0000341D|1|-0.015|-0.015|-0.015|2.356|40007DC1|9fbb32ab4863ad63
22|2026-09-18T22:43:23.6660000-04:00|1003D574|Zephyra Hana|83|Cure III|1003D574|Zephyra Hana|4|C4850000|1B|838000|0|0|0|0|0|0|0|0|0|0|0|0|205207|205207|10000|10000|||95.11|103.32|0.00|2.47|205207|205207|10000|10000|||95.11|103.32|0.00|2.47|0000341E|0|8|00||01|83|83|0.100|E4B1|4afeae828cb82abb
22|2026-09-18T22:43:23.6660000-04:00|1003D574|Zephyra Hana|83|Cure III|10097AAF|Cora Fenix|4|C19A0000|1B|838000|0|0|0|0|0|0|0|0|0|0|0|0|205177|205177|2500|10000|||94.77|104.17|0.00|-0.71|205207|205207|10000|10000|||95.11|103.32|0.00|2.47|0000341E|1|8|00||01|83|83|0.100|E4B1|96a36728165ecb78
22|2026-09-18T22:43:23.6660000-04:00|1003D574|Zephyra Hana|83|Cure III|100B07FE|Erynd Altansarr|4|C2A10000|1B|838000|0|0|0|0|0|0|0|0|0|0|0|0|226668|226668|10000|10000|||94.96|104.48|0.00|2.75|205207|205207|10000|10000|||95.11|103.32|0.00|2.47|0000341E|2|8|00||01|83|83|0.100|E4B1|f165ff5fb81d9f84
22|2026-09-18T22:43:23.6660000-04:00|1003D574|Zephyra Hana|83|Cure III|1008A3F8|Vittorio Dravorn|200004|339F4001|1B|838000|0|0|0|0|0|0|0|0|0|0|0|0|325090|325090|6600|10000|||94.99|104.36|0.00|2.36|205207|205207|10000|10000|||95.11|103.32|0.00|2.47|0000341E|3|8|00||01|83|83|0.100|E4B1|d39eaf93f8479d12
22|2026-09-18T22:43:23.6660000-04:00|1003D574|Zephyra Hana|83|Cure III|100F0C23|Ami Han|4|BD1B0000|1B|838000|0|0|0|0|0|0|0|0|0|0|0|0|226668|226668|10000|10000|||95.02|104.72|0.00|-0.82|205207|205207|10000|10000|||95.11|103.32|0.00|2.47|0000341E|4|8|00||01|83|83|0.100|E4B1|ff1426d8c0c3f63b
22|2026-09-18T22:43:23.6660000-04:00|1003D574|Zephyra Hana|83|Cure III|1007690F|Nonohiko Kojama|4|BDF80000|1B|838000|0|0|0|0|0|0|0|0|0|0|0|0|180929|226488|10000|10000|||94.44|105.09|0.00|-0.85|205207|205207|10000|10000|||95.11|103.32|0.00|2.47|0000341E|5|8|00||01|83|83|0.100|E4B1|358dcbcbdc21994a
22|2026-09-18T22:43:23.6660000-04:00|1003D574|Zephyra Hana|83|Cure III|1004F18C|Abnar Fae|200004|2D8E4001|1B|838000|0|0|0|0|0|0|0|0|0|0|0|0|325333|325333|10000|10000|||93.89|104.84|0.00|-0.71|205207|205207|10000|10000|||95.11|103.32|0.00|2.47|0000341E|6|8|00||01|83|83|0.100|E4B1|9d8b751b838f6d41
22|2026-09-18T22:43:23.6660000-04:00|1003D574|Zephyra Hana|83|Cure III|10020C04|Minda Silva|4|BBEE0000|1B|838000|0|0|0|0|0|0|0|0|0|0|0|0|204133|204515|5600|10000|||96.97|101.64|0.00|-0.92|205207|205207|10000|10000|||95.11|103.32|0.00|2.47|0000341E|7|8|00||01|83|83|0.100|E4B1|a5d124f10833fdd7
264|2026-09-18T22:43:23.6660000-04:00|1003D574|0083|0000341E|1|-0.015|-0.015|-0.015|2.471|1003D574|2ec2a7d361176fa2
38|2026-09-18T22:43:23.7100000-04:00|1004F18C|Abnar Fae|00646415|325333|325333|10000|10000|19||93.89|104.84|0.00|-0.71|0|0|0|0A2D|42700000|10020C04|29CE0030|44D7A044|1004F18C|5B|0|1004F18C|0|0|0|0B7A|40E92F3D|10020C04|0751|3FA0A3C6|1003D574|0|0|0|0A31|41EE353F|10020C04|0|0|0|0|0|0|0|0|0|0|0|0|0|0|0|0|0|0|0|0|0|0|0|0|0|0|0|0|0|0|0|0|0|0|0|0|0|0|0|0|0|0|0|0|0|0|0|0|0|0|0|0|0|0|0|0|0|0|0|0|0|0|0|0|0|0|0A3A|40E92F3D|10020C04|0F40|41363549|1003D574|0A75|41EA4C95|1004F18C|0722|41268736|1007690F|FFF604C3|40C26664|1003D574|050A53|415CB856|10020C04|035F|40B2E96E|1004F18C|0A35|415CB856|10020C04|144e89c37f6f7eb3
30|2026-09-18T22:43:23.7100000-04:00|643|Tailwind|0.00|E0000000||1004F18C|Abnar Fae|00|325333||93b6f140f915d11f
261|2026-09-18T22:43:23.7420000-04:00|Change|40007DC1|ModelStatus|0|8977d816c9db20b0
00|2026-09-18T22:43:23.8020000-04:00|0031||Nonohiko KojamaFamfrit recovers from the effect of Tailwind.|ed896ff4a8717961
00|2026-09-18T22:43:23.8020000-04:00|0031||Erynd AltansarrCoeurl recovers from the effect of Headwind.|3401d24df490bde5
21|2026-09-18T22:43:23.7550000-04:00|100F0C23|Ami Han|8CF|Aeolian Edge|40007DC7|Exdeath|2A710003|B2370000|A3E|9F8000|53E|9F8000|11B|8CF8000|0|0|0|0|0|0|0|0|26651446|37552669|10000|10000|||91.66|107.87|0.00|-0.74|226668|226668|10000|10000|||95.02|104.72|0.00|-0.82|0000341F|0|1|00||01|8CF|8CF|0.600|5E8B|344c6aeb80263370
264|2026-09-18T22:43:23.7550000-04:00|100F0C23|08CF|0000341F|0||||-0.821|40007DC7|a391dd0c07529e13
271|2026-09-18T22:43:23.7550000-04:00|40007EB8|-0.8211|00|00|95.0247|104.7337|0.0000|fc7866f822ae66c7
38|2026-09-18T22:43:23.7550000-04:00|1007690F|Nonohiko Kojama|00646426|180929|226488|10000|10000|28||94.44|105.09|0.00|-0.85|0|0|0|29CE0030|44B140D3|1007690F|071F|42700000|1007690F|0B7A|40F8DD53|10020C04|0751|3FA0623C|1003D574|0A31|41EDD916|10020C04|0|0|0|0|0|0|0|0|0|0|0|0|0|0|0|0|0|0|0|0|0|0|0|0|0|0|0|0|0|0|0|0|0|0|0|0|0|0|0|0|0|0|0|0|0|0|0|0|0|0|0|0|0|0|0|0|0|0|0|0|0|0|0|0|0|0|0|0|0|0|0|0|0|0|0|0722|4118F5D0|1007690F|071D|42137878|1007690F|0737|42137878|1007690F|0A3A|40F8DD53|10020C04|0A35|415370A9|10020C04|FFF604C3|40DAA7F3|1003D574|050A53|415370A9|10020C04|035F|40CB22CA|1004F18C|557f6540bb9cc691
30|2026-09-18T22:43:23.7550000-04:00|643|Tailwind|0.00|E0000000||1007690F|Nonohiko Kojama|00|226488||92c855149a8a4b93
38|2026-09-18T22:43:23.7550000-04:00|100F0C23|Ami Han|0064641E|226668|226668|10000|10000|20||95.02|104.72|0.00|-0.82|0|0|0|0A0168|41F00000|E0000000|1E016C|41F00000|E0000000|0|0|0|0751|3FA0623C|1003D574|29CE0030|439F8680|100F0C23|0B7A|40E37D0D|10020C04|0|0|0|0|0|0|0643|40276BEA|E0000000|0|0|0|0|0|0|0|0|0|0A31|41EDD916|10020C04|0|0|0|0|0|0|0|0|0|0|0|0|0|0|0|0|0|0|0|0|0|0|0|0|0|0|0|0|0|0|0|0|0|0|0|0|0|0|0|0|0|0|0|0|0|0|0|0|0|0|0|0A81|4175683B|100F0C23|0722|411F604E|1007690F|0A3A|40E37D0D|10020C04|04E2|4045A1B9|100F0C23|0F40|41156881|1003D574|FFF604C3|40C547AE|1003D574|050A53|4159D70E|10020C04|035F|40BA1CA2|1004F18C|0407A2|41E9EB83|100F0C23|0AA3|4230F5C9|100F0C23|0A35|4159D70E|10020C04|0e97dfbe08c06bae
26|2026-09-18T22:43:23.7550000-04:00|7A2|Bunshin|29.24|100F0C23|Ami Han|100F0C23|Ami Han|04|226668|226668|da4d7a4c956005cd
21|2026-09-18T22:43:23.8000000-04:00|1007690F|Nonohiko Kojama|3E76|Fountain|40007DC7|Exdeath|39724003|8EC90000|F|A868000|53E|EC8000|11B|3E768000|0|0|0|0|0|0|0|0|26651446|37552669|10000|10000|||91.66|107.87|0.00|-0.74|180929|226488|10000|10000|||94.44|105.09|0.00|-0.85|00003420|0|1|00||01|3E76|3E76|0.600|5FB3|ab4056f5dd79ec51
264|2026-09-18T22:43:23.8000000-04:00|1007690F|3E76|00003420|0||||-0.793|40007DC7|5b08fb919cdd598f
38|2026-09-18T22:43:23.8000000-04:00|1007690F|Nonohiko Kojama|00646426|180929|226488|10000|10000|28||94.44|105.09|0.00|-0.85|0|0|0|29CE0030|44B13F6B|1007690F|071F|42700000|1007690F|0B7A|40F774E0|10020C04|0751|3F9AC071|1003D574|0A31|41ED7EF9|10020C04|0|0|0|0|0|0|0|0|0|0|0|0|0|0|0|0|0|0|0|0|0|0|0|0|0|0|0|0|0|0|0|0|0|0|0|0|0|0|0|0|0|0|0|0|0|0|0|0|0|0|0|0|0|0|0|0|0|0|0|0|0|0|0|0|0|0|0|0|0|0|0|0|0|0|0|0722|41184197|1007690F|071D|42134B6A|1007690F|0737|42134B6A|1007690F|0A3A|40F774E0|10020C04|0A35|4152BC70|10020C04|FFF604C3|40D93F80|1003D574|050A53|4152BC70|10020C04|035F|40C9BA57|1004F18C|0A86|C1F00000|1007690F|882bab6cb010d9b6
26|2026-09-18T22:43:23.8000000-04:00|A86|Silken Flow|30.00|1007690F|Nonohiko Kojama|1007690F|Nonohiko Kojama|00|226488|226488|5153ef6971d333c8
38|2026-09-18T22:43:23.8000000-04:00|100B07FE|Erynd Altansarr|00646429|226668|226668|10000|10000|20||94.96|104.48|0.00|2.75|0|0|0|29CE0030|45328388|100B07FE|0720|42700000|1007690F|0839|42134B6A|1007690F|0751|3F953F6C|1003D574|0B7A|40EAA812|10020C04|0A31|41ED7EF9|10020C04|0|0|0|0|0|0|0|0|0|0|0|0|0|0|0|0|0|0|0|0|0|0|0|0|0|0|0|0|0|0|0|0|0|0|0|0|0|0|0|0|0|0|0|0|0|0|0|0|0|0|0|0|0|0|0|0|0|0|0|0|0|0|0|0|0|0|0|0|0|0|0|0|0737|42134B6A|1007690F|0EBC|41540309|100B07FE|0A3A|40EAA812|10020C04|0E55|421BB64E|100B07FE|0F40|41363549|1003D574|0E54|420F97AD|100B07FE|0E3F|41CD244C|100B07FE|04E2|406DA1B8|100B07FE|0722|4122F1B6|1007690F|FFF604C3|40D0BC6D|1003D574|050A53|4150937A|10020C04|0|0|0|0A35|4150937A|10020C04|035F|40C126E1|1004F18C|9916b2059c1ae0a4
30|2026-09-18T22:43:23.8000000-04:00|642|Headwind|0.00|E0000000||100B07FE|Erynd Altansarr|00|226668||71aac34d9b6c9a54
00|2026-09-18T22:43:23.8530000-04:00|002B||Cora FenixLeviathan uses Mountain Buster.|3a1ce519f4ef98a4
00|2026-09-18T22:43:23.8530000-04:00|0029||   Critical! Exdeath takes 30484 damage.|538a7229675b4cb4
21|2026-09-18T22:43:23.8440000-04:00|40007EB8|Bunshin|4407|Aeolian Edge|40007DC7|Exdeath|712003|49320000|53E|9F8000|1B|44078000|0|0|0|0|0|0|0|0|0|0|26651446|37552669|10000|10000|||91.66|107.87|0.00|-0.74|206542|215482|10000|10000|||95.02|104.73|0.00|-0.82|00003421|0|1|100F0C23|Ami Han|01|4407|4407|2.233|5E8B|998b167dfc2d0acd
264|2026-09-18T22:43:23.8440000-04:00|40007EB8|4407|00003421|0||||-0.821|40007DC7|28420cb674cbb46e
39|2026-09-18T22:43:23.8440000-04:00|10097AAF|Cora Fenix|205177|205177|2700|10000|||94.77|104.17|0.00|-0.71|a4e495bb0d633a43
261|2026-09-18T22:43:23.8810000-04:00|Change|10097AAF|CurrentMP|2700|bd76487ff726b7b7
21|2026-09-18T22:43:23.8450000-04:00|100B07FE|Erynd Altansarr|8749|Uncoiled Fury|40007DC8|Chaos|712003|98694001|93E|14C8000|F|E518000|0|0|0|0|0|0|0|0|0|0|20303494|37552669|10000|10000|||112.35|86.38|-0.00|2.39|226668|226668|10000|10000|||95.01|104.42|0.00|2.64|00003422|0|1|00||01|8749|8749|0.600|E0D4|7a9d2237a05717e1
264|2026-09-18T22:43:23.8450000-04:00|100B07FE|8749|00003422|0||||2.377|40007DC8|97d09620339589bd
38|2026-09-18T22:43:23.8450000-04:00|100F0C23|Ami Han|0064641E|226668|226668|10000|10000|20||95.02|104.72|0.00|-0.82|0|0|0|0A0168|41F00000|E0000000|1E016C|41F00000|E0000000|0|0|0|0751|3F94FDE2|1003D574|29CE0030|439F7B1B|100F0C23|0B7A|40E0A3F6|10020C04|0|0|0|0|0|0|0|0|0|0|0|0|0|0|0|0|0|0|0A31|41ED22D0|10020C04|0|0|0|0|0|0|0|0|0|0|0|0|0|0|0|0|0|0|0|0|0|0|0|0|0|0|0|0|0|0|0|0|0|0|0|0|0|0|0|0|0|0|0|0|0|0|0|0|0|0|0|0A81|4173FBB0|100F0C23|0722|411DF3C3|1007690F|0A3A|40E0A3F6|10020C04|04E2|403FEF8C|100F0C23|0F40|4113FBF6|1003D574|FFF604C3|40C26E97|1003D574|050A53|41586A83|10020C04|035F|40B7438B|1004F18C|0407A2|41E9353D|100F0C23|0AA3|42309AA7|100F0C23|0A35|41586A83|10020C04|21a4b489e824f263
30|2026-09-18T22:43:23.8450000-04:00|643|Tailwind|0.00|E0000000||100F0C23|Ami Han|00|226668||21ccf809dddb4c68
38|2026-09-18T22:43:23.8450000-04:00|100B07FE|Erynd Altansarr|00646429|226668|226668|10000|10000|20||95.01|104.42|0.00|2.64|0|0|0|29CE0030|453282D0|100B07FE|0720|42700000|1007690F|0839|42131D56|1007690F|0751|3F8F7CDD|1003D574|0B7A|40E9376E|10020C04|0A31|41ED22D0|10020C04|0|0|0|0|0|0|0|0|0|0|0|0|0|0|0|0|0|0|0|0|0|0|0|0|0|0|0|0|0|0|0|0|0|0|0|0|0|0|0|0|0|0|0|0|0|0|0|0|0|0|0|0|0|0|0|0|0|0|0|0|0|0|0|0|0|0|0|0|0|0|0|0|0737|42131D56|1007690F|0EBC|41534AB7|100B07FE|0A3A|40E9376E|10020C04|0E55|421B883A|100B07FE|0F40|41357CF7|1003D574|0E54|420F6999|100B07FE|0E3F|41CCC823|100B07FE|04E2|406AC070|100B07FE|0722|41223964|1007690F|FFF604C3|40CF4BC9|1003D574|050A53|414FDB28|10020C04|0E51|C2700000|100B07FE|0A35|414FDB28|10020C04|035F|40BFB63D|1004F18C|df7f424bf31403f7
26|2026-09-18T22:43:23.8450000-04:00|E51|Poised for Twinfang|60.00|100B07FE|Erynd Altansarr|100B07FE|Erynd Altansarr|00|226668|226668|f51e1a31fd5cedcb
37|2026-09-18T22:43:23.8890000-04:00|1008A3F8|Vittorio Dravorn|0000341A|325090|325090|6600|10000|10||94.99|104.36|0.00|2.36|2000|0|0|0|e48c1c01d570f513
270|2026-09-18T22:43:23.8890000-04:00|40007DC8|2.9527|0000|005A|112.3521|86.3813|0.1983|ca9d422c3c8f160b
39|2026-09-18T22:43:23.8890000-04:00|10020C04|Minda Silva|204515|204515|5800|10000|||96.97|101.64|0.00|-0.92|e4586a6cb48da726
38|2026-09-18T22:43:23.8890000-04:00|10097AAF|Cora Fenix|0064641B|205177|205177|2700|10000|49||94.77|104.17|0.00|-0.71|0|0|0|29CE0030|44E9AC6D|10097AAF|0751|3F89BA4E|1003D574|0B7A|40DAE996|10020C04|0A31|41ECC6A7|10020C04|0|0|0|29D80031|409B950E|10097AAF|0|0|0|0|0|0|0|0|0|0|0|0|0|0|0|0|0|0|0|0|0|0|0|0|0|0|0|0|0|0|0|0|0|0|0|0|0|0|0|0|0|0|0|0|0|0|0|0|0|0|0|0|0|0|0|0|0|0|0|0|0|0|0|0|0|0|0|0|0|0|0|0|0A3A|40DAE996|10020C04|0F40|41329FC8|1003D574|050A53|41559585|10020C04|0F22|403F8C6D|10097AAF|0722|411B1694|1007690F|FFF604C3|40C53F7E|1003D574|0A8E|41DC0412|40007EB6|035F|40B180FB|1004F18C|0A35|41559585|10020C04|1bd3b973c5530555
30|2026-09-18T22:43:23.8890000-04:00|643|Tailwind|0.00|E0000000||10097AAF|Cora Fenix|00|205177||3fd9d98f4dc1607f
00|2026-09-18T22:43:23.8920000-04:00|0031||Ami HanMidgardsormr recovers from the effect of Tailwind.|50b6d75e6287c6ce
00|2026-09-18T22:43:23.8920000-04:00|0031||Cora FenixLeviathan recovers from the effect of Tailwind.|3ce3c98edec65e50
261|2026-09-18T22:43:23.8810000-04:00|Change|40007EB8|Heading|-0.8211|ModelStatus|0|PosX|95.0247|PosY|104.7337|PosZ|0.0000|9226d1e701f8e70b
00|2026-09-18T22:43:23.9820000-04:00|0031||Vittorio DravornCoeurl recovers from the effect of Headwind.|2bbfbf54920476bb
00|2026-09-18T22:43:23.9820000-04:00|0031||Zephyra HanaMidgardsormr recovers from the effect of Headwind.|7be623a364fedf68
37|2026-09-18T22:43:23.9330000-04:00|40007DC7|Exdeath|0000341B|26620962||||||91.66|107.87|0.00|-0.74|5d0f8233f80c582e
38|2026-09-18T22:43:23.9330000-04:00|1008A3F8|Vittorio Dravorn|00646420|325090|325090|6600|10000|10||94.99|104.36|0.00|2.36|0|0|0|02E7|0|100E036B|29CE0030|448BAEF1|1008A3F8|0751|3F841883|1003D574|0B7A|40EED93A|10020C04|0A31|41EC6C8A|10020C04|0|0|0|0|0|0|0|0|0|0|0|0|0|0|0|0|0|0|0|0|0|0|0|0|0|0|0|0|0|0|0|0|0|0|0|0|0|0|0|0|0|0|0|0|0|0|0|0|0|0|0|0|0|0|0|0|0|0|0|0|0|0|0|0|0|0|0|0|0|0|0|0|0|0|0|0A3A|40EED93A|10020C04|0F40|4133581A|1003D574|0722|411EA7FC|1007690F|FFF604C3|40C820C6|1003D574|050A53|4152B857|10020C04|035F|40B89B9C|1004F18C|0A35|4152B857|10020C04|858a302f80de692f
30|2026-09-18T22:43:23.9330000-04:00|642|Headwind|0.00|E0000000||1008A3F8|Vittorio Dravorn|00|325090||63c6e4b4c44a27b8
38|2026-09-18T22:43:23.9790000-04:00|1003D574|Zephyra Hana|00646418|205207|205207|8500|10000|22||95.11|103.32|0.00|2.47|0|0|0|29D20030|44D75BD8|1003D574|04B4|410D4BC9|1003D574|0B7A|40E9270C|10020C04|0A31|41EC0E55|10020C04|0|0|0|0|0|0|0|0|0|0|0|0|0|0|0|0|0|0|0|0|0|0|0|0|0751|3F7C6A5E|1003D574|0|0|0|0|0|0|0|0|0|0|0|0|0|0|0|0|0|0|0|0|0|0|0|0|0|0|0|0|0|0|0|0|0|0|0|0|0|0|0|0|0|0|0|0|0|0|0|0|0|0|0|0722|41245E41|1007690F|0F40|4134C08D|1003D574|0A3A|40E9270C|10020C04|FFF604C3|40B59165|1003D574|050A53|415A8F61|10020C04|035F|40BFB63D|1004F18C|0A35|415A8F61|10020C04|e4dbd2e7e25b1bd8
30|2026-09-18T22:43:23.9790000-04:00|642|Headwind|0.00|E0000000||1003D574|Zephyra Hana|00|205207||15135d1e3261eb75
00|2026-09-18T22:43:24.0140000-04:00|002B||Kefka uses Ultima Blaster.|57b60c95be5f49cb
00|2026-09-18T22:43:24.0140000-04:00|0029||   Abnar FaeExodus takes 0 damage.|e62a8ae2498418ad
00|2026-09-18T22:43:24.0140000-04:00|0029||   Nonohiko KojamaFamfrit takes 0 damage.|6752c5c631f960cc
00|2026-09-18T22:43:24.0140000-04:00|0029||   Ami HanMidgardsormr takes 0 damage.|5de3f188b74a6c41
00|2026-09-18T22:43:24.0140000-04:00|0029||   Cora FenixLeviathan takes 0 damage.|686ff97bba64f200
00|2026-09-18T22:43:24.0140000-04:00|0029||   Vittorio DravornCoeurl takes 0 damage.|7b732dbd8b73ef9a
00|2026-09-18T22:43:24.0140000-04:00|0029||   Erynd AltansarrCoeurl takes 0 damage.|7e04d23f1b6f458c
00|2026-09-18T22:43:24.0140000-04:00|0029||   Zephyra HanaMidgardsormr takes 0 damage.|9407ac0ed7ba3225
00|2026-09-18T22:43:24.0140000-04:00|0029||   You take 0 damage.|e855889e17265bb8
00|2026-09-18T22:43:24.0300000-04:00|002B||You cast Eukrasian Prognosis II.|1e05ae19f2250bed
00|2026-09-18T22:43:24.0300000-04:00|002D||   You recover 8217 HP.|58003de949071c6a
00|2026-09-18T22:43:24.0300000-04:00|002E||   You gain the effect of Eukrasian Prognosis.|b066ed73fb910bc8
00|2026-09-18T22:43:24.0300000-04:00|002D||   Zephyra HanaMidgardsormr recovers 8085 HP.|a0d7fe740898dcfe
00|2026-09-18T22:43:24.0300000-04:00|002E||   Zephyra HanaMidgardsormr gains the effect of Eukrasian Prognosis.|8c028e7bf28058a6
00|2026-09-18T22:43:24.0300000-04:00|002D||   Critical! Cora FenixLeviathan recovers 13217 HP.|b9dbe52dfeab134c
00|2026-09-18T22:43:24.0300000-04:00|002E||   Cora FenixLeviathan gains the effect of Eukrasian Prognosis.|22e7cf1a927af4d1
00|2026-09-18T22:43:24.0300000-04:00|002D||   Vittorio DravornCoeurl recovers 8460 HP.|bb31e01474cbbc3d
00|2026-09-18T22:43:24.0300000-04:00|002E||   Vittorio DravornCoeurl gains the effect of Eukrasian Prognosis.|79fb1f5853d8e900
00|2026-09-18T22:43:24.0470000-04:00|002D||   Erynd AltansarrCoeurl recovers 8057 HP.|2de1d34fc7ee7a45
00|2026-09-18T22:43:24.0470000-04:00|002E||   Erynd AltansarrCoeurl gains the effect of Eukrasian Prognosis.|d04544545e64c2af
00|2026-09-18T22:43:24.0470000-04:00|002D||   Ami HanMidgardsormr recovers 8373 HP.|2e013dc5247433d9
00|2026-09-18T22:43:24.0470000-04:00|002E||   Ami HanMidgardsormr gains the effect of Eukrasian Prognosis.|fc2d89cd83dc8bbd
00|2026-09-18T22:43:24.0470000-04:00|002D||   Critical! Nonohiko KojamaFamfrit recovers 12935 HP.|241fb7feb1685988
00|2026-09-18T22:43:24.0470000-04:00|002E||   Nonohiko KojamaFamfrit gains the effect of Eukrasian Prognosis.|0374ec4e30ca7d63
00|2026-09-18T22:43:24.0470000-04:00|002D||   Critical! Abnar FaeExodus recovers 13027 HP.|d6fd4a0cfa0f5431
00|2026-09-18T22:43:24.0470000-04:00|002E||   Abnar FaeExodus gains the effect of Eukrasian Prognosis.|9d7761bcb3477dc8
00|2026-09-18T22:43:24.0270000-04:00|0031||You recover from the effect of Tailwind.|dcb3e386c1a695a7
37|2026-09-18T22:43:24.0240000-04:00|1004F18C|Abnar Fae|0000341D|325333|325333|10000|10000|18||93.89|104.84|0.00|-0.71|1500|0|0|0|c5fdfb552c6aef06
38|2026-09-18T22:43:24.0240000-04:00|10020C04|Minda Silva|00646428|204515|204515|5800|10000|22||96.97|101.64|0.00|-0.92|0|0|0|0A0168|41F00000|E0000000|29D20030|4511138B|10020C04|0A2C|42700000|10020C04|0751|3F7C28D2|1003D574|0B7A|40D25E4F|10020C04|0A31|41EBB438|10020C04|0|0|0|0|0|0|0|0|0|0|0|0|0|0|0|0|0|0|0|0|0|0|0|0|0|0|0|0|0|0|0|0|0|0|0|0|0|0|0|0|0|0|0|0|0|0|0|0|0|0|0|0|0|0|0|0|0|0|0|0|0|0|0|0|0|0|0|0|0|0|0|0|0A3A|40D25E4F|10020C04|0F40|412F1279|1003D574|0722|4116D0F4|1007690F|FFF604C3|40CDCAC3|1003D574|050A53|414ADD36|10020C04|0A35|414ADD36|10020C04|035F|40C6E140|1004F18C|e2f940c68241c140
26|2026-09-18T22:43:24.0240000-04:00|A2C|Kardia|60.00|10020C04|Minda Silva|10020C04|Minda Silva|00|204515|204515|9ef0c28a7c96cd74
30|2026-09-18T22:43:24.0240000-04:00|643|Tailwind|0.00|E0000000||10020C04|Minda Silva|00|204515||73805aaa9152c8d7
261|2026-09-18T22:43:24.0890000-04:00|Change|10020C04|CurrentMP|5800|Heading|-0.9214|PosX|100.7721|PosY|97.1630|PosZ|0.0000|a27649f65f28cc4e
37|2026-09-18T22:43:24.0700000-04:00|1007690F|Nonohiko Kojama|0000341D|180929|226488|10000|10000|25||94.44|105.09|0.00|-0.79|2601|0|0|01|26000A86|0|C1F00000|1007690F|24a0d7f24a538b48
37|2026-09-18T22:43:24.1130000-04:00|100F0C23|Ami Han|0000341D|226668|226668|10000|10000|18||95.02|104.72|0.00|-0.82|1E02|0|0|0|8a33c9f3d967762a
21|2026-09-18T22:43:24.1130000-04:00|10020C04|Minda Silva|1D8A|Lucid Dreaming|10020C04|Minda Silva|260E|4B40000|0|0|0|0|0|0|0|0|0|0|0|0|0|0|204515|204515|5800|10000|||96.97|101.64|0.00|-0.92|204515|204515|5800|10000|||96.97|101.64|0.00|-0.92|00003423|0|1|00||01|1D8A|1D8A|0.600|5A75|768ae9eff81e2feb
264|2026-09-18T22:43:24.1130000-04:00|10020C04|1D8A|00003423|0||||-0.921|10020C04|0ad7b3773b1c1bd4
37|2026-09-18T22:43:24.1570000-04:00|10097AAF|Cora Fenix|0000341D|205177|205177|2700|10000|47||94.81|104.13|-0.02|-0.71|1B03|0|0|0|1c9e4d36ee28fc68
270|2026-09-18T22:43:24.1570000-04:00|40007EB6|2.2512|0002|0014|93.7056|105.4550|0.1983|ac6f7198b24f0f22
270|2026-09-18T22:43:24.2010000-04:00|40007DC8|-0.7933|0000|005A|110.6431|88.0598|0.1983|5951a7e28a433582
37|2026-09-18T22:43:24.2460000-04:00|100B07FE|Erynd Altansarr|0000341D|226668|226668|10000|10000|17||95.10|104.31|0.00|2.38|2905|0|0|01|29000E51|0|C2700000|100B07FE|333b7e10f443a22b
00|2026-09-18T22:43:24.2650000-04:00|002B||Ami HanMidgardsormr uses Aeolian Edge.|c586a65ce044730e
00|2026-09-18T22:43:24.2650000-04:00|0029||   Exdeath takes 45623(+42%) damage.|a7e919e325d4d618
00|2026-09-18T22:43:24.3370000-04:00|002B||The bunshin uses Aeolian Edge.|ac3d3f1a9c2df93a
00|2026-09-18T22:43:24.3370000-04:00|0029||   Critical! Exdeath takes 18738 damage.|cb101c5bab1a25d3
261|2026-09-18T22:43:24.3290000-04:00|Change|1004F18C|Heading|-0.7426|PosX|94.7126|PosY|103.7017|PosZ|-0.0153|2665f136c18c3022
37|2026-09-18T22:43:24.2900000-04:00|40007DC7|Exdeath|0000341F|26575339||||||91.66|107.87|0.00|-0.74|2f077bc75e714249
37|2026-09-18T22:43:24.2900000-04:00|1003D574|Zephyra Hana|0000341D|205207|205207|8500|10000|20||95.17|103.24|-0.02|2.47|1806|0|0|0|eeae679cd9302a4e
37|2026-09-18T22:43:24.3350000-04:00|10020C04|Minda Silva|0000341D|204515|204515|5800|10000|20||103.34|94.14|0.00|-0.92|2807|0|0|0|e3e8d575ce54b323
37|2026-09-18T22:43:24.3800000-04:00|40007DC7|Exdeath|00003421|26556601||||||91.66|107.87|0.00|-0.74|1175012fa346fc36
37|2026-09-18T22:43:24.4240000-04:00|10020C04|Minda Silva|0000341C|204515|204515|5800|10000|20||103.44|94.01|0.00|-0.92|2800|0|0|01|05000A31|0|41E8DB20|10020C04|44974c7c019a08c7
270|2026-09-18T22:43:24.4690000-04:00|40007EB6|2.1359|0000|005A|94.4991|104.9668|0.1983|18ba3fdb86973e58
00|2026-09-18T22:43:24.5060000-04:00|002B||You use Lucid Dreaming.|540ad6f8a2eb4567
00|2026-09-18T22:43:24.5060000-04:00|002E||   You gain the effect of Lucid Dreaming.|94ba04a19501bf0e
261|2026-09-18T22:43:24.5510000-04:00|Change|100F0C23|Heading|-0.8210|PosX|98.8783|PosY|101.0648|PosZ|0.0000|84020890216573e9
00|2026-09-18T22:43:24.5700000-04:00|002B||Zephyra HanaMidgardsormr casts Cure III.|a7d4ba53cdf19bc8
00|2026-09-18T22:43:24.5700000-04:00|002D||   Zephyra HanaMidgardsormr recovers 50309 HP.|8a65996699d3fb35
261|2026-09-18T22:43:24.5680000-04:00|Change|100B07FE|Heading|2.3767|PosX|98.5499|PosY|100.7717|PosZ|0.0000|bf30323c95d8ab06
261|2026-09-18T22:43:24.5680000-04:00|Change|1004F18C|Heading|-0.7478|PosX|97.9748|PosY|99.2959|PosZ|-0.0038|66964ca4746812fd
261|2026-09-18T22:43:24.5680000-04:00|Change|10097AAF|Heading|-0.7061|PosX|98.0659|PosY|100.2913|PosZ|-0.0010|6c51dbdcb7f38abf
00|2026-09-18T22:43:24.6040000-04:00|002B||Erynd AltansarrCoeurl uses Uncoiled Fury.|981b76aaaa15f399
00|2026-09-18T22:43:24.6040000-04:00|0029||   Critical! Chaos takes 104553 damage.|3851e0244ba9eca3
00|2026-09-18T22:43:24.6040000-04:00|002E||   Erynd AltansarrCoeurl gains the effect of Poised for Twinfang.|c81045cbb59bc919
261|2026-09-18T22:43:24.5850000-04:00|Change|1007690F|Heading|-0.7927|PosX|98.4371|PosY|101.1303|PosZ|-0.0021|c80fe8a26317e59f
270|2026-09-18T22:43:24.5140000-04:00|40007DC8|-0.7933|0000|005A|108.6289|90.0434|0.1983|62f0e93621f933d6
37|2026-09-18T22:43:24.5580000-04:00|1003D574|Zephyra Hana|0000341C|205207|205207|8500|10000|20||95.55|102.74|-0.00|2.47|1801|0|0|01|03000A31|0|41E7C6A5|10020C04|497f577ead031c8f
21|2026-09-18T22:43:24.5580000-04:00|100B07FE|Erynd Altansarr|8754|Uncoiled Twinfang|40007DC8|Chaos|710003|3C1D0000|1000F|E528000|0|0|0|0|0|0|0|0|0|0|0|0|20303494|37552669|10000|10000|||111.43|87.29|-0.00|-2.01|226668|226668|10000|10000|||96.51|102.87|0.00|2.38|00003424|0|1|00||01|8754|8754|0.600|E11A|0174efe70b787d7d
264|2026-09-18T22:43:24.5580000-04:00|100B07FE|8754|00003424|0||||2.383|40007DC8|80358dea33d3aeda
38|2026-09-18T22:43:24.5580000-04:00|100B07FE|Erynd Altansarr|00646429|226668|226668|10000|10000|17||96.51|102.87|0.00|2.38|0|0|0|29CE0030|4532776B|100B07FE|0720|42700000|1007690F|0839|4210433D|1007690F|0751|3ED0E51E|1003D574|0B7A|40D26685|10020C04|0A31|41E76E95|10020C04|0|0|0|0|0|0|0|0|0|0|0|0|0|0|0|0|0|0|0|0|0|0|0|0|0|0|0|0|0|0|0|0|0|0|0|0|0|0|0|0|0|0|0|0|0|0|0|0|0|0|0|0|0|0|0|0|0|0|0|0|0|0|0|0|0|0|0|0|0|0|0|0|0737|4210433D|1007690F|0EBC|4147E247|100B07FE|0A3A|40D26685|10020C04|0E55|4218AE21|100B07FE|0F40|412A1487|1003D574|0E54|420C8F80|100B07FE|0E3F|41C713E8|100B07FE|04E2|403D1EA7|100B07FE|0722|4116D0F4|1007690F|FFF604C3|40B87AE0|1003D574|050A53|414472B8|10020C04|0E52|C2700000|100B07FE|0A35|414472B8|10020C04|035F|40A8E554|1004F18C|720878aa92a3af10
30|2026-09-18T22:43:24.5580000-04:00|E51|Poised for Twinfang|0.00|100B07FE|Erynd Altansarr|100B07FE|Erynd Altansarr|00|226668|226668|393bbe27bd3c6bd0
26|2026-09-18T22:43:24.5580000-04:00|E52|Poised for Twinblood|60.00|100B07FE|Erynd Altansarr|100B07FE|Erynd Altansarr|00|226668|226668|5de1ab9c3aa40fee
24|2026-09-18T22:43:24.6020000-04:00|40007DC7|Exdeath|DoT|0|92F0|26556601|37552669|10000|10000|||91.66|107.87|0.00|-0.74|1003D574|Zephyra Hana|FFFFFFFF|205207|205207|8500|10000|||95.55|102.74|-0.00|2.47|1208cb76f69e6602
24|2026-09-18T22:43:24.6020000-04:00|40007DC8|Chaos|DoT|0|79A5|20303494|37552669|10000|10000|||111.43|87.29|-0.00|-2.01|1004F18C|Abnar Fae|FFFFFFFF|325333|325333|10000|10000|||96.34|101.51|-0.00|-0.75|b88c3310ec93d8b9
38|2026-09-18T22:43:24.6020000-04:00|40007DC7|Exdeath|00646400|26518985|37552669|10000|10000|0||91.66|107.87|0.00|-0.74|0|0|0|0A38|40480F81|10020C04|04A9|40C2B039|1004F18C|074F|415B123E|1003D574|a1e5a3a86109f97d
38|2026-09-18T22:43:24.6020000-04:00|40007DC8|Chaos|00646400|20272353|37552669|10000|10000|0||111.43|87.29|-0.00|-2.01|0|0|0|0A38|410076A4|10020C04|074F|41850E39|1003D574|04A9|40BE6EAE|1004F18C|4148bc4c0b71c847
261|2026-09-18T22:43:24.6830000-04:00|Change|1003D574|Heading|2.4714|PosX|98.1740|PosY|99.2706|PosZ|-0.0027|bc08420250c4f4c9
00|2026-09-18T22:43:24.6940000-04:00|002B||Nonohiko KojamaFamfrit uses Fountain.|34a1d7e06bf8240e
00|2026-09-18T22:43:24.6940000-04:00|0029||   Direct hit! Exdeath takes 36553(+57%) damage.|abac02dba5774454
00|2026-09-18T22:43:24.6940000-04:00|002E||   Nonohiko KojamaFamfrit gains the effect of Silken Flow.|56722578c8c2ddae
00|2026-09-18T22:43:24.6940000-04:00|002D||Zephyra HanaMidgardsormr's Plenary Indulgence restores 16754 of his HP.|93a231646eab4248
24|2026-09-18T22:43:24.6460000-04:00|1003D574|Zephyra Hana|HoT|4C3|4172|205207|205207|8500|10000|||97.09|100.71|-0.00|2.47|1003D574|Zephyra Hana|0|205207|205207|8500|10000|||97.09|100.71|-0.00|2.47|0384fdc2404548b9
37|2026-09-18T22:43:24.6460000-04:00|40007DC8|Chaos|00003422|20167800||||||110.97|87.74|-0.00|-1.30|1ebe4b636165ab5b
37|2026-09-18T22:43:24.6460000-04:00|100B07FE|Erynd Altansarr|00003422|226668|226668|10000|10000|17||98.55|100.77|0.00|2.38|2900|0|0|01|29000E52|0|C2700000|100B07FE|a771c68bb3a6960c
37|2026-09-18T22:43:24.6910000-04:00|10097AAF|Cora Fenix|0000341C|205177|205177|2700|10000|47||98.07|100.29|-0.00|-0.71|1B02|0|0|01|03000A31|0|41E6B84F|10020C04|890159b8599c06c4
00|2026-09-18T22:43:24.7270000-04:00|002D||   Cora FenixLeviathan recovers 49562 HP.|f870f53b770b76a2
00|2026-09-18T22:43:24.7840000-04:00|002D||Cora FenixLeviathan's Plenary Indulgence restores 17074 of his HP.|e2667e8d22cd4048
37|2026-09-18T22:43:24.7360000-04:00|10020C04|Minda Silva|00003423|204515|204515|5800|10000|20||102.68|95.16|0.00|-0.56|2800|0|0|01|060004B4|0|41A80000|10020C04|76eda389eba05e21
26|2026-09-18T22:43:24.7360000-04:00|4B4|Lucid Dreaming|21.00|10020C04|Minda Silva|10020C04|Minda Silva|00|204515|204515|92912e3e39cbecb1
37|2026-09-18T22:43:24.7800000-04:00|40007DC7|Exdeath|00003420|26482432||||||91.66|107.87|0.00|-0.74|8d8f0aff3500dce6
37|2026-09-18T22:43:24.7800000-04:00|1007690F|Nonohiko Kojama|00003420|180929|226488|10000|10000|25||99.89|99.69|-0.00|-0.79|2600|0|0|01|26000A86|0|41F00000|1007690F|f253837581a0fcf6
24|2026-09-18T22:43:24.7800000-04:00|10097AAF|Cora Fenix|HoT|4C3|42B2|205177|205177|2700|10000|||99.67|98.40|-0.00|-0.71|1003D574|Zephyra Hana|0|205207|205207|8500|10000|||98.81|98.42|-0.00|2.47|c36a631184ec33e9
270|2026-09-18T22:43:24.7800000-04:00|40007EB6|2.1359|0000|0057|96.8795|103.4714|0.1983|754e4d6f15771a47
261|2026-09-18T22:43:24.8120000-04:00|Change|1008A3F8|Heading|2.3583|PosX|98.4410|PosY|100.7202|PosZ|-0.0019|a9ef3df05ade57af
21|2026-09-18T22:43:24.7810000-04:00|10020C04|Minda Silva|5EF5|Rhizomata|10020C04|Minda Silva|13E|1028000|0|0|0|0|0|0|0|0|0|0|0|0|0|0|204515|204515|5800|10000|||102.47|95.49|0.00|-0.55|204515|204515|5800|10000|||102.47|95.49|0.00|-0.55|00003425|0|1|00||01|5EF5|5EF5|0.600|6757|d4f265bb3fe57240
264|2026-09-18T22:43:24.7810000-04:00|10020C04|5EF5|00003425|0||||-0.605|10020C04|44dd776a72b8057c
38|2026-09-18T22:43:24.7810000-04:00|1007690F|Nonohiko Kojama|00646426|180929|226488|10000|10000|25||100.77|98.81|-0.00|-0.79|0|0|0|29CE0030|44B12008|1007690F|071F|42700000|1007690F|0B7A|40D81081|10020C04|0751|3E697849|1003D574|0A31|41E5A5E0|10020C04|0|0|0|0|0|0|0|0|0|0|0|0|0|0|0|0|0|0|0|0|0|0|0|0|0|0|0|0|0|0|0|0|0|0|0|0|0|0|0|0|0|0|0|0|0|0|0|0|0|0|0|0|0|0|0|0|0|0|0|0|0|0|0|0|0|0|0|0|0|0|0|0|0|0|0|0722|41088F6D|1007690F|071D|420F5EE5|1007690F|0737|420F5EE5|1007690F|0A3A|40D81081|10020C04|0A35|41430A46|10020C04|FFF604C3|40B9DB21|1003D574|050A53|41430A46|10020C04|035F|40AA55F8|1004F18C|0A86|41EFA3D7|1007690F|c27f8ef545b63231
31|2026-09-18T22:43:24.7810000-04:00|10020C04|2C670028|302|00|00|45c20b2ba6c257d5
37|2026-09-18T22:43:24.8260000-04:00|1008A3F8|Vittorio Dravorn|0000341C|325090|325090|6600|10000|10||98.44|100.72|-0.00|2.36|2003|0|0|01|04000A31|0|41E5A5E0|10020C04|3dc23ba844c51d42
270|2026-09-18T22:43:24.8260000-04:00|40007DC8|-0.9547|0000|005A|106.9504|91.6914|0.1983|81558342b4ceb2d5
00|2026-09-18T22:43:24.8290000-04:00|002D||   Erynd AltansarrCoeurl recovers 49825 HP.|65990c68a52e81f6
261|2026-09-18T22:43:24.8620000-04:00|Change|100F0C23|NPCTargetID|40007DC8|PCTargetID|40007DC8|PosX|102.1232|PosY|98.0050|PosZ|-0.0062|071d76690dc5a90b
24|2026-09-18T22:43:24.9140000-04:00|100B07FE|Erynd Altansarr|HoT|4C3|4260|226668|226668|10000|10000|||100.01|99.28|-0.00|2.38|1003D574|Zephyra Hana|0|205207|205207|8500|10000|||99.66|97.30|-0.00|2.47|48cd8a7c22dd8349
37|2026-09-18T22:43:24.9140000-04:00|100B07FE|Erynd Altansarr|0000341E|226668|226668|10000|10000|17||100.01|99.28|-0.00|2.38|2902|0|0|01|29000E52|0|C2700000|100B07FE|9e6c0847833a561a
21|2026-09-18T22:43:24.9140000-04:00|40007DC8|Chaos|C252|unknown_c252|1004F18C|Abnar Fae|730003|0|0|0|0|0|0|0|0|0|0|0|0|0|0|0|325333|325333|10000|10000|||98.90|98.09|-0.02|-1.97|20167800|37552669|10000|10000|||109.89|88.80|-0.00|-1.07|00003426|0|1|00||01|C252|C252|0.100|591A|d7886ba71d00b1f5
00|2026-09-18T22:43:24.9170000-04:00|002D||Erynd AltansarrCoeurl's Plenary Indulgence restores 16992 of his HP.|70215a9fefa9fd1f
264|2026-09-18T22:43:24.9140000-04:00|40007DC8|C252|00003426|0||||-0.955|1004F18C|5bfb781e308cb161
261|2026-09-18T22:43:24.9290000-04:00|Remove|40007EAF|ad23da30b48e6ff8
00|2026-09-18T22:43:24.9680000-04:00|002D||   Critical! Vittorio DravornCoeurl recovers 78751 HP.|d194a12af64a2d62
04|2026-09-18T22:43:24.9800000-04:00|40007EAF|Topaz Titan|00|64|10097AAF|00||10264|13507|0|195285|0|10000|||94.60|101.71|0.00|-0.71|37f04c6bcef0fe1f
00|2026-09-18T22:43:25.0070000-04:00|0029||Erynd AltansarrCoeurl hits Chaos for 7037 damage.|68489ea3c817e124
00|2026-09-18T22:43:25.0070000-04:00|0030||Zephyra HanaMidgardsormr loses the effect of Temperance.|03af855393e6b778
00|2026-09-18T22:43:25.0070000-04:00|0030||Abnar FaeExodus loses the effect of Temperance.|5f351c445a2764d0
37|2026-09-18T22:43:24.9590000-04:00|100B07FE|Erynd Altansarr|0000341C|226668|226668|10000|10000|17||100.62|98.54|-0.00|2.38|2904|0|0|02|05000A31|0|41E49371|10020C04|29000E52|0|C2700000|100B07FE|1f25f7711debb62e
21|2026-09-18T22:43:24.9590000-04:00|100B07FE|Erynd Altansarr|07|attack|40007DC8|Chaos|710003|1B7D0000|0|0|0|0|0|0|0|0|0|0|0|0|0|0|20167800|37552669|10000|10000|||109.10|89.58|-0.00|-1.00|226668|226668|10000|10000|||100.62|98.54|-0.00|2.38|00003427|0|1|00||01|07|07|0.200|E125|60f76385586f55e4
264|2026-09-18T22:43:24.9590000-04:00|100B07FE|0007|00003427|0||||2.384|40007DC8|172f471aef995a95
21|2026-09-18T22:43:25.0040000-04:00|10097AAF|Cora Fenix|64E0|Topaz Rite|40007DC7|Exdeath|456003|3D6A4001|F|B258000|1B|64E08000|0|0|0|0|0|0|0|0|0|0|26482432|37552669|10000|10000|||91.66|107.87|0.00|-0.74|205177|205177|2700|10000|||101.24|96.54|-0.02|-0.71|00003428|0|1|00||01|64E0|64E0|0.600|6358|beb3dbb260b5e893
264|2026-09-18T22:43:25.0040000-04:00|10097AAF|64E0|00003428|0||||-0.703|40007DC7|579516574768f64f
38|2026-09-18T22:43:25.0040000-04:00|1003D574|Zephyra Hana|00646418|205207|205207|8500|10000|20||100.91|95.65|-0.01|2.47|0|0|0|29D20030|44D73B15|1003D574|04B4|40F9D2FA|1003D574|0B7A|40C8626B|10020C04|0A31|41E3DD2B|10020C04|0|0|0|0|0|0|0|0|0|0|0|0|0|0|0|0|0|0|0|0|0|0|0|0|0|0|0|0|0|0|0|0|0|0|0|0|0|0|0|0|0|0|0|0|0|0|0|0|0|0|0|0|0|0|0|0|0|0|0|0|0|0|0|0|0|0|0|0|0|0|0|0|0|0|0|0|0|0|0722|4113FBF6|1007690F|0F40|41245E42|1003D574|0A3A|40C8626B|10020C04|FFF604C3|4094CCC4|1003D574|050A53|414A2D16|10020C04|035F|409EF19C|1004F18C|0A35|414A2D16|10020C04|93d70a9099340759
30|2026-09-18T22:43:25.0040000-04:00|751|Temperance|0.00|1003D574|Zephyra Hana|1003D574|Zephyra Hana|00|205207|205207|88eced67923dc26a
38|2026-09-18T22:43:25.0040000-04:00|1004F18C|Abnar Fae|00646415|325333|325333|10000|10000|15||99.28|97.59|-0.00|-2.60|0|0|0|0A2D|42700000|10020C04|29CE0030|44D776E5|1004F18C|5B|0|1004F18C|0|0|0|0B7A|40BFCEF5|10020C04|0|0|0|0|0|0|0A31|41E3DD2B|10020C04|0|0|0|0|0|0|0|0|0|0|0|0|0|0|0|0|0|0|0|0|0|0|0|0|0|0|0|0|0|0|0|0|0|0|0|0|0|0|0|0|0|0|0|0|0|0|0|0|0|0|0|0|0|0|0|0|0|0|0|0|0|0|0|0|0|0|0A3A|40BFCEF5|10020C04|0F40|4121852C|1003D574|0A75|41DFF481|1004F18C|0722|4111D719|1007690F|FFF604C3|4099061C|1003D574|050A53|41480839|10020C04|035F|40898926|1004F18C|0A35|41480839|10020C04|2b21defaf2ce6239
26|2026-09-18T22:43:25.0040000-04:00|A2D|Kardion|60.00|10020C04|Minda Silva|1004F18C|Abnar Fae|00|325333|204515|d4ee8319899be371
30|2026-09-18T22:43:25.0040000-04:00|751|Temperance|0.00|1003D574|Zephyra Hana|1004F18C|Abnar Fae|00|325333|205207|20d95b1825364e7b
38|2026-09-18T22:43:25.0040000-04:00|10097AAF|Cora Fenix|0064641B|205177|205177|2400|10000|47||101.24|96.54|-0.02|-0.71|0|0|0|29CE0030|44E988C9|10097AAF|0|0|0|0B7A|40B743AD|10020C04|0A31|41E3DD2B|10020C04|0|0|0|29D80031|406FDE4C|10097AAF|0|0|0|0|0|0|0|0|0|0|0|0|0|0|0|0|0|0|0|0|0|0|0|0|0|0|0|0|0|0|0|0|0|0|0|0|0|0|0|0|0|0|0|0|0|0|0|0|0|0|0|0|0|0|0|0|0|0|0|0|0|0|0|0|0|0|0|0|0|0|0|0|0A3A|40B743AD|10020C04|0F40|4120CCDA|1003D574|050A53|4143C297|10020C04|0F22|3FF0814F|10097AAF|0722|410943A6|1007690F|FFF604C3|40A19995|1003D574|0A8E|41D31A96|40007EB6|035F|408DDB12|1004F18C|0A35|4143C297|10020C04|0B25|80000000|10097AAF|a22ff18a55dfda8e
30|2026-09-18T22:43:25.0040000-04:00|751|Temperance|0.00|1003D574|Zephyra Hana|10097AAF|Cora Fenix|00|205177|205207|4eace2c6ef6ee5f0
26|2026-09-18T22:43:25.0040000-04:00|B25|Titan's Favor|9999.00|10097AAF|Cora Fenix|10097AAF|Cora Fenix|00|205177|205177|0f0e40a0c7fc902f
38|2026-09-18T22:43:25.0040000-04:00|1008A3F8|Vittorio Dravorn|00646420|325090|325090|6600|10000|10||100.17|98.90|-0.00|2.36|0|0|0|02E7|0|100E036B|29CE0030|448B8CB5|1008A3F8|0|0|0|0B7A|40CC9BC4|10020C04|0A31|41E3DD2B|10020C04|0|0|0|0|0|0|0|0|0|0|0|0|0|0|0|0|0|0|0|0|0|0|0|0|0|0|0|0|0|0|0|0|0|0|0|0|0|0|0|0|0|0|0|0|0|0|0|0|0|0|0|0|0|0|0|0|0|0|0|0|0|0|0|0|0|0|0|0|0|0|0|0|0|0|0|0A3A|40CC9BC4|10020C04|0F40|41223965|1003D574|0722|410D8947|1007690F|FFF604C3|40A5E350|1003D574|050A53|414199A2|10020C04|035F|40965E26|1004F18C|0A35|414199A2|10020C04|80ac1d1c7b362e12
30|2026-09-18T22:43:25.0040000-04:00|751|Temperance|0.00|1003D574|Zephyra Hana|1008A3F8|Vittorio Dravorn|00|325090|205207|02c05aadd0a58a42
38|2026-09-18T22:43:25.0040000-04:00|100B07FE|Erynd Altansarr|00646429|226668|226668|10000|10000|17||100.62|98.54|-0.00|2.38|0|0|0|29CE0030|4532704B|100B07FE|0720|42700000|1007690F|0839|420E7A8D|1007690F|0|0|0|0B7A|40C420E1|10020C04|0A31|41E3DD2B|10020C04|0|0|0|0|0|0|0|0|0|0|0|0|0|0|0|0|0|0|0|0|0|0|0|0|0|0|0|0|0|0|0|0|0|0|0|0|0|0|0|0|0|0|0|0|0|0|0|0|0|0|0|0|0|0|0|0|0|0|0|0|0|0|0|0|0|0|0|0|0|0|0|0|0737|420E7A8D|1007690F|0EBC|4140BF77|100B07FE|0A3A|40C420E1|10020C04|0E55|4216E571|100B07FE|0F40|4122F1B7|1003D574|0E54|420AC6D0|100B07FE|0E3F|41C3827E|100B07FE|04E2|40209363|100B07FE|0722|410FAE24|1007690F|FFF604C3|40AA353C|1003D574|050A53|413D4FE8|10020C04|0E52|C2700000|100B07FE|0A35|413D4FE8|10020C04|035F|409A9FB0|1004F18C|358c38e7418e70ba
30|2026-09-18T22:43:25.0040000-04:00|751|Temperance|0.00|1003D574|Zephyra Hana|100B07FE|Erynd Altansarr|00|226668|205207|21b083ac54967caa
00|2026-09-18T22:43:25.0100000-04:00|0030||Cora FenixLeviathan loses the effect of Temperance.|48fcf75671ac862c
00|2026-09-18T22:43:25.0100000-04:00|0030||Vittorio DravornCoeurl loses the effect of Temperance.|11094b6419916bac
00|2026-09-18T22:43:25.0100000-04:00|0030||Erynd AltansarrCoeurl loses the effect of Temperance.|6ebd352cfee79919
261|2026-09-18T22:43:25.0860000-04:00|Change|40007DC8|Heading|-0.9744|PosX|107.9561|PosY|90.7030|PosZ|-0.0000|46e2b7102e8e620a
24|2026-09-18T22:43:25.0490000-04:00|1008A3F8|Vittorio Dravorn|HoT|4C3|42A4|325090|325090|6600|10000|||101.72|97.27|-0.01|2.36|1003D574|Zephyra Hana|0|205207|205207|8500|10000|||101.15|95.32|-0.00|2.47|948b804f2b1fff1a
38|2026-09-18T22:43:25.0490000-04:00|10020C04|Minda Silva|00646428|204515|204515|5800|10000|20||101.62|96.84|0.00|-0.58|0|0|0|0A0168|41F00000|E0000000|29D20030|4511032A|10020C04|0A2C|42700000|10020C04|0|0|0|0B7A|40B1917D|10020C04|0A31|41E38102|10020C04|04B4|41A522D0|10020C04|0|0|0|0|0|0|0|0|0|0|0|0|0|0|0|0|0|0|0|0|0|0|0|0|0|0|0|0|0|0|0|0|0|0|0|0|0|0|0|0|0|0|0|0|0|0|0|0|0|0|0|0|0|0|0|0|0|0|0|0|0|0|0|0|0|0|0|0|0|0A3A|40B1917D|10020C04|0F40|411EAC15|1003D574|0722|41066A90|1007690F|FFF604C3|40ACFDF1|1003D574|050A53|413A76D2|10020C04|0A35|413A76D2|10020C04|035F|40A6146E|1004F18C|58ccc247acff5b14
30|2026-09-18T22:43:25.0490000-04:00|751|Temperance|0.00|1003D574|Zephyra Hana|10020C04|Minda Silva|00|204515|205207|91fdff269be5c28f
38|2026-09-18T22:43:25.0490000-04:00|1007690F|Nonohiko Kojama|00646426|180929|226488|10000|10000|25||101.55|98.04|-0.00|-0.79|0|0|0|29CE0030|44B11774|1007690F|071F|42700000|1007690F|0B7A|40CF7D0B|10020C04|0|0|0|0A31|41E38102|10020C04|0|0|0|0|0|0|0|0|0|0|0|0|0|0|0|0|0|0|0|0|0|0|0|0|0|0|0|0|0|0|0|0|0|0|0|0|0|0|0|0|0|0|0|0|0|0|0|0|0|0|0|0|0|0|0|0|0|0|0|0|0|0|0|0|0|0|0|0|0|0|0|0|0|0|0|0722|410445B3|1007690F|071D|420E4C79|1007690F|0737|420E4C79|1007690F|0A3A|40CF7D0B|10020C04|0A35|413EC08C|10020C04|FFF604C3|40B147AB|1003D574|050A53|413EC08C|10020C04|035F|40A1C282|1004F18C|0A86|41ED7EF9|1007690F|6e1551100d3b5944
30|2026-09-18T22:43:25.0490000-04:00|751|Temperance|0.00|1003D574|Zephyra Hana|1007690F|Nonohiko Kojama|00|226488|205207|fd767639b48737f3
38|2026-09-18T22:43:25.0490000-04:00|100F0C23|Ami Han|0064641E|226668|226668|10000|10000|18||102.28|97.86|-0.00|-0.82|0|0|0|0A0168|41F00000|E0000000|1E016C|41F00000|E0000000|0|0|0|0|0|0|29CE0030|439EE0F8|100F0C23|0B7A|40BA1CC5|10020C04|0|0|0|0|0|0|0|0|0|0|0|0|0|0|0|0|0|0|0A31|41E38102|10020C04|0|0|0|0|0|0|0|0|0|0|0|0|0|0|0|0|0|0|0|0|0|0|0|0|0|0|0|0|0|0|0|0|0|0|0|0|0|0|0|0|0|0|0|0|0|0|0|0|0|0|0|0A81|4160B81E|100F0C23|0722|410AB031|1007690F|0A3A|40BA1CC5|10020C04|04E2|3FE5C26F|100F0C23|0F40|4100B864|1003D574|FFF604C3|409BE766|1003D574|050A53|414526F1|10020C04|035F|4090BC5A|1004F18C|0407A2|41DF936F|100F0C23|0AA3|422BC9CA|100F0C23|0A35|414526F1|10020C04|213d255bbbc40b22
30|2026-09-18T22:43:25.0490000-04:00|751|Temperance|0.00|1003D574|Zephyra Hana|100F0C23|Ami Han|00|226668|205207|95ebe149473a9699
37|2026-09-18T22:43:25.0930000-04:00|100F0C23|Ami Han|0000341C|226668|226668|10000|10000|18||102.28|97.86|-0.00|-0.82|1E05|0|0|01|0C000A31|0|41E38102|10020C04|5987f6da769aa6be
00|2026-09-18T22:43:25.0990000-04:00|002D||Vittorio DravornCoeurl's Plenary Indulgence restores 17060 of his HP.|b43307ac714ccbdc
00|2026-09-18T22:43:25.0990000-04:00|0030||You lose the effect of Temperance.|bd1553db1d1dcdd4
00|2026-09-18T22:43:25.0990000-04:00|0030||Nonohiko KojamaFamfrit loses the effect of Temperance.|f7bb3540bc2daa3b
00|2026-09-18T22:43:25.0990000-04:00|0030||Ami HanMidgardsormr loses the effect of Temperance.|cbaf3587f4fa5d77
270|2026-09-18T22:43:25.0930000-04:00|40007EB6|2.4396|0000|004B|98.4054|102.0065|0.1983|8d2ffd6d9e4eaea2
00|2026-09-18T22:43:25.1130000-04:00|002D||   Ami HanMidgardsormr recovers 48411 HP.|3eb55c418e99812b
270|2026-09-18T22:43:25.1380000-04:00|40007DC8|-0.9371|0000|005A|106.9504|91.6914|0.1983|7d5a092861b3c2a8
21|2026-09-18T22:43:25.1380000-04:00|1004F18C|Abnar Fae|07|attack|40007DC8|Chaos|710003|1B830000|0|0|0|0|0|0|0|0|0|0|0|0|0|0|20167800|37552669|10000|10000|||107.86|90.80|-0.00|-0.97|325333|325333|10000|10000|||99.84|97.00|-0.02|2.99|00003429|0|1|00||01|07|07|0.100|DB52|05d10e64a7775046
00|2026-09-18T22:43:25.1880000-04:00|002D||Ami HanMidgardsormr's Plenary Indulgence restores 16424 of her HP.|706d00e6fb3cf325
264|2026-09-18T22:43:25.1380000-04:00|1004F18C|0007|00003429|0||||2.241|40007DC8|6ca706561fe81d44
24|2026-09-18T22:43:25.1820000-04:00|100F0C23|Ami Han|HoT|4C3|4028|226668|226668|10000|10000|||102.28|97.86|-0.00|-0.82|1003D574|Zephyra Hana|0|205207|205207|8500|10000|||101.15|95.32|-0.00|2.47|0d3407d640dd1c44
00|2026-09-18T22:43:25.2180000-04:00|002B||You use Rhizomata.|054aade5a52c2d6e
00|2026-09-18T22:43:25.2490000-04:00|002D||   Nonohiko KojamaFamfrit recovers 48632 HP.|a49a71e4df59e099
00|2026-09-18T22:43:25.2760000-04:00|002B||Zephyra HanaMidgardsormr begins casting Glare III.|ca484f06464fc3b0
37|2026-09-18T22:43:25.2270000-04:00|1007690F|Nonohiko Kojama|0000341C|193864|226488|10000|10000|25||101.55|98.04|-0.00|-0.79|2606|0|0|01|04000A31|0|41E26E93|10020C04|44dbcb1ef8f40532
20|2026-09-18T22:43:25.2270000-04:00|1003D574|Zephyra Hana|6503|Glare III|40007DC8|Chaos|1.450|101.15|95.32|-0.00|2.47|b647549979de3b6b
263|2026-09-18T22:43:25.2270000-04:00|1003D574|6503|106.950|91.691|0.198|2.174|71118b696e3cd57a
261|2026-09-18T22:43:25.2620000-04:00|Change|40007D19|NPCTargetID|1003D574|PCTargetID|1003D574|df0d7d0f94ad92e9
21|2026-09-18T22:43:25.2720000-04:00|100F0C23|Ami Han|07|attack|40007DC8|Chaos|716003|31850000|0|0|0|0|0|0|0|0|0|0|0|0|0|0|20167800|37552669|10000|10000|||107.86|90.80|-0.00|-0.97|226668|226668|10000|10000|||102.28|97.86|-0.00|-0.82|0000342A|0|1|00||01|07|07|0.100|5E8C|143c136ad0d2e215
264|2026-09-18T22:43:25.2720000-04:00|100F0C23|0007|0000342A|0||||-0.821|40007DC8|9e8e6d8e2b10d1c6
21|2026-09-18T22:43:25.2720000-04:00|100B07FE|Erynd Altansarr|8755|Uncoiled Twinblood|40007DC8|Chaos|714003|4C940000|0|0|0|0|0|0|0|0|0|0|0|0|0|0|20167800|37552669|10000|10000|||107.86|90.80|-0.00|-0.97|226668|226668|10000|10000|||101.30|97.58|-0.00|2.38|0000342B|0|1|00||01|8755|8755|0.600|E028|ea92597f5bae10af
264|2026-09-18T22:43:25.2720000-04:00|100B07FE|8755|0000342B|0||||2.360|40007DC8|771f92f20bedf3a5
38|2026-09-18T22:43:25.2720000-04:00|100B07FE|Erynd Altansarr|00646429|226668|226668|10000|10000|17||101.30|97.58|-0.00|2.38|0|0|0|29CE0030|45326C03|100B07FE|0720|42700000|1007690F|0839|420D6821|1007690F|0|0|0|0B7A|40BB8D6B|10020C04|0A31|41E1B84D|10020C04|0|0|0|0|0|0|0|0|0|0|0|0|0|0|0|0|0|0|0|0|0|0|0|0|0|0|0|0|0|0|0|0|0|0|0|0|0|0|0|0|0|0|0|0|0|0|0|0|0|0|0|0|0|0|0|0|0|0|0|0|0|0|0|0|0|0|0|0|0|0|0|0|0737|420D6821|1007690F|0EBC|413C75BD|100B07FE|0A3A|40BB8D6B|10020C04|0E55|4215D305|100B07FE|0F40|411EA7FD|1003D574|0E54|4209B464|100B07FE|0E3F|41C15DA0|100B07FE|04E2|400F6C79|100B07FE|0722|410B646A|1007690F|FFF604C3|40A1A1C6|1003D574|050A53|4139062E|10020C04|0|0|0|0A35|4139062E|10020C04|035F|40920C3A|1004F18C|dbd7c67e4399eeb2
30|2026-09-18T22:43:25.2720000-04:00|E52|Poised for Twinblood|0.00|100B07FE|Erynd Altansarr|100B07FE|Erynd Altansarr|00|226668|226668|7f8993d893f56832
00|2026-09-18T22:43:25.2780000-04:00|0029||Critical direct hit! Ami HanMidgardsormr hits Chaos for 12677 damage.|20b8ad3daeb73505
00|2026-09-18T22:43:25.2780000-04:00|002B||Erynd AltansarrCoeurl uses Uncoiled Twinfang.|14804e10a5d920be
00|2026-09-18T22:43:25.2780000-04:00|0029||   Chaos takes 15389 damage.|7ec0378a22733097
00|2026-09-18T22:43:25.2780000-04:00|002E||   Erynd AltansarrCoeurl gains the effect of Poised for Twinblood.|358e91d931059776
00|2026-09-18T22:43:25.2780000-04:00|0030||Erynd AltansarrCoeurl loses the effect of Poised for Twinblood.|f0460361ed5ec0e3
261|2026-09-18T22:43:25.2870000-04:00|Change|100B07FE|Heading|2.3601|PosX|101.7741|PosY|96.9060|PosZ|-0.0131|4a2a786530755b13
24|2026-09-18T22:43:25.3170000-04:00|1007690F|Nonohiko Kojama|HoT|4C3|4491|180929|226488|10000|10000|||101.55|98.04|-0.00|-0.79|1003D574|Zephyra Hana|0|205207|205207|8500|10000|||101.15|95.32|-0.00|2.47|df512accdae3987e
37|2026-09-18T22:43:25.3170000-04:00|1007690F|Nonohiko Kojama|0000341E|226488||||||101.55|98.04|-0.00|-0.79|20e29d6a87cf24ed
39|2026-09-18T22:43:25.3170000-04:00|1003D574|Zephyra Hana|205207|205207|8707|10000|||101.15|95.32|-0.00|2.47|e26cd9a37af666d5
21|2026-09-18T22:43:25.3170000-04:00|1004F18C|Abnar Fae|25|Maim|40007DC8|Chaos|2C710003|631A0000|A3E|340000|11B|258000|0|0|0|0|0|0|0|0|0|0|20167800|37552669|10000|10000|||107.51|91.14|-0.00|-0.96|325333|325333|10000|10000|||100.12|96.77|-0.00|2.24|0000342C|0|1|00||01|25|25|0.600|DAFC|48f76125d55e012d
264|2026-09-18T22:43:25.3170000-04:00|1004F18C|0025|0000342C|0||||2.233|40007DC8|a561cf2aab631494
37|2026-09-18T22:43:25.3600000-04:00|1004F18C|Abnar Fae|0000341C|325333|325333|10000|10000|15||100.12|96.77|-0.00|2.24|1507|0|0|01|07000A31|0|41E15A18|10020C04|8762a71e794ef7e4
00|2026-09-18T22:43:25.3630000-04:00|0029||Chaos hits Abnar FaeExodus for 0 damage.|9bc9abf6af5467c5
00|2026-09-18T22:43:25.3630000-04:00|002D||Nonohiko KojamaFamfrit's Plenary Indulgence restores 17553 of his HP.|b5821702afeb49dc
00|2026-09-18T22:43:25.3630000-04:00|0029||Abnar FaeExodus hits Chaos for 7043 damage.|0215a5f88b39b254
00|2026-09-18T22:43:25.3960000-04:00|002D||   Critical! Abnar FaeExodus recovers 77198 HP.|72a0164cfebb2243
261|2026-09-18T22:43:25.3920000-04:00|Change|40007DC1|ModelStatus|16384|41ebedeeaf296a22
261|2026-09-18T22:43:25.3920000-04:00|Change|40007EB6|Heading|2.3514|PosX|97.7272|PosY|102.5884|PosZ|0.0000|b6d022d010d1f87e
270|2026-09-18T22:43:25.4050000-04:00|40007EB6|2.4397|0000|003E|99.8092|100.3585|0.1983|4bd4b8501ee8fb40
24|2026-09-18T22:43:25.4490000-04:00|1004F18C|Abnar Fae|HoT|4C3|3EF2|325333|325333|10000|10000|||100.36|96.57|-0.02|2.23|1003D574|Zephyra Hana|0|205207|205207|8707|10000|||101.15|95.32|-0.00|2.38|b790d8ac60a74210
00|2026-09-18T22:43:25.4520000-04:00|002D||Abnar FaeExodus's Plenary Indulgence restores 16114 of her HP.|94210153b6e7c7ab
00|2026-09-18T22:43:25.5030000-04:00|002D||   You recover 48110 HP.|6f4bd9d5987e8408
37|2026-09-18T22:43:25.4940000-04:00|40007DC8|Chaos|00003427|20160763||||||107.19|91.46|-0.00|-0.95|55f191657365dea3
00|2026-09-18T22:43:25.5390000-04:00|002B||Cora FenixLeviathan casts Topaz Rite.|37daea39d2fa3765
00|2026-09-18T22:43:25.5390000-04:00|0029||   Critical direct hit! Exdeath takes 81258 damage.|fe08248b274a6b2c
00|2026-09-18T22:43:25.5390000-04:00|002E||   Cora FenixLeviathan gains the effect of Titan's Favor.|535b6c6120681276
261|2026-09-18T22:43:25.5680000-04:00|Change|10097AAF|CurrentMP|2400|Heading|-0.7033|PosX|101.2435|PosY|96.5438|PosZ|-0.0000|c0419f5496c1aa0f
261|2026-09-18T22:43:25.6180000-04:00|Change|40007DC0|Heading|3.1416|PosX|100.0000|PosY|120.0000|PosZ|0.0000|f440f3e2ba471af7
00|2026-09-18T22:43:25.6350000-04:00|002D||Your Plenary Indulgence restores 17457 of your HP.|91bdc5d3202db05a
00|2026-09-18T22:43:25.6350000-04:00|002E||You gain the effect of Eukrasia.|967e7444937008b1
00|2026-09-18T22:43:25.6350000-04:00|0030||Cora FenixLeviathan loses the effect of Titan's Favor.|2f5619ea545d3993
24|2026-09-18T22:43:25.5840000-04:00|10020C04|Minda Silva|HoT|4C3|4431|204515|204515|5800|10000|||100.86|97.76|0.00|-0.70|1003D574|Zephyra Hana|0|205207|205207|8707|10000|||101.15|95.32|-0.00|2.29|025419de16d1e693
37|2026-09-18T22:43:25.5840000-04:00|40007DC8|Chaos|00003424|20145374||||||107.02|91.63|-0.00|-0.94|fe233a808f10edc9
271|2026-09-18T22:43:25.5840000-04:00|40007DC0|3.1416|00|00|100.0000|120.0000|0.0000|a1d242b5ac59ed02
27|2026-09-18T22:43:25.5840000-04:00|1008A3F8|Vittorio Dravorn|6AADF6CD|0000|0150|1008A3F8|0000|0000|c04cca332f29574c
27|2026-09-18T22:43:25.5840000-04:00|100F0C23|Ami Han|6AADF6CD|0000|0151|100F0C23|0000|0000|dd465d91dde051cb
27|2026-09-18T22:43:25.5840000-04:00|1007690F|Nonohiko Kojama|6AADF6CD|0000|0152|1007690F|0000|0000|cf522c12592aa15a
27|2026-09-18T22:43:25.5840000-04:00|100B07FE|Erynd Altansarr|6AADF6CD|0000|0153|100B07FE|0000|0000|9bce399abacef0a4
27|2026-09-18T22:43:25.5840000-04:00|1003D574|Zephyra Hana|6AADF6CD|0000|01B5|1003D574|0000|0000|acee4c96ce821d4d
27|2026-09-18T22:43:25.5840000-04:00|10020C04|Minda Silva|6AADF6CD|0000|01B6|10020C04|0000|0000|feb061a6ba6be55a
27|2026-09-18T22:43:25.5840000-04:00|1004F18C|Abnar Fae|6AADF6CD|0000|01B7|1004F18C|0000|0000|590c5a9ddaa529c2
27|2026-09-18T22:43:25.5840000-04:00|10097AAF|Cora Fenix|6AADF6CD|0000|01B8|10097AAF|0000|0000|1f39054e8f5b19f7
37|2026-09-18T22:43:25.6290000-04:00|40007DC7|Exdeath|00003428|26401174||||||91.66|107.87|0.00|-0.74|e582e38f66ec777e
37|2026-09-18T22:43:25.6290000-04:00|10097AAF|Cora Fenix|00003428|205177|205177|2400|10000|47||101.24|96.54|-0.00|-0.70|1B00|0|0|01|27000B25|0|0|10097AAF|07f8ab0b058e48b5
38|2026-09-18T22:43:25.6290000-04:00|10020C04|Minda Silva|00646428|204515|204515|5800|10000|20||100.86|97.76|0.00|-0.70|0|0|0|0A0168|41F00000|E0000000|29D20030|4510F9E6|10020C04|0A2C|42700000|10020C04|0|0|0|0B7A|409F021E|10020C04|0A31|41DEDD2A|10020C04|04B4|41A07EF8|10020C04|0|0|0|0|0|0|0|0|0|0|0|0|0|0|0|0|0|0|0|0|0|0|0|0|0|0|0|0|0|0|0|0|0|0|0|0|0|0|0|0|0|0|0|0|0|0|0|0|0|0|0|0|0|0|0|0|0|0|0|0|0|0|0|0|0|0|0|0|0|0A3A|409F021E|10020C04|0F40|41156468|1003D574|0722|40FA45C5|1007690F|FFF604C3|409A6E92|1003D574|050A53|41312F25|10020C04|0A35|41312F25|10020C04|035F|4093850F|1004F18C|0A2E|0|10020C04|21510d2daae94669
26|2026-09-18T22:43:25.6290000-04:00|A2E|Eukrasia|9999.00|10020C04|Minda Silva|10020C04|Minda Silva|00|204515|204515|4e14282cb1eaff34
21|2026-09-18T22:43:25.6290000-04:00|10020C04|Minda Silva|5EE2|Eukrasia|10020C04|Minda Silva|3E|1068000|0|0|0|0|0|0|0|0|0|0|0|0|0|0|204515|204515|5800|10000|||100.86|97.76|0.00|-0.70|204515|204515|5800|10000|||100.86|97.76|0.00|-0.70|0000342D|0|1|00||01|5EE2|5EE2|0.600|637D|de3f2d35f6566f0d
264|2026-09-18T22:43:25.6290000-04:00|10020C04|5EE2|0000342D|0||||-0.700|10020C04|39c863772573f876
21|2026-09-18T22:43:25.6290000-04:00|10097AAF|Cora Fenix|64EC|Mountain Buster|40007DC7|Exdeath|450003|479B0000|0|0|0|0|0|0|0|0|0|0|0|0|0|0|26482432|37552669|10000|10000|||91.66|107.87|0.00|-0.74|205177|205177|2400|10000|||101.24|96.54|-0.00|-0.70|0000342E|0|1|00||01|64EC|64EC|0.600|6358|706efc78f071b433
264|2026-09-18T22:43:25.6290000-04:00|10097AAF|64EC|0000342E|0||||-0.703|40007DC7|e9c6f12389db5943
38|2026-09-18T22:43:25.6290000-04:00|10097AAF|Cora Fenix|0064641B|205177|205177|2400|10000|47||101.24|96.54|-0.00|-0.70|0|0|0|29CE0030|44E974C8|10097AAF|0|0|0|0B7A|40A343AA|10020C04|0A31|41DEDD2A|10020C04|0|0|0|29D80031|4047DE4B|10097AAF|0|0|0|0|0|0|0|0|0|0|0|0|0|0|0|0|0|0|0|0|0|0|0|0|0|0|0|0|0|0|0|0|0|0|0|0|0|0|0|0|0|0|0|0|0|0|0|0|0|0|0|0|0|0|0|0|0|0|0|0|0|0|0|0|0|0|0|0|0|0|0|0|0A3A|40A343AA|10020C04|0F40|4116CCDB|1003D574|050A53|4139C298|10020C04|0F22|3FA08151|10097AAF|0722|40FE874E|1007690F|FFF604C3|408D9992|1003D574|0A8E|41CE1A95|40007EB6|035F|4073B620|1004F18C|0A35|4139C298|10020C04|0372f7098fcc553a
30|2026-09-18T22:43:25.6290000-04:00|B25|Titan's Favor|0.00|10097AAF|Cora Fenix|10097AAF|Cora Fenix|00|205177|205177|22d9afc9bd152c7a
261|2026-09-18T22:43:25.6770000-04:00|Change|1003D574|CastBuffID|25859|CastDurationCurrent|0.4302|CastDurationMax|1.4500|CastTargetID|40007DC8|CurrentMP|8707|Heading|2.2565|IsCasting1|1|IsCasting2|1|PosX|101.1520|PosY|95.3230|PosZ|-0.0000|0673f2dc3741fe53
31|2026-09-18T22:43:25.6290000-04:00|10020C04|2FB70028|10302|00|00|ec6bdd05e6c97271
37|2026-09-18T22:43:25.6730000-04:00|40007DC8|Chaos|00003429|20138331||||||107.02|91.63|-0.00|-0.94|7d419cf263e25a46
22|2026-09-18T22:43:25.6730000-04:00|40007DC0|Kefka|BAE3|Ultima Blaster|1007690F|Nonohiko Kojama|750003|0|1B|BAE38000|0|0|0|0|0|0|0|0|0|0|0|0|226488|226488|10000|10000|||101.55|98.04|-0.00|-0.79|9415000|9415000|10000|10000|||100.00|100.00|0.00|-0.00|0000342F|0|8|00||01|BAE3|BAE3|1.800|FFFF|0e9232e07a7e8317
22|2026-09-18T22:43:25.6730000-04:00|40007DC0|Kefka|BAE3|Ultima Blaster|100F0C23|Ami Han|750003|0|1B|BAE38000|0|0|0|0|0|0|0|0|0|0|0|0|226668|226668|10000|10000|||102.28|97.86|-0.00|-0.82|9415000|9415000|10000|10000|||100.00|100.00|0.00|-0.00|0000342F|1|8|00||01|BAE3|BAE3|1.800|FFFF|801bda0a1f1824ba
22|2026-09-18T22:43:25.6730000-04:00|40007DC0|Kefka|BAE3|Ultima Blaster|10020C04|Minda Silva|750003|0|1B|BAE38000|0|0|0|0|0|0|0|0|0|0|0|0|204515|204515|5800|10000|||100.86|97.76|0.00|-0.70|9415000|9415000|10000|10000|||100.00|100.00|0.00|-0.00|0000342F|2|8|00||01|BAE3|BAE3|1.800|FFFF|5a9744443f918d25
22|2026-09-18T22:43:25.6730000-04:00|40007DC0|Kefka|BAE3|Ultima Blaster|1008A3F8|Vittorio Dravorn|750003|0|1B|BAE38000|0|0|0|0|0|0|0|0|0|0|0|0|325090|325090|6600|10000|||101.88|97.09|-0.00|-2.68|9415000|9415000|10000|10000|||100.00|100.00|0.00|-0.00|0000342F|3|8|00||01|BAE3|BAE3|1.800|FFFF|51920fe29920ec3e
22|2026-09-18T22:43:25.6730000-04:00|40007DC0|Kefka|BAE3|Ultima Blaster|100B07FE|Erynd Altansarr|750003|0|1B|BAE38000|0|0|0|0|0|0|0|0|0|0|0|0|226668|226668|10000|10000|||101.79|96.88|-0.00|2.36|9415000|9415000|10000|10000|||100.00|100.00|0.00|-0.00|0000342F|4|8|00||01|BAE3|BAE3|1.800|FFFF|8237402fffe0c175
22|2026-09-18T22:43:25.6730000-04:00|40007DC0|Kefka|BAE3|Ultima Blaster|10097AAF|Cora Fenix|750003|0|1B|BAE38000|0|0|0|0|0|0|0|0|0|0|0|0|205177|205177|2400|10000|||101.24|96.54|-0.00|-0.70|9415000|9415000|10000|10000|||100.00|100.00|0.00|-0.00|0000342F|5|8|00||01|BAE3|BAE3|1.800|FFFF|7222077a0ba4e608
22|2026-09-18T22:43:25.6730000-04:00|40007DC0|Kefka|BAE3|Ultima Blaster|1004F18C|Abnar Fae|750003|0|1B|BAE38000|0|0|0|0|0|0|0|0|0|0|0|0|325333|325333|10000|10000|||100.62|96.39|-0.02|2.23|9415000|9415000|10000|10000|||100.00|100.00|0.00|-0.00|0000342F|6|8|00||01|BAE3|BAE3|1.800|FFFF|3430656413fe92f2
22|2026-09-18T22:43:25.6730000-04:00|40007DC0|Kefka|BAE3|Ultima Blaster|1003D574|Zephyra Hana|750003|0|1B|BAE38000|0|0|0|0|0|0|0|0|0|0|0|0|205207|205207|8707|10000|||101.15|95.32|-0.00|2.29|9415000|9415000|10000|10000|||100.00|100.00|0.00|-0.00|0000342F|7|8|00||01|BAE3|BAE3|1.800|FFFF|66c2b0ff89a7d5a4
264|2026-09-18T22:43:25.6730000-04:00|40007DC0|BAE3|0000342F|1|-0.015|-0.015|-0.015|3.142|40007DC0|0a460ed7c56f7e19
21|2026-09-18T22:43:25.6730000-04:00|1008A3F8|Vittorio Dravorn|E28|Unmend|40007DC7|Exdeath|754003|34650000|0|0|0|0|0|0|0|0|0|0|0|0|0|0|26482432|37552669|10000|10000|||91.66|107.87|0.00|-0.74|325090|325090|6600|10000|||101.88|97.09|-0.00|-2.68|00003430|0|1|00||01|E28|E28|0.600|6107|f3ec0eb4001818d5
264|2026-09-18T22:43:25.6730000-04:00|1008A3F8|0E28|00003430|0||||-0.760|40007DC7|1733ec45a4012746
270|2026-09-18T22:43:25.7160000-04:00|40007EB6|2.4397|0002|0014|100.6637|99.3209|0.1983|11c63c124e017e75
261|2026-09-18T22:43:25.7480000-04:00|Change|40007DC0|ModelStatus|0|ea127cf494d58c94
37|2026-09-18T22:43:25.8060000-04:00|40007DC8|Chaos|0000342A|20125654||||||106.95|91.69|-0.00|-0.94|dd9777294860af39
21|2026-09-18T22:43:25.8070000-04:00|1007690F|Nonohiko Kojama|07|attack|40007DC7|Exdeath|724003|25150000|0|0|0|0|0|0|0|0|0|0|0|0|0|0|26401174|37552669|10000|10000|||91.66|107.87|0.00|-0.74|226488|226488|10000|10000|||101.55|98.04|-0.00|-0.79|00003431|0|1|00||01|07|07|0.100|5FB3|482cd9715f398e34
264|2026-09-18T22:43:25.8070000-04:00|1007690F|0007|00003431|0||||-0.793|40007DC7|b9b96c553d09a566
00|2026-09-18T22:43:25.8090000-04:00|0029||Direct hit! Nonohiko KojamaFamfrit hits Exdeath for 9493 damage.|e741990935e83d81
261|2026-09-18T22:43:25.8890000-04:00|Change|40007EB8|Heading|2.4984|PosX|102.3101|PosY|97.8836|PosZ|-0.0000|ef5a6f3044299674
00|2026-09-18T22:43:25.8990000-04:00|002B||Abnar FaeExodus uses Maim.|8ff35acebe2c99e7
00|2026-09-18T22:43:25.8990000-04:00|0029||   Chaos takes 25370(+44%) damage.|5750e957b25e4f27
21|2026-09-18T22:43:25.8960000-04:00|100F0C23|Ami Han|8C0|Spinning Edge|40007DC8|Chaos|716003|BE570000|53E|9F8000|1B|8C08000|0|0|0|0|0|0|0|0|0|0|20138331|37552669|10000|10000|||106.95|91.69|-0.00|-0.94|226668|226668|10000|10000|||102.28|97.86|-0.00|-0.82|00003432|0|1|00||01|8C0|8C0|0.600|E5CA|3bbc8d90cf54154e
264|2026-09-18T22:43:25.8960000-04:00|100F0C23|08C0|00003432|0||||2.498|40007DC8|e5278934bd4e43e0
271|2026-09-18T22:43:25.8960000-04:00|40007EB8|2.4984|00|00|102.3101|97.8836|0.0000|0a33da6b1d12bb94
38|2026-09-18T22:43:25.8960000-04:00|100F0C23|Ami Han|0064641E|226668|226668|10000|10000|18||102.28|97.86|-0.00|-0.82|0|0|0|0A0168|41F00000|E0000000|1E016C|41F00000|E0000000|0|0|0|0|0|0|29CE0030|439E7489|100F0C23|0B7A|409F0221|10020C04|0|0|0|0|0|0|0|0|0|0|0|0|0|0|0|0|0|0|0A31|41DCBA59|10020C04|0|0|0|0|0|0|0|0|0|0|0|0|0|0|0|0|0|0|0|0|0|0|0|0|0|0|0|0|0|0|0|0|0|0|0|0|0|0|0|0|0|0|0|0|0|0|0|0|0|0|0|0A81|41532AD0|100F0C23|0722|40FA45C3|1007690F|0A3A|409F0221|10020C04|04E2|3F72AFE3|100F0C23|0F40|40E65625|1003D574|FFF604C3|4080CCC2|1003D574|050A53|413799A3|10020C04|035F|406B436F|1004F18C|0307A2|41D8CCC6|100F0C23|0AA3|4228667C|100F0C23|0A35|413799A3|10020C04|fcebad80d40cb85a
26|2026-09-18T22:43:25.8960000-04:00|7A2|Bunshin|27.10|100F0C23|Ami Han|100F0C23|Ami Han|03|226668|226668|46892dc40e5ebe94
00|2026-09-18T22:43:25.9150000-04:00|002B||You cast Eukrasia.|dd60f543f8d53b71
261|2026-09-18T22:43:25.9120000-04:00|Change|1008A3F8|Heading|-0.7601|PosX|101.8826|PosY|97.0931|PosZ|-0.0010|2c2f4c861e959dfd
37|2026-09-18T22:43:25.9420000-04:00|40007DC8|Chaos|0000342C|20100284||||||106.95|91.69|-0.00|-0.94|20e6ecdad2df8ed2
39|2026-09-18T22:43:25.9420000-04:00|1008A3F8|Vittorio Dravorn|325090|325090|6800|10000|||101.88|97.09|-0.00|-0.76|f25623fa2cffafaa
24|2026-09-18T22:43:25.9420000-04:00|100B07FE|Erynd Altansarr|HoT|0|623F|226668|226668|10000|10000|||101.82|96.85|-0.00|2.36|1004F18C|Abnar Fae|0|325333|325333|10000|10000|||100.84|96.23|-0.02|2.67|bab8a4ee7c7e9a9a
38|2026-09-18T22:43:25.9420000-04:00|100B07FE|Erynd Altansarr|00646429|226668|226668|10000|10000|17||101.82|96.85|-0.00|2.36|0|0|0|29CE0030|4532614F|100B07FE|0720|42700000|1007690F|0839|420ABA10|1007690F|0|0|0|0B7A|40A61CC4|10020C04|0A31|41DC5C24|10020C04|0|0|0|0|0|0|0|0|0|0|0|0|0|0|0|0|0|0|0|0|0|0|0|0|0|0|0|0|0|0|0|0|0|0|0|0|0|0|0|0|0|0|0|0|0|0|0|0|0|0|0|0|0|0|0|0|0|0|0|0|0|0|0|0|0|0|0|0|0|0|0|0|0737|420ABA10|1007690F|0EBC|4131BD6D|100B07FE|0A3A|40A61CC4|10020C04|0E55|421324F4|100B07FE|0F40|4113EFAD|1003D574|0E54|42070653|100B07FE|0E3F|41BC0177|100B07FE|04E2|3FC91663|100B07FE|0722|4100AC1A|1007690F|FFF604C3|408C311F|1003D574|050A53|412E4DDE|10020C04|0|0|0|0A35|412E4DDE|10020C04|035F|40793727|1004F18C|4fcdcaedecfe079a
26|2026-09-18T22:43:25.9420000-04:00|720|Dance Partner|60.00|1007690F|Nonohiko Kojama|100B07FE|Erynd Altansarr|00|226668|226488|d1d7ff0b74361f20
00|2026-09-18T22:43:26.0030000-04:00|002B||Kefka uses Ultima Blaster.|05bb9737ceb6a871
00|2026-09-18T22:43:26.0030000-04:00|0029||   Nonohiko KojamaFamfrit takes 0 damage.|16c10647a3f888ce
00|2026-09-18T22:43:26.0030000-04:00|0029||   Ami HanMidgardsormr takes 0 damage.|ef8253cdd540e4d5
00|2026-09-18T22:43:26.0030000-04:00|0029||   You take 0 damage.|0b0f22e353d6a39b
00|2026-09-18T22:43:26.0030000-04:00|0029||   Vittorio DravornCoeurl takes 0 damage.|1a1d9f8f934aa82f
00|2026-09-18T22:43:26.0030000-04:00|0029||   Erynd AltansarrCoeurl takes 0 damage.|7a0eab4b42d38725
00|2026-09-18T22:43:26.0030000-04:00|0029||   Cora FenixLeviathan takes 0 damage.|03ab5dde89de2a2a
00|2026-09-18T22:43:26.0030000-04:00|0029||   Abnar FaeExodus takes 0 damage.|2b39e96a115a9aa5
00|2026-09-18T22:43:26.0030000-04:00|0029||   Zephyra HanaMidgardsormr takes 0 damage.|134b29428905f581
261|2026-09-18T22:43:26.0160000-04:00|Change|40007EB8|ModelStatus|8388608|8f00b9533c995852
261|2026-09-18T22:43:26.0650000-04:00|Change|40007EB8|ModelStatus|0|9ba014f8f2d2ef13
21|2026-09-18T22:43:25.9850000-04:00|40007EB8|Bunshin|4405|Spinning Edge|40007DC8|Chaos|710003|2C640000|53E|9F8000|1B|44058000|0|0|0|0|0|0|0|0|0|0|20125654|37552669|10000|10000|||106.95|91.69|-0.00|-0.94|206542|215482|10000|10000|||102.31|97.88|-0.00|2.50|00003433|0|1|100F0C23|Ami Han|01|4405|4405|1.966|E5CA|0e330ce8bab1a8fb
264|2026-09-18T22:43:25.9850000-04:00|40007EB8|4405|00003433|0||||2.498|40007DC8|12b84d127e71db8c
24|2026-09-18T22:43:25.9850000-04:00|1003D574|Zephyra Hana|HoT|0|6395|205207|205207|8707|10000|||101.15|95.32|-0.00|2.20|10020C04|Minda Silva|0|204515|204515|5800|10000|||100.86|97.76|0.00|-0.70|86536ee670ac1ff1
24|2026-09-18T22:43:25.9850000-04:00|1008A3F8|Vittorio Dravorn|HoT|0|64F2|325090|325090|6600|10000|||101.88|97.09|-0.00|-0.76|10020C04|Minda Silva|0|204515|204515|5800|10000|||100.86|97.76|0.00|-0.70|531f0cd2278e6e41
36|2026-09-18T22:43:25.9850000-04:00|01B8|3|4b29ad5570d10156
38|2026-09-18T22:43:25.9850000-04:00|1003D574|Zephyra Hana|00646418|205207|205207|9257|10000|20||101.15|95.32|-0.00|2.20|0|0|0|29D20030|44D71BA8|1003D574|04B4|40DA666A|1003D574|0B7A|40A8F5DB|10020C04|0A31|41DC0207|10020C04|0|0|0|0|0|0|0|0|0|0|0|0|0|0|0|0|0|0|0|0|0|0|0|0|0|0|0|0|0|0|0|0|0|0|0|0|0|0|0|0|0|0|0|0|0|0|0|0|0|0|0|0|0|0|0|0|0|0|0|0|0|0|0|0|0|0|0|0|0|0|0|0|0|0|0|0|0|0|0722|410445B3|1007690F|0F40|4114A7FF|1003D574|0A3A|40A8F5DB|10020C04|FFF604C3|406AC06C|1003D574|050A53|413A76D3|10020C04|035F|407F0A19|1004F18C|0A35|413A76D3|10020C04|43dda3d0ab9e54e8
38|2026-09-18T22:43:25.9850000-04:00|1008A3F8|Vittorio Dravorn|00646420|325090|325090|6800|10000|10||101.88|97.09|-0.00|-0.76|0|0|0|02E7|0|100E036B|29CE0030|448B6D48|1008A3F8|0|0|0|0B7A|40AD2F34|10020C04|0A31|41DC0207|10020C04|0|0|0|0|0|0|0|0|0|0|0|0|0|0|0|0|0|0|0|0|0|0|0|0|0|0|0|0|0|0|0|0|0|0|0|0|0|0|0|0|0|0|0|0|0|0|0|0|0|0|0|0|0|0|0|0|0|0|0|0|0|0|0|0|0|0|0|0|0|0|0|0|0|0|0|0A3A|40AD2F34|10020C04|0F40|41128322|1003D574|0722|40FBA605|1007690F|FFF604C3|408676C0|1003D574|050A53|4131E35F|10020C04|035F|406DE330|1004F18C|0A35|4131E35F|10020C04|8c6cff72fef013a6
37|2026-09-18T22:43:26.0300000-04:00|1007690F|Nonohiko Kojama|0000342F|226488|226488|10000|10000|23||101.55|98.04|-0.00|-0.79|2600|0|0|0|c4fc2d75ce81a5f4
270|2026-09-18T22:43:26.0300000-04:00|40007EB6|2.4407|0002|0014|101.0910|98.8632|0.1983|c54c7b106916991a
261|2026-09-18T22:43:26.1110000-04:00|Change|10020C04|CurrentMP|6350|Heading|0.1173|PosX|101.2321|PosY|97.8953|ae88eb4a82bbef19
37|2026-09-18T22:43:26.0740000-04:00|100F0C23|Ami Han|0000342F|226668|226668|10000|10000|16||102.28|97.86|-0.00|2.50|1E01|0|0|0|4bf3ae7c1ad9e98b
24|2026-09-18T22:43:26.0740000-04:00|10020C04|Minda Silva|HoT|0|5FBA|204515|204515|5800|10000|||100.95|97.81|0.00|-0.49|10020C04|Minda Silva|0|204515|204515|5800|10000|||100.95|97.81|0.00|-0.49|5b552c948aa40045
24|2026-09-18T22:43:26.0740000-04:00|100F0C23|Ami Han|HoT|0|6A6E|226668|226668|10000|10000|||102.28|97.86|-0.00|2.50|10020C04|Minda Silva|0|204515|204515|5800|10000|||100.95|97.81|0.00|-0.49|0bcc08559033fd18
38|2026-09-18T22:43:26.0740000-04:00|10020C04|Minda Silva|00646428|204515|204515|6350|10000|20||100.95|97.81|0.00|-0.49|0|0|0|0A0168|41F00000|E0000000|29D20030|4510F2C6|10020C04|0A2C|42700000|10020C04|0|0|0|0B7A|4090BC7A|10020C04|0A31|41DB4BC1|10020C04|04B4|419CED8F|10020C04|0|0|0|0|0|0|0|0|0|0|0|0|0|0|0|0|0|0|0|0|0|0|0|0|0|0|0|0|0|0|0|0|0|0|0|0|0|0|0|0|0|0|0|0|0|0|0|0|0|0|0|0|0|0|0|0|0|0|0|0|0|0|0|0|0|0|0|0|0|0A3A|4090BC7A|10020C04|0F40|410E4199|1003D574|0722|40EC0021|1007690F|FFF604C3|408C28EE|1003D574|050A53|412A0C56|10020C04|0A35|412A0C56|10020C04|035F|40853F6B|1004F18C|0A2E|0|10020C04|5d2183b23291db24
26|2026-09-18T22:43:26.0740000-04:00|A2C|Kardia|60.00|10020C04|Minda Silva|10020C04|Minda Silva|00|204515|204515|d5b34fb8484a09fd
38|2026-09-18T22:43:26.0740000-04:00|100F0C23|Ami Han|0064641E|226668|226668|10000|10000|16||102.28|97.86|-0.00|2.50|0|0|0|0A0168|41F00000|E0000000|1E016C|41F00000|E0000000|0|0|0|0|0|0|29CE0030|439E5D9F|100F0C23|0B7A|409947C2|10020C04|0|0|0|0|0|0|0|0|0|0|0|0|0|0|0|0|0|0|0A31|41DB4BC1|10020C04|0|0|0|0|0|0|0|0|0|0|0|0|0|0|0|0|0|0|0|0|0|0|0|0|0|0|0|0|0|0|0|0|0|0|0|0|0|0|0|0|0|0|0|0|0|0|0|0|0|0|0|0A81|41504DA2|100F0C23|0722|40F48B64|1007690F|0A3A|409947C2|10020C04|04E2|3F44DCF1|100F0C23|0F40|40E09BC6|1003D574|FFF604C3|407624C8|1003D574|050A53|4134BC75|10020C04|035F|405FCEB3|1004F18C|0307A2|41D75E2E|100F0C23|0AA3|4227AF31|100F0C23|0A35|4134BC75|10020C04|56f5cffa3ed9931f
37|2026-09-18T22:43:26.1180000-04:00|10020C04|Minda Silva|0000342F|204515|204515|6350|10000|17||100.95|97.81|0.00|-0.49|2802|0|0|0|8ddee94691d2fd4d
00|2026-09-18T22:43:26.1550000-04:00|002B||Erynd AltansarrCoeurl uses Uncoiled Twinblood.|1100dc6c9edad50e
00|2026-09-18T22:43:26.1550000-04:00|0029||   Direct hit! Chaos takes 19604 damage.|c3a3ef30f2c8cb29
00|2026-09-18T22:43:26.2110000-04:00|002B||Ami HanMidgardsormr uses Spinning Edge.|6885534611e499c2
00|2026-09-18T22:43:26.2110000-04:00|0029||   Critical direct hit! Chaos takes 48727 damage.|d4bd9198d3317a91
37|2026-09-18T22:43:26.1630000-04:00|1008A3F8|Vittorio Dravorn|0000342F|325090|325090|6800|10000|9||101.88|97.09|-0.02|-0.76|2003|0|0|0|24745b68a2bded5b
24|2026-09-18T22:43:26.1630000-04:00|1007690F|Nonohiko Kojama|HoT|0|21E4|226488|226488|10000|10000|||101.55|98.04|-0.00|-0.79|1007690F|Nonohiko Kojama|0|226488|226488|10000|10000|||101.55|98.04|-0.00|-0.79|f305bccc96d6d529
21|2026-09-18T22:43:26.1630000-04:00|1003D574|Zephyra Hana|6503|Glare III|40007DC8|Chaos|750003|8E120000|1B|65038000|0|0|0|0|0|0|0|0|0|0|0|0|20100284|37552669|10000|10000|||106.95|91.69|-0.00|-0.94|205207|205207|9257|10000|||101.15|95.32|-0.00|2.16|00003434|0|1|00||01|6503|6503|0.100|D894|40af0945a3fc5432
264|2026-09-18T22:43:26.1630000-04:00|1003D574|6503|00003434|0||||2.174|40007DC8|c0cf24477bc17cbf
38|2026-09-18T22:43:26.1630000-04:00|1007690F|Nonohiko Kojama|00646426|226488|226488|10000|10000|23||101.55|98.04|-0.00|-0.79|0|0|0|29CE0030|44B0F3C6|1007690F|071F|42700000|1007690F|0B7A|40ABCEF1|10020C04|0|0|0|0A31|41DA957B|10020C04|0|0|0|0|0|0|0|0|0|0|0|0|0|0|0|0|0|0|0|0|0|0|0|0|0|0|0|0|0|0|0|0|0|0|0|0|0|0|0|0|0|0|0|0|0|0|0|0|0|0|0|0|0|0|0|0|0|0|0|0|0|0|0|0|0|0|0|0|0|0|0|0|0|0|0|0722|40E4DD4E|1007690F|071D|4209D6BE|1007690F|0737|4209D6BE|1007690F|0A3A|40ABCEF1|10020C04|0A35|412CE985|10020C04|FFF604C3|408D9991|1003D574|050A53|412CE985|10020C04|035F|407C28D1|1004F18C|0A86|41E49372|1007690F|2bcb8738f6a4ac90
26|2026-09-18T22:43:26.1630000-04:00|71F|Closed Position|60.00|1007690F|Nonohiko Kojama|1007690F|Nonohiko Kojama|00|226488|226488|aeaa5b22f747971a
37|2026-09-18T22:43:26.2070000-04:00|100B07FE|Erynd Altansarr|0000342F|226668|226668|10000|10000|15||102.00|96.94|-0.00|2.39|2904|0|0|0|2592c0df03e55f29
270|2026-09-18T22:43:26.2070000-04:00|40007DC7|2.0451|0000|005A|92.4849|107.0115|0.1678|0243313a3a76f6f3
00|2026-09-18T22:43:26.3010000-04:00|002B||Cora FenixLeviathan uses Mountain Buster.|256100b0a081f3cd
00|2026-09-18T22:43:26.3010000-04:00|0029||   Exdeath takes 18331 damage.|5e1218630dbacde6
00|2026-09-18T22:43:26.3010000-04:00|0030||Nonohiko KojamaFamfrit loses the effect of Silken Flow.|d4bec45f377a4a13
37|2026-09-18T22:43:26.2520000-04:00|10097AAF|Cora Fenix|0000342F|205177|205177|2400|10000|44||101.21|96.51|-0.00|-1.55|1B05|0|0|0|3f01e2217c3a9694
37|2026-09-18T22:43:26.2520000-04:00|40007DC8|Chaos|0000342B|20080680||||||106.95|91.69|-0.00|-0.94|fe554308c5ff4715
37|2026-09-18T22:43:26.2960000-04:00|40007DC8|Chaos|00003432|20031953||||||106.95|91.69|-0.00|-0.94|3b6c2942c4e4843b
37|2026-09-18T22:43:26.2960000-04:00|1004F18C|Abnar Fae|0000342F|325333|325333|10000|10000|14||100.94|96.16|-0.00|-2.91|1506|0|0|0|a29a77625138e75d
21|2026-09-18T22:43:26.2980000-04:00|1007690F|Nonohiko Kojama|3E78|Fountainfall|40007DC7|Exdeath|726003|10684001|A3E|EC8000|0|0|0|0|0|0|0|0|0|0|0|0|26401174|37552669|10000|10000|||91.76|107.77|0.00|-0.42|226488|226488|10000|10000|||101.55|98.04|-0.00|-0.79|00003435|0|1|00||01|3E78|3E78|0.600|5FDB|bc808d6320ad8abd
264|2026-09-18T22:43:26.2980000-04:00|1007690F|3E78|00003435|0||||-0.789|40007DC7|f9e922891018e34f
38|2026-09-18T22:43:26.2980000-04:00|1007690F|Nonohiko Kojama|00646426|226488|226488|10000|10000|23||101.55|98.04|-0.00|-0.79|0|0|0|29CE0030|44B0EF7C|1007690F|071F|42700000|1007690F|0B7A|40A78536|10020C04|0|0|0|0A31|41D9830C|10020C04|0|0|0|0|0|0|0|0|0|0|0|0|0|0|0|0|0|0|0|0|0|0|0|0|0|0|0|0|0|0|0|0|0|0|0|0|0|0|0|0|0|0|0|0|0|0|0|0|0|0|0|0|0|0|0|0|0|0|0|0|0|0|0|0|0|0|0|0|0|0|0|0|0|0|0|0722|40E09393|1007690F|071D|42094D88|1007690F|0737|42094D88|1007690F|0A3A|40A78536|10020C04|0A35|412AC4A8|10020C04|FFF604C3|40894FD6|1003D574|050A53|412AC4A8|10020C04|035F|4073955C|1004F18C|40e821c9678611e6
30|2026-09-18T22:43:26.2980000-04:00|A86|Silken Flow|0.00|1007690F|Nonohiko Kojama|1007690F|Nonohiko Kojama|00|226488|226488|76d2267cfc6c3929
00|2026-09-18T22:43:26.3660000-04:00|002B||The bunshin uses Spinning Edge.|db95066291601856
00|2026-09-18T22:43:26.3660000-04:00|0029||   Chaos takes 11364 damage.|749d902ee4c43175
37|2026-09-18T22:43:26.3410000-04:00|40007DC7|Exdeath|00003431|26391681||||||91.76|107.77|0.00|-0.42|e4a9e7398aa95c83
37|2026-09-18T22:43:26.3410000-04:00|1003D574|Zephyra Hana|0000342F|205207|205207|8857|10000|17||101.15|95.32|-0.00|2.17|1807|0|0|0|0533ec9937908264
270|2026-09-18T22:43:26.3410000-04:00|40007EB6|2.4407|0002|0014|101.4877|98.3749|0.1983|b49e7caa951c7106
37|2026-09-18T22:43:26.3860000-04:00|40007DC7|Exdeath|0000342E|26373350||||||91.76|107.77|0.00|-0.42|e6e306e53796d342
37|2026-09-18T22:43:26.3860000-04:00|40007DC8|Chaos|00003433|20020589||||||106.95|91.69|-0.00|-0.94|d02bef08a9955494
24|2026-09-18T22:43:26.4300000-04:00|1004F18C|Abnar Fae|HoT|0|632A|325333|325333|10000|10000|||100.97|96.12|-0.02|3.07|10020C04|Minda Silva|0|204515|204515|6350|10000|||102.67|98.15|0.00|1.45|ee2e55e4fb0088c5
38|2026-09-18T22:43:26.4300000-04:00|1004F18C|Abnar Fae|00646415|325333|325333|10000|10000|14||100.97|96.12|-0.02|3.07|0|0|0|0A2D|42700000|10020C04|29CE0030|44D7493B|1004F18C|5B|0|1004F18C|0|0|0|0B7A|409224F2|10020C04|0|0|0|0|0|0|0A31|41D872A9|10020C04|0|0|0|0|0|0|0|0|0|0|0|0|0|0|0|0|0|0|0|0|0|0|0|0|0|0|0|0|0|0|0|0|0|0|0|0|0|0|0|0|0|0|0|0|0|0|0|0|0|0|0|0|0|0|0|0|0|0|0|0|0|0|0|0|0|0|0A3A|409224F2|10020C04|0F40|410AB032|1003D574|0A75|41D489FF|1004F18C|0722|40F6043B|1007690F|FFF604C3|4056B83A|1003D574|050A53|4131333F|10020C04|035F|4037BE52|1004F18C|0A35|4131333F|10020C04|d529dc65507de50e
261|2026-09-18T22:43:26.5220000-04:00|Change|40007EB6|Heading|2.4395|PosX|101.0792|PosY|98.8604|PosZ|-0.0000|8f30c2bdcf20f211
24|2026-09-18T22:43:26.4750000-04:00|10097AAF|Cora Fenix|HoT|0|6575|205177|205177|2400|10000|||100.57|95.57|-0.00|-2.15|10020C04|Minda Silva|0|204515|204515|6350|10000|||103.44|98.33|0.00|1.20|4202850383b0b34c
38|2026-09-18T22:43:26.4750000-04:00|10097AAF|Cora Fenix|0064641B|205177|205177|2400|10000|44||100.57|95.57|-0.00|-2.15|0|0|0|29CE0030|44E959B7|10097AAF|0|0|0|0B7A|40883137|10020C04|0A31|41D8188C|10020C04|0|0|0|29D80031|4011B96F|10097AAF|0|0|0|0|0|0|0|0|0|0|0|0|0|0|0|0|0|0|0|0|0|0|0|0|0|0|0|0|0|0|0|0|0|0|0|0|0|0|0|0|0|0|0|0|0|0|0|0|0|0|0|0|0|0|0|0|0|0|0|0|0|0|0|0|0|0|0|0|0|0|0|0|0A3A|40883137|10020C04|0F40|410943A7|1003D574|050A53|412C3964|10020C04|0F22|3ED0DE58|10097AAF|0722|40E374DB|1007690F|FFF604C3|40650E43|1003D574|0A8E|41C755F7|40007EB6|035F|403D9144|1004F18C|0A35|412C3964|10020C04|b7e3b05d93c57974
270|2026-09-18T22:43:26.5190000-04:00|40007DC7|2.3833|0000|005A|94.4075|104.9668|0.1678|fe45e345c9243810
00|2026-09-18T22:43:26.6300000-04:00|002B||Vittorio DravornCoeurl casts Unmend.|cf821e105f628e7e
00|2026-09-18T22:43:26.6300000-04:00|0029||   Direct hit! Exdeath takes 13413 damage.|e75e0c7256738fd1
261|2026-09-18T22:43:26.6720000-04:00|Change|1003D574|CastBuffID|0|CastDurationCurrent|0.0000|CastDurationMax|0.0000|CastTargetID|E0000000|CurrentMP|8857|Heading|2.1741|IsCasting1|0|IsCasting2|0|941afb87300de047
261|2026-09-18T22:43:26.6890000-04:00|Change|4000789D|BNpcNameID|1E0B|Heading|-0.0000|Name|Chaos|PosX|90.1005|PosY|109.8995|PosZ|0.0000|68537766c75abe51
261|2026-09-18T22:43:26.6890000-04:00|Change|4000789E|BNpcNameID|1E0B|Heading|-0.0000|Name|Chaos|PosX|90.1005|PosY|109.8995|PosZ|0.0000|4a4d90f0a30b2095
261|2026-09-18T22:43:26.6890000-04:00|Change|400078A1|Heading|-0.0000|PosX|90.1005|PosY|109.8995|PosZ|0.0000|af1c8344ab5f4980
261|2026-09-18T22:43:26.6890000-04:00|Change|4000789F|BNpcNameID|1E0B|Heading|-0.0000|Name|Chaos|PosX|90.1005|PosY|109.8995|PosZ|0.0000|7339f5f921028262
261|2026-09-18T22:43:26.6890000-04:00|Change|400078A0|Heading|-0.0000|PosX|90.1005|PosY|109.8995|PosZ|0.0000|01fb511fb3317997
261|2026-09-18T22:43:26.6890000-04:00|Change|4000789C|BNpcNameID|1E0B|Heading|-0.0000|Name|Chaos|PosX|90.1005|PosY|109.8995|PosZ|0.0000|bc0e60b1e85f54c9
03|2026-09-18T22:43:26.7150000-04:00|4000789D|Chaos|00|1|0000|00||7691|9020|44|44|0|10000|||90.10|109.90|0.00|-0.00|31b348bb72f14c7b
03|2026-09-18T22:43:26.7150000-04:00|4000789E|Chaos|00|1|0000|00||7691|9020|44|44|0|10000|||90.10|109.90|0.00|-0.00|0ba6d7f8773fb2d6
03|2026-09-18T22:43:26.7150000-04:00|4000789F|Chaos|00|1|0000|00||7691|9020|44|44|0|10000|||90.10|109.90|0.00|-0.00|8de3b47be7d8e89e
03|2026-09-18T22:43:26.7150000-04:00|4000789C|Chaos|00|1|0000|00||7691|9020|44|44|0|10000|||90.10|109.90|0.00|-0.00|92a2d7474149be91
37|2026-09-18T22:43:26.6540000-04:00|40007DC7|Exdeath|00003430|26359937||||||93.18|106.27|0.00|1.76|a2f485d672972504
270|2026-09-18T22:43:26.6540000-04:00|40007EB6|2.4407|0002|0014|101.8844|97.8866|0.1983|e038aa05fc001d1f
271|2026-09-18T22:43:26.6990000-04:00|400078A3|-0.0000|00|00|90.1005|109.8995|-0.0000|7e8e2be9544568fb
271|2026-09-18T22:43:26.6990000-04:00|400078A2|-0.0000|00|00|90.1005|109.8995|-0.0000|9d92fa5591cc9374
271|2026-09-18T22:43:26.6990000-04:00|400078A1|-0.0000|00|00|90.1005|109.8995|-0.0000|224f75dc073450aa
271|2026-09-18T22:43:26.6990000-04:00|400078A0|-0.0000|00|00|90.1005|109.8995|-0.0000|ffde91f8366d58b6
271|2026-09-18T22:43:26.6990000-04:00|4000789F|-0.0000|00|00|90.1005|109.8995|-0.0000|e35282d6189b3b79
271|2026-09-18T22:43:26.6990000-04:00|4000789E|-0.0000|00|00|90.1005|109.8995|-0.0000|877eceb87dca2e61
271|2026-09-18T22:43:26.6990000-04:00|4000789D|-0.0000|00|00|90.1005|109.8995|-0.0000|d86586ee64129386
271|2026-09-18T22:43:26.6990000-04:00|4000789C|-0.0000|00|00|90.1005|109.8995|-0.0000|90fde1bfbb834b74
22|2026-09-18T22:43:26.7900000-04:00|4000789C|Chaos|BAF8|Cyclone|1003D574|Zephyra Hana|350003|0|FF0E|41C0000|1B|BAF88000|0|0|0|0|0|0|0|0|0|0|205207|205207|8857|10000|||101.15|95.32|-0.00|2.17|44|44|0|10000|||90.10|109.90|0.00|-0.00|00003436|0|8|00||01|BAF8|BAF8|1.100|7FFF|7e6c54a447905515
22|2026-09-18T22:43:26.7900000-04:00|4000789C|Chaos|BAF8|Cyclone|1004F18C|Abnar Fae|350003|0|FF0E|41C0000|1B|BAF88000|0|0|0|0|0|0|0|0|0|0|325333|325333|10000|10000|||100.99|96.12|-0.02|2.34|44|44|0|10000|||90.10|109.90|0.00|-0.00|00003436|1|8|00||01|BAF8|BAF8|1.100|7FFF|f85d32389e697853
22|2026-09-18T22:43:26.7900000-04:00|4000789C|Chaos|BAF8|Cyclone|1008A3F8|Vittorio Dravorn|350003|0|FF0E|41C0000|1B|BAF88000|0|0|0|0|0|0|0|0|0|0|325090|325090|6800|10000|||101.88|97.09|-0.00|-0.76|44|44|0|10000|||90.10|109.90|0.00|-0.00|00003436|2|8|00||01|BAF8|BAF8|1.100|7FFF|bbf2f667fad326fe
22|2026-09-18T22:43:26.7900000-04:00|4000789C|Chaos|BAF8|Cyclone|100B07FE|Erynd Altansarr|350003|0|FF0E|41C0000|1B|BAF88000|0|0|0|0|0|0|0|0|0|0|226668|226668|10000|10000|||102.24|97.07|-0.00|2.40|44|44|0|10000|||90.10|109.90|0.00|-0.00|00003436|3|8|00||01|BAF8|BAF8|1.100|7FFF|d6f2eaab8e618b96
22|2026-09-18T22:43:26.7900000-04:00|4000789C|Chaos|BAF8|Cyclone|10097AAF|Cora Fenix|350003|0|FF0E|41C0000|1B|BAF88000|0|0|0|0|0|0|0|0|0|0|205177|205177|2400|10000|||99.84|94.50|-0.02|-2.39|44|44|0|10000|||90.10|109.90|0.00|-0.00|00003436|4|8|00||01|BAF8|BAF8|1.100|7FFF|7eb4a676904cd26a
22|2026-09-18T22:43:26.7900000-04:00|4000789C|Chaos|BAF8|Cyclone|1007690F|Nonohiko Kojama|350003|0|FF0E|41C0000|1B|BAF88000|0|0|0|0|0|0|0|0|0|0|226488|226488|10000|10000|||101.55|98.04|-0.00|-0.79|44|44|0|10000|||90.10|109.90|0.00|-0.00|00003436|5|8|00||01|BAF8|BAF8|1.100|7FFF|ac577619ba314d69
22|2026-09-18T22:43:26.7900000-04:00|4000789C|Chaos|BAF8|Cyclone|100F0C23|Ami Han|350003|0|FF0E|41C0000|1B|BAF88000|0|0|0|0|0|0|0|0|0|0|226668|226668|10000|10000|||102.28|97.86|-0.00|2.50|44|44|0|10000|||90.10|109.90|0.00|-0.00|00003436|6|8|00||01|BAF8|BAF8|1.100|7FFF|233b7a3dba736588
22|2026-09-18T22:43:26.7900000-04:00|4000789C|Chaos|BAF8|Cyclone|10020C04|Minda Silva|350003|0|FF0E|41C0000|1B|BAF88000|0|0|0|0|0|0|0|0|0|0|204515|204515|6350|10000|||103.77|98.54|0.00|0.86|44|44|0|10000|||90.10|109.90|0.00|-0.00|00003436|7|8|00||01|BAF8|BAF8|1.100|7FFF|b07397628fbb5c2b
264|2026-09-18T22:43:26.7900000-04:00|4000789C|BAF8|00003436|1|-0.015|-0.015|-0.015|-0.000|1003D574|a7e0c7f261db1a8d
36|2026-09-18T22:43:26.7900000-04:00|02E4|3|e5c82a6ddad3a116
36|2026-09-18T22:43:26.7900000-04:00|0410|3|8180f0c17fe3a8cd
22|2026-09-18T22:43:26.7900000-04:00|4000789D|Chaos|BAF8|Cyclone|10097AAF|Cora Fenix|350003|0|FF000014|41C0000|1B|BAF88000|0|0|0|0|0|0|0|0|0|0|205177|205177|2400|10000|||99.84|94.50|-0.02|-2.39|44|44|0|10000|||90.10|109.90|0.00|-0.00|00003437|0|7|00||01|BAF8|BAF8|1.100|7FFF|2c9a00566ce38fff
22|2026-09-18T22:43:26.7900000-04:00|4000789D|Chaos|BAF8|Cyclone|1003D574|Zephyra Hana|350003|0|FF000014|41C0000|1B|BAF88000|0|0|0|0|0|0|0|0|0|0|205207|205207|8857|10000|||101.15|95.32|-0.00|2.17|44|44|0|10000|||90.10|109.90|0.00|-0.00|00003437|1|7|00||01|BAF8|BAF8|1.100|7FFF|243593356aa9e350
22|2026-09-18T22:43:26.7900000-04:00|4000789D|Chaos|BAF8|Cyclone|1004F18C|Abnar Fae|350003|0|FF000014|41C0000|1B|BAF88000|0|0|0|0|0|0|0|0|0|0|325333|325333|10000|10000|||100.99|96.12|-0.02|2.34|44|44|0|10000|||90.10|109.90|0.00|-0.00|00003437|2|7|00||01|BAF8|BAF8|1.100|7FFF|4be1d113e95ba081
22|2026-09-18T22:43:26.7900000-04:00|4000789D|Chaos|BAF8|Cyclone|1008A3F8|Vittorio Dravorn|350003|0|FF000014|41C0000|1B|BAF88000|0|0|0|0|0|0|0|0|0|0|325090|325090|6800|10000|||101.88|97.09|-0.00|-0.76|44|44|0|10000|||90.10|109.90|0.00|-0.00|00003437|3|7|00||01|BAF8|BAF8|1.100|7FFF|eb6355f7370a32b2
22|2026-09-18T22:43:26.7900000-04:00|4000789D|Chaos|BAF8|Cyclone|100B07FE|Erynd Altansarr|350003|7C20000|FF000014|41C0000|1B|BAF88000|0|0|0|0|0|0|0|0|0|0|226668|226668|10000|10000|||102.24|97.07|-0.00|2.40|44|44|0|10000|||90.10|109.90|0.00|-0.00|00003437|4|7|00||01|BAF8|BAF8|1.100|7FFF|473c1c781050fde3
22|2026-09-18T22:43:26.7900000-04:00|4000789D|Chaos|BAF8|Cyclone|1007690F|Nonohiko Kojama|350003|0|FF000014|41C0000|1B|BAF88000|0|0|0|0|0|0|0|0|0|0|226488|226488|10000|10000|||101.55|98.04|-0.00|-0.79|44|44|0|10000|||90.10|109.90|0.00|-0.00|00003437|5|7|00||01|BAF8|BAF8|1.100|7FFF|edbb31f081ace6e1
22|2026-09-18T22:43:26.7900000-04:00|4000789D|Chaos|BAF8|Cyclone|100F0C23|Ami Han|350003|0|FF000014|41C0000|1B|BAF88000|0|0|0|0|0|0|0|0|0|0|226668|226668|10000|10000|||102.28|97.86|-0.00|2.50|44|44|0|10000|||90.10|109.90|0.00|-0.00|00003437|6|7|00||01|BAF8|BAF8|1.100|7FFF|3908c0f485b9fa94
264|2026-09-18T22:43:26.7900000-04:00|4000789D|BAF8|00003437|1|-0.015|-0.015|-0.015|-0.000|10097AAF|0f217e81c71269e8
22|2026-09-18T22:43:26.7900000-04:00|4000789E|Chaos|BAF8|Cyclone|100B07FE|Erynd Altansarr|350003|67FE0000|FF000014|41C0000|1B|BAF88000|0|0|0|0|0|0|0|0|0|0|226668|226668|10000|10000|||102.24|97.07|-0.00|2.40|44|44|0|10000|||90.10|109.90|0.00|-0.00|00003438|0|8|00||01|BAF8|BAF8|1.100|7FFF|2a9f3f20c2554a33
22|2026-09-18T22:43:26.7900000-04:00|4000789E|Chaos|BAF8|Cyclone|1008A3F8|Vittorio Dravorn|350003|22130000|FF000014|41C0000|1B|BAF88000|0|0|0|0|0|0|0|0|0|0|325090|325090|6800|10000|||101.88|97.09|-0.00|-0.76|44|44|0|10000|||90.10|109.90|0.00|-0.00|00003438|1|8|00||01|BAF8|BAF8|1.100|7FFF|85cdbbe69f7e3f1a
22|2026-09-18T22:43:26.7900000-04:00|4000789E|Chaos|BAF8|Cyclone|100F0C23|Ami Han|350003|69490000|FF000014|41C0000|1B|BAF88000|0|0|0|0|0|0|0|0|0|0|226668|226668|10000|10000|||102.28|97.86|-0.00|2.50|44|44|0|10000|||90.10|109.90|0.00|-0.00|00003438|2|8|00||01|BAF8|BAF8|1.100|7FFF|af76bafe35017007
22|2026-09-18T22:43:26.7900000-04:00|4000789E|Chaos|BAF8|Cyclone|1007690F|Nonohiko Kojama|350003|2D900000|FF000014|41C0000|1B|BAF88000|0|0|0|0|0|0|0|0|0|0|226488|226488|10000|10000|||101.55|98.04|-0.00|-0.79|44|44|0|10000|||90.10|109.90|0.00|-0.00|00003438|3|8|00||01|BAF8|BAF8|1.100|7FFF|887033053c9608cb
22|2026-09-18T22:43:26.7900000-04:00|4000789E|Chaos|BAF8|Cyclone|1004F18C|Abnar Fae|350003|0|FF000014|41C0000|1B|BAF88000|0|0|0|0|0|0|0|0|0|0|325333|325333|10000|10000|||100.99|96.12|-0.02|2.34|44|44|0|10000|||90.10|109.90|0.00|-0.00|00003438|4|8|00||01|BAF8|BAF8|1.100|7FFF|d8bbb18b28e78785
22|2026-09-18T22:43:26.7900000-04:00|4000789E|Chaos|BAF8|Cyclone|10020C04|Minda Silva|350003|0|FF000014|41C0000|1B|BAF88000|0|0|0|0|0|0|0|0|0|0|204515|204515|6350|10000|||103.77|98.54|0.00|0.86|44|44|0|10000|||90.10|109.90|0.00|-0.00|00003438|5|8|00||01|BAF8|BAF8|1.100|7FFF|997b64ccf9b7794e
22|2026-09-18T22:43:26.7900000-04:00|4000789E|Chaos|BAF8|Cyclone|1003D574|Zephyra Hana|350003|5C1D0000|FF000014|41C0000|1B|BAF88000|0|0|0|0|0|0|0|0|0|0|205207|205207|8857|10000|||101.15|95.32|-0.00|2.17|44|44|0|10000|||90.10|109.90|0.00|-0.00|00003438|6|8|00||01|BAF8|BAF8|1.100|7FFF|c9cc7cdab7fba9af
22|2026-09-18T22:43:26.7900000-04:00|4000789E|Chaos|BAF8|Cyclone|10097AAF|Cora Fenix|350003|0|FF000014|41C0000|1B|BAF88000|0|0|0|0|0|0|0|0|0|0|205177|205177|2400|10000|||99.84|94.50|-0.02|-2.39|44|44|0|10000|||90.10|109.90|0.00|-0.00|00003438|7|8|00||01|BAF8|BAF8|1.100|7FFF|357959f888c9706b
264|2026-09-18T22:43:26.7900000-04:00|4000789E|BAF8|00003438|1|-0.015|-0.015|-0.015|-0.000|100B07FE|6a969e26cfb6277b
22|2026-09-18T22:43:26.7900000-04:00|4000789F|Chaos|BAF8|Cyclone|1004F18C|Abnar Fae|350003|1F810000|FF000014|41C0000|1B|BAF88000|0|0|0|0|0|0|0|0|0|0|325333|325333|10000|10000|||100.99|96.12|-0.02|2.34|44|44|0|10000|||90.10|109.90|0.00|-0.00|00003439|0|8|00||01|BAF8|BAF8|1.100|7FFF|8b74fd07e7dd8b5b
22|2026-09-18T22:43:26.7900000-04:00|4000789F|Chaos|BAF8|Cyclone|1003D574|Zephyra Hana|350003|65EB0000|FF000014|41C0000|1B|BAF88000|0|0|0|0|0|0|0|0|0|0|205207|205207|8857|10000|||101.15|95.32|-0.00|2.17|44|44|0|10000|||90.10|109.90|0.00|-0.00|00003439|1|8|00||01|BAF8|BAF8|1.100|7FFF|4cc26b7842c3b64b
22|2026-09-18T22:43:26.7900000-04:00|4000789F|Chaos|BAF8|Cyclone|1008A3F8|Vittorio Dravorn|350003|3FC30000|FF000014|41C0000|1B|BAF88000|0|0|0|0|0|0|0|0|0|0|325090|325090|6800|10000|||101.88|97.09|-0.00|-0.76|44|44|0|10000|||90.10|109.90|0.00|-0.00|00003439|2|8|00||01|BAF8|BAF8|1.100|7FFF|79b8f9a2af228c7a
22|2026-09-18T22:43:26.7900000-04:00|4000789F|Chaos|BAF8|Cyclone|100B07FE|Erynd Altansarr|350003|66E10000|FF000014|41C0000|1B|BAF88000|0|0|0|0|0|0|0|0|0|0|226668|226668|10000|10000|||102.24|97.07|-0.00|2.40|44|44|0|10000|||90.10|109.90|0.00|-0.00|00003439|3|8|00||01|BAF8|BAF8|1.100|7FFF|c0c37a7953f73e72
22|2026-09-18T22:43:26.7900000-04:00|4000789F|Chaos|BAF8|Cyclone|1007690F|Nonohiko Kojama|350003|6DBA0000|FF000014|41C0000|1B|BAF88000|0|0|0|0|0|0|0|0|0|0|226488|226488|10000|10000|||101.55|98.04|-0.00|-0.79|44|44|0|10000|||90.10|109.90|0.00|-0.00|00003439|4|8|00||01|BAF8|BAF8|1.100|7FFF|190e20d2d1e54329
22|2026-09-18T22:43:26.7900000-04:00|4000789F|Chaos|BAF8|Cyclone|100F0C23|Ami Han|350003|6D720000|FF000014|41C0000|1B|BAF88000|0|0|0|0|0|0|0|0|0|0|226668|226668|10000|10000|||102.28|97.86|-0.00|2.50|44|44|0|10000|||90.10|109.90|0.00|-0.00|00003439|5|8|00||01|BAF8|BAF8|1.100|7FFF|8fe41b92fd816320
22|2026-09-18T22:43:26.7900000-04:00|4000789F|Chaos|BAF8|Cyclone|10097AAF|Cora Fenix|350003|0|FF000014|41C0000|1B|BAF88000|0|0|0|0|0|0|0|0|0|0|205177|205177|2400|10000|||99.84|94.50|-0.02|-2.39|44|44|0|10000|||90.10|109.90|0.00|-0.00|00003439|6|8|00||01|BAF8|BAF8|1.100|7FFF|e887b24f3b35b6c9
22|2026-09-18T22:43:26.7900000-04:00|4000789F|Chaos|BAF8|Cyclone|10020C04|Minda Silva|350003|53E50000|FF000014|41C0000|1B|BAF88000|0|0|0|0|0|0|0|0|0|0|204515|204515|6350|10000|||103.77|98.54|0.00|0.86|44|44|0|10000|||90.10|109.90|0.00|-0.00|00003439|7|8|00||01|BAF8|BAF8|1.100|7FFF|478694b1164b6818
264|2026-09-18T22:43:26.7900000-04:00|4000789F|BAF8|00003439|1|-0.015|-0.015|-0.015|-0.000|1004F18C|9cf09257be7cb28c
22|2026-09-18T22:43:26.7900000-04:00|400078A0|Chaos|BAF8|Cyclone|1008A3F8|Vittorio Dravorn|350003|3EDD0000|FF000014|41C0000|1B|BAF88000|0|0|0|0|0|0|0|0|0|0|325090|325090|6800|10000|||101.88|97.09|-0.00|-0.76|44|44|0|10000|||90.10|109.90|0.00|-0.00|0000343A|0|8|00||01|BAF8|BAF8|1.100|7FFF|44370f31be45f2d9
22|2026-09-18T22:43:26.7900000-04:00|400078A0|Chaos|BAF8|Cyclone|100B07FE|Erynd Altansarr|350003|6C3B0000|FF000014|41C0000|1B|BAF88000|0|0|0|0|0|0|0|0|0|0|226668|226668|10000|10000|||102.24|97.07|-0.00|2.40|44|44|0|10000|||90.10|109.90|0.00|-0.00|0000343A|1|8|00||01|BAF8|BAF8|1.100|7FFF|0b9e5e227da0262e
22|2026-09-18T22:43:26.7900000-04:00|400078A0|Chaos|BAF8|Cyclone|100F0C23|Ami Han|350003|69D60000|FF000014|41C0000|1B|BAF88000|0|0|0|0|0|0|0|0|0|0|226668|226668|10000|10000|||102.28|97.86|-0.00|2.50|44|44|0|10000|||90.10|109.90|0.00|-0.00|0000343A|2|8|00||01|BAF8|BAF8|1.100|7FFF|07e09ca1a16f2759
22|2026-09-18T22:43:26.7900000-04:00|400078A0|Chaos|BAF8|Cyclone|1007690F|Nonohiko Kojama|350003|6D9F0000|FF000014|41C0000|1B|BAF88000|0|0|0|0|0|0|0|0|0|0|226488|226488|10000|10000|||101.55|98.04|-0.00|-0.79|44|44|0|10000|||90.10|109.90|0.00|-0.00|0000343A|3|8|00||01|BAF8|BAF8|1.100|7FFF|d01f211f5db197ed
22|2026-09-18T22:43:26.7900000-04:00|400078A0|Chaos|BAF8|Cyclone|1004F18C|Abnar Fae|350003|41390000|FF000014|41C0000|1B|BAF88000|0|0|0|0|0|0|0|0|0|0|325333|325333|10000|10000|||100.99|96.12|-0.02|2.34|44|44|0|10000|||90.10|109.90|0.00|-0.00|0000343A|4|8|00||01|BAF8|BAF8|1.100|7FFF|badfe5d432d98c9c
22|2026-09-18T22:43:26.7900000-04:00|400078A0|Chaos|BAF8|Cyclone|1003D574|Zephyra Hana|350003|630F0000|FF000014|41C0000|1B|BAF88000|0|0|0|0|0|0|0|0|0|0|205207|205207|8857|10000|||101.15|95.32|-0.00|2.17|44|44|0|10000|||90.10|109.90|0.00|-0.00|0000343A|5|8|00||01|BAF8|BAF8|1.100|7FFF|25518c283125cbc8
22|2026-09-18T22:43:26.7900000-04:00|400078A0|Chaos|BAF8|Cyclone|10020C04|Minda Silva|350003|5FAA0000|FF000014|41C0000|1B|BAF88000|0|0|0|0|0|0|0|0|0|0|204515|204515|6350|10000|||103.77|98.54|0.00|0.86|44|44|0|10000|||90.10|109.90|0.00|-0.00|0000343A|6|8|00||01|BAF8|BAF8|1.100|7FFF|c7953fda43789f3c
22|2026-09-18T22:43:26.7900000-04:00|400078A0|Chaos|BAF8|Cyclone|10097AAF|Cora Fenix|350003|4DB60000|FF000014|41C0000|1B|BAF88000|0|0|0|0|0|0|0|0|0|0|205177|205177|2400|10000|||99.84|94.50|-0.02|-2.39|44|44|0|10000|||90.10|109.90|0.00|-0.00|0000343A|7|8|00||01|BAF8|BAF8|1.100|7FFF|7d276a8cc3110245
264|2026-09-18T22:43:26.7900000-04:00|400078A0|BAF8|0000343A|1|-0.015|-0.015|-0.015|-0.000|1008A3F8|26409ba69f578a9e
36|2026-09-18T22:43:26.7900000-04:00|053C|3|366c35650130acdc
36|2026-09-18T22:43:26.7900000-04:00|0668|3|3c307d3e4d5c8d24
36|2026-09-18T22:43:26.7900000-04:00|0794|3|87f7652851229065
22|2026-09-18T22:43:26.7900000-04:00|400078A2|Chaos|BAF8|Cyclone|10020C04|Minda Silva|350003|6C4F0000|FF000014|41C0000|1B|BAF88000|0|0|0|0|0|0|0|0|0|0|204515|204515|6350|10000|||103.77|98.54|0.00|0.86|44|44|0|10000|||90.10|109.90|0.00|-0.00|0000343B|0|7|00||01|BAF8|BAF8|1.100|7FFF|168a73b9e82847aa
22|2026-09-18T22:43:26.7900000-04:00|400078A2|Chaos|BAF8|Cyclone|100F0C23|Ami Han|350003|7AB00000|FF000014|41C0000|1B|BAF88000|0|0|0|0|0|0|0|0|0|0|226668|226668|10000|10000|||102.28|97.86|-0.00|2.50|44|44|0|10000|||90.10|109.90|0.00|-0.00|0000343B|1|7|00||01|BAF8|BAF8|1.100|7FFF|51b296f3bd46a714
22|2026-09-18T22:43:26.7900000-04:00|400078A2|Chaos|BAF8|Cyclone|100B07FE|Erynd Altansarr|350003|74750000|FF000014|41C0000|1B|BAF88000|0|0|0|0|0|0|0|0|0|0|226668|226668|10000|10000|||102.24|97.07|-0.00|2.40|44|44|0|10000|||90.10|109.90|0.00|-0.00|0000343B|2|7|00||01|BAF8|BAF8|1.100|7FFF|20bcedd925002367
22|2026-09-18T22:43:26.7900000-04:00|400078A2|Chaos|BAF8|Cyclone|1007690F|Nonohiko Kojama|350003|7FE00000|FF000014|41C0000|1B|BAF88000|0|0|0|0|0|0|0|0|0|0|226488|226488|10000|10000|||101.55|98.04|-0.00|-0.79|44|44|0|10000|||90.10|109.90|0.00|-0.00|0000343B|3|7|00||01|BAF8|BAF8|1.100|7FFF|0261cf0fe89929f7
22|2026-09-18T22:43:26.7900000-04:00|400078A2|Chaos|BAF8|Cyclone|1008A3F8|Vittorio Dravorn|350003|4A420000|FF000014|41C0000|1B|BAF88000|0|0|0|0|0|0|0|0|0|0|325090|325090|6800|10000|||101.88|97.09|-0.00|-0.76|44|44|0|10000|||90.10|109.90|0.00|-0.00|0000343B|4|7|00||01|BAF8|BAF8|1.100|7FFF|098862db3ecbfada
22|2026-09-18T22:43:26.7900000-04:00|400078A2|Chaos|BAF8|Cyclone|1004F18C|Abnar Fae|350003|4CD30000|FF000014|41C0000|1B|BAF88000|0|0|0|0|0|0|0|0|0|0|325333|325333|10000|10000|||100.99|96.12|-0.02|2.34|44|44|0|10000|||90.10|109.90|0.00|-0.00|0000343B|5|7|00||01|BAF8|BAF8|1.100|7FFF|cbc3720ff0e83550
22|2026-09-18T22:43:26.7900000-04:00|400078A2|Chaos|BAF8|Cyclone|1003D574|Zephyra Hana|350003|722E0000|FF000014|41C0000|1B|BAF88000|0|0|0|0|0|0|0|0|0|0|205207|205207|8857|10000|||101.15|95.32|-0.00|2.17|44|44|0|10000|||90.10|109.90|0.00|-0.00|0000343B|6|7|00||01|BAF8|BAF8|1.100|7FFF|6c4b99c1b21458de
264|2026-09-18T22:43:26.7900000-04:00|400078A2|BAF8|0000343B|1|-0.015|-0.015|-0.015|-0.000|10020C04|080922d9264b3cb3
22|2026-09-18T22:43:26.7900000-04:00|400078A3|Chaos|BAF8|Cyclone|1007690F|Nonohiko Kojama|350003|6C0E0000|FF000014|41C0000|1B|BAF88000|0|0|0|0|0|0|0|0|0|0|226488|226488|10000|10000|||101.55|98.04|-0.00|-0.79|44|44|0|10000|||90.10|109.90|0.00|-0.00|0000343C|0|8|00||01|BAF8|BAF8|1.100|7FFF|46010383a5824252
22|2026-09-18T22:43:26.7900000-04:00|400078A3|Chaos|BAF8|Cyclone|100F0C23|Ami Han|350003|66FE0000|FF000014|41C0000|1B|BAF88000|0|0|0|0|0|0|0|0|0|0|226668|226668|10000|10000|||102.28|97.86|-0.00|2.50|44|44|0|10000|||90.10|109.90|0.00|-0.00|0000343C|1|8|00||01|BAF8|BAF8|1.100|7FFF|acd9b0c22eea7e5a
22|2026-09-18T22:43:26.7900000-04:00|400078A3|Chaos|BAF8|Cyclone|1008A3F8|Vittorio Dravorn|350003|42450000|FF000014|41C0000|1B|BAF88000|0|0|0|0|0|0|0|0|0|0|325090|325090|6800|10000|||101.88|97.09|-0.00|-0.76|44|44|0|10000|||90.10|109.90|0.00|-0.00|0000343C|2|8|00||01|BAF8|BAF8|1.100|7FFF|bb8915251f19a727
22|2026-09-18T22:43:26.7900000-04:00|400078A3|Chaos|BAF8|Cyclone|100B07FE|Erynd Altansarr|350003|6F5D0000|FF000014|41C0000|1B|BAF88000|0|0|0|0|0|0|0|0|0|0|226668|226668|10000|10000|||102.24|97.07|-0.00|2.40|44|44|0|10000|||90.10|109.90|0.00|-0.00|0000343C|3|8|00||01|BAF8|BAF8|1.100|7FFF|ab2b65c1b3d53eb4
22|2026-09-18T22:43:26.7900000-04:00|400078A3|Chaos|BAF8|Cyclone|1004F18C|Abnar Fae|350003|3EB00000|FF000014|41C0000|1B|BAF88000|0|0|0|0|0|0|0|0|0|0|325333|325333|10000|10000|||100.99|96.12|-0.02|2.34|44|44|0|10000|||90.10|109.90|0.00|-0.00|0000343C|4|8|00||01|BAF8|BAF8|1.100|7FFF|47e8ad097c77d5ed
22|2026-09-18T22:43:26.7900000-04:00|400078A3|Chaos|BAF8|Cyclone|10020C04|Minda Silva|350003|63B40000|FF000014|41C0000|1B|BAF88000|0|0|0|0|0|0|0|0|0|0|204515|204515|6350|10000|||103.77|98.54|0.00|0.86|44|44|0|10000|||90.10|109.90|0.00|-0.00|0000343C|5|8|00||01|BAF8|BAF8|1.100|7FFF|890c99e32f513531
22|2026-09-18T22:43:26.7900000-04:00|400078A3|Chaos|BAF8|Cyclone|1003D574|Zephyra Hana|350003|621A0000|FF000014|41C0000|1B|BAF88000|0|0|0|0|0|0|0|0|0|0|205207|205207|8857|10000|||101.15|95.32|-0.00|2.17|44|44|0|10000|||90.10|109.90|0.00|-0.00|0000343C|6|8|00||01|BAF8|BAF8|1.100|7FFF|957d34e83a7fa252
22|2026-09-18T22:43:26.7900000-04:00|400078A3|Chaos|BAF8|Cyclone|10097AAF|Cora Fenix|350003|5F220000|FF000014|41C0000|1B|BAF88000|0|0|0|0|0|0|0|0|0|0|205177|205177|2400|10000|||99.84|94.50|-0.02|-2.39|44|44|0|10000|||90.10|109.90|0.00|-0.00|0000343C|7|8|00||01|BAF8|BAF8|1.100|7FFF|42d945beebebb8f4
264|2026-09-18T22:43:26.7900000-04:00|400078A3|BAF8|0000343C|1|-0.015|-0.015|-0.015|-0.000|1007690F|b5d1653f2040c638
22|2026-09-18T22:43:26.7900000-04:00|400078A1|Chaos|BAF8|Cyclone|100F0C23|Ami Han|350003|6FE40000|FF000014|41C0000|1B|BAF88000|0|0|0|0|0|0|0|0|0|0|226668|226668|10000|10000|||102.28|97.86|-0.00|2.50|44|44|0|10000|||90.10|109.90|0.00|-0.00|0000343D|0|8|00||01|BAF8|BAF8|1.100|7FFF|29a3e1fe9b18c1e3
22|2026-09-18T22:43:26.7900000-04:00|400078A1|Chaos|BAF8|Cyclone|1007690F|Nonohiko Kojama|350003|6CAB0000|FF000014|41C0000|1B|BAF88000|0|0|0|0|0|0|0|0|0|0|226488|226488|10000|10000|||101.55|98.04|-0.00|-0.79|44|44|0|10000|||90.10|109.90|0.00|-0.00|0000343D|1|8|00||01|BAF8|BAF8|1.100|7FFF|9ff1be21f05bbb22
